Sku,Name,Price,Stock,URL,Review,Number_of_Reviews,Image_URL
ASROGRTX3080,ASUS GeForce RTX 3080 Ti Republic of Gamers Strix OC Graphics Card,"$1,999.99",Waiting List Only,https://www.bhphotovideo.comhttps://www.bhphotovideo.com/c/product/1644572-REG/asus_rog_strix_rtx3080ti_o12g_gaming_geforce_rtx_3080_ti.html,5.0,1,./bh1_files/1622709977_1644572.jpg
GIN306TEO8R2,Gigabyte GeForce RTX 3060 Ti EAGLE OC (rev. 2.0) Graphics Card,$529.99,Waiting List Only,https://www.bhphotovideo.comhttps://www.bhphotovideo.com/c/product/1661954-REG/gigabyte_gv_n306teagle_oc_8gd_rev2_0_geforce_rtx_3060_ti.html,5.0,4,./bh1_files/1636653922_1661954.jpg
ASR3060TO82G,ASUS GeForce RTX 3060 Ti Republic of Gamers Strix V2 OC Graphics Card,$669.99,Waiting List Only,https://www.bhphotovideo.comhttps://www.bhphotovideo.com/c/product/1659201-REG/asus_rog_strix_rtx3060ti_o8g_v2_gaming_rog_strix_geforce_rtx.html,5.0,7,https://static.bhphoto.com/images/images345x345/1632142240_1659201.jpg
ASKR3060TO2G,ASUS GeForce RTX 3060 Ti KO V2 OC Edition Graphics Card,$609.99,Waiting List Only,https://www.bhphotovideo.comhttps://www.bhphotovideo.com/c/product/1659198-REG/asus_ko_rtx3060ti_o8g_v2_gaming_ko_geforce_rtx_3060.html,5.0,1,https://static.bhphoto.com/images/images345x345/1635465940_1659198.jpg
AST3060O122G,ASUS GeForce RTX 3060 TUF GAMING V2 OC Graphics Card,$529.99,Waiting List Only,https://www.bhphotovideo.comhttps://www.bhphotovideo.com/c/product/1648769-REG/asus_tuf_rtx3060_o12g_v2_gaming_tuf_gaming_geforce_rtx.html,5.0,3,https://static.bhphoto.com/images/images345x345/1632142240_1648769.jpg
XFRX66XT8LBD,XFX Radeon RX 6600 XT SPEEDSTER QICK 308 BLACK Gaming Graphics Card,$639.99,Waiting List Only,https://www.bhphotovideo.comhttps://www.bhphotovideo.com/c/product/1657927-REG/xfx_rx_66xt8lbdq_radeon_rx_6600_xt.html,4.5,1,https://static.bhphoto.com/images/images345x345/1628678125_1657927.jpg
PNNRA5000,PNY Technologies RTX A5000 Graphics Card,"$2,599.00",In Stock,https://www.bhphotovideo.comhttps://www.bhphotovideo.com/c/product/1644219-REG/pny_technologies_vcnrtxa5000_pb_nvidia_rtx_a5000_graphics.html,5.0,1,https://static.bhphoto.com/images/images345x345/1625142981_1644219.jpg
XFRX6900XTCG,XFX Radeon RX 6900 XT Speedster SWFT 319 CORE Gaming Graphics Card,"$1,699.99",In Stock,https://www.bhphotovideo.comhttps://www.bhphotovideo.com/c/product/1662886-REG/xfx_rx_69xtaqfd9_amd_radeon_rx_6900xt.html,0.0,0,https://static.bhphoto.com/images/images345x345/1635932125_1662886.jpg
ASTR3090O24G,ASUS GeForce RTX 3090 TUF Gaming OC Graphics Card,"$2,219.99",Waiting List Only,https://www.bhphotovideo.comhttps://www.bhphotovideo.com/c/product/1594385-REG/asus_tuf_rtx3090_o24g_gaming_tuf_gaming_rtx_3090.html,5.0,7,https://static.bhphoto.com/images/images345x345/1602856040_1594385.jpg
ASR3090O24GG,ASUS GeForce RTX 3090 Republic of Gamers Strix Gaming OC Graphics Card,"$2,229.99",Waiting List Only,https://www.bhphotovideo.comhttps://www.bhphotovideo.com/c/product/1601764-REG/asus_rog_strix_rtx3090_o24g_gaming_rog_strix_geforce_rtx.html,4.5,5,https://static.bhphoto.com/images/images345x345/1611858954_1601764.jpg
ASTUFRTX3070,ASUS GeForce RTX 3070 Ti TUF Gaming OC Graphics Card,$979.00,Waiting List Only,https://www.bhphotovideo.comhttps://www.bhphotovideo.com/c/product/1645735-REG/asus_tuf_rtx3070ti_o8g_gaming_geforce_rtx_3070_ti.html,5.0,8,https://static.bhphoto.com/images/images345x345/1623314791_1645735.jpg
ASRSR3080OW2,ASUS GeForce RTX 3080 Republic of Gamers Strix White Edition V2 OC Graphics Card,"$1,199.99",Waiting List Only,https://www.bhphotovideo.comhttps://www.bhphotovideo.com/c/product/1663056-REG/asus_rog_strix_rtx3080_o10g_whitev2_rog_strix_geforce_rtx.html,5.0,2,https://static.bhphoto.com/images/en/na500x500.jpg
ASPHR3060122,ASUS GeForce RTX 3060 Phoenix V2 Graphics Card,$499.00,Waiting List Only,https://www.bhphotovideo.comhttps://www.bhphotovideo.com/c/product/1659200-REG/asus_ph_rtx3060_12g_v2_phoenix_geforce_rtx_3060.html,5.0,1,https://static.bhphoto.com/images/images345x345/1629720390_1659200.jpg
MSG308TV3X12,MSI GeForce RTX 3080 Ti VENTUS 3X Graphics Card,"$1,749.99",Waiting List Only,https://www.bhphotovideo.comhttps://www.bhphotovideo.com/c/product/1643279-REG/msi_g308tv3x12c_geforce_rtx_3080_ti.html,5.0,3,https://static.bhphoto.com/images/images345x345/1622882725_1643279.jpg
ASTUFRTX3080,ASUS GeForce RTX 3080 Ti TUF Gaming OC Graphics Card,"$1,949.99",Waiting List Only,https://www.bhphotovideo.comhttps://www.bhphotovideo.com/c/product/1644573-REG/asus_tuf_rtx3080ti_o12g_gaming_geforce_rtx_3080_ti.html,5.0,4,https://static.bhphoto.com/images/images345x345/1622709977_1644573.jpg
PNQRTX4000PB,PNY Technologies Quadro RTX 4000 Graphics Card,$999.99,In Stock,https://www.bhphotovideo.comhttps://www.bhphotovideo.com/c/product/1497881-REG/pny_technologies_vcqrtx4000_pb_nvidia_quadro_rtx_4000.html,5.0,5,https://static.bhphoto.com/images/images345x345/1565270555_1497881.jpg
PNGR30708,PNY Technologies XLR8 Gaming REVEL EPIC-X GeForce RTX 3070 RGB LHR Graphics Card,$899.99,Waiting List Only,https://www.bhphotovideo.comhttps://www.bhphotovideo.com/c/product/1664982-REG/pny_technologies_vcg30708ltfxppb_geforce_rtx_3070_8gb.html,0.0,0,https://static.bhphoto.com/images/images345x345/1636544123_1664982.jpg
MSG308TGXT12,MSI GeForce RTX 3080 Ti GAMING X TRIO Graphics Card,"$1,779.99",Waiting List Only,https://www.bhphotovideo.comhttps://www.bhphotovideo.com/c/product/1643280-REG/msi_g308tgxt12_geforce_rtx_3080_ti.html,4.5,1,https://static.bhphoto.com/images/images345x345/1622882725_1643280.jpg
PNNQP620V22,PNY Technologies Quadro P620 V2 Graphics Card,$199.99,In Stock,https://www.bhphotovideo.comhttps://www.bhphotovideo.com/c/product/1582970-REG/pny_technologies_vcqp620v2_pb_nvidia_quadro_p620_v2.html,4.0,1,https://static.bhphoto.com/images/images345x345/1597160120_1582970.jpg
GIGVN308G,Gigabyte GeForce RTX 3080 Ti GAMING OC Graphics Card,"$1,499.99",Waiting List Only,https://www.bhphotovideo.comhttps://www.bhphotovideo.com/c/product/1644579-REG/gigabyte_gv_n308tgaming_oc_12gd_geforce_rtx_3080_ti.html,5.0,3,https://static.bhphoto.com/images/images345x345/1622712923_1644579.jpg
PNNQP1000V24,PNY Technologies Quadro P1000 V2 Graphics Card,$364.99,In Stock,https://www.bhphotovideo.comhttps://www.bhphotovideo.com/c/product/1582968-REG/pny_technologies_vcqp1000v2_pb_nvidia_quadro_p1000_v2.html,5.0,1,https://static.bhphoto.com/images/images345x345/1597159228_1582968.jpg
ASTR68XTO16G,ASUS Radeon RX 6800 XT TUF GAMING Graphics Card,"$1,199.99",Waiting List Only,https://www.bhphotovideo.comhttps://www.bhphotovideo.com/c/product/1609029-REG/asus_tuf_rx6800xt_o16g_gaming_tuf_gaming_radeon_rx.html,5.0,2,https://static.bhphoto.com/images/en/na500x500.jpg
AMRPW6600,AMD Radeon PRO W6600 Graphics Card,$699.99,In Stock,https://www.bhphotovideo.comhttps://www.bhphotovideo.com/c/product/1648892-REG/amd_100_506208_radeon_pro_w6600_8.html,5.0,3,https://static.bhphoto.com/images/images345x345/1624972078_1648892.jpg
GI3090GGO24G,Gigabyte GeForce RTX 3090 GAMING OC 24G Graphics Card,"$2,199.99",Waiting List Only,https://www.bhphotovideo.comhttps://www.bhphotovideo.com/c/product/1593335-REG/gigabyte_gv_n3090gaming_oc_24gd_geforce_rtx3090_gaming_oc.html,0.0,0,https://static.bhphoto.com/images/images345x345/1600368343_1593335.jpg
GIN3080AX102,Gigabyte GeForce RTX 3080 AORUS XTREME (rev. 2.0) Graphics Card,"$1,199.99",Waiting List Only,https://www.bhphotovideo.comhttps://www.bhphotovideo.com/c/product/1661968-REG/gigabyte_gv_n3080aorus_x_10gd_rev2_0_aorus_geforce_rtx_3080.html,5.0,3,https://static.bhphoto.com/images/images345x345/1636653922_1661968.jpg
GIG3070IGOC8,Gigabyte GeForce RTX 3070 Ti GAMING OC Graphics Card,$869.99,Waiting List Only,https://www.bhphotovideo.comhttps://www.bhphotovideo.com/c/product/1645565-REG/gigabyte_gv_n307tgaming_oc_8gd_geforce_rtx_3070_ti.html,4.5,9,https://static.bhphoto.com/images/images345x345/1623283555_1645565.jpg
MS3060TGZT8L,MSI GeForce RTX 3060 Ti GAMING Z TRIO 8G LHR Graphics Card,$669.99,Waiting List Only,https://www.bhphotovideo.comhttps://www.bhphotovideo.com/c/product/1660028-REG/msi_geforce_rtx_3060_ti.html,5.0,4,https://static.bhphoto.com/images/images345x345/1636036542_1660028.jpg
HE1ME43AT,HP Quadro P400 Graphics Card,$109.00,More on the Way,https://www.bhphotovideo.comhttps://www.bhphotovideo.com/c/product/1364898-REG/hp_1me43at_nvidia_quadro_p400_2gb.html,3.5,6,https://static.bhphoto.com/images/images345x345/1508251082_1364898.jpg
PNNQP400V22,PNY Technologies Quadro P400 V2 Graphics Card,$139.99,In Stock,https://www.bhphotovideo.comhttps://www.bhphotovideo.com/c/product/1582969-REG/pny_technologies_vcqp400v2_pb_nvidia_quadro_p400_v2.html,3.5,2,https://static.bhphoto.com/images/images345x345/1597159228_1582969.jpg
AMRPROWX3200,AMD Radeon Pro WX 3200 Graphics Card,$299.00,In Stock,https://www.bhphotovideo.comhttps://www.bhphotovideo.com/c/product/1527858-REG/amd_100_506115_radeon_pro_wx_3200.html,5.0,3,https://static.bhphoto.com/images/images345x345/1576205728_1527858.jpg
GIGR3090VO24,Gigabyte GeForce RTX 3090 VISION OC Graphics Card,"$2,199.99",Waiting List Only,https://www.bhphotovideo.comhttps://www.bhphotovideo.com/c/product/1606700-REG/gigabyte_gv_n3090vision_oc_24gd_geforce_rtx_3090_vision.html,5.0,5,./bh2_files/1618937227_1606700.jpg
MS6600XTGX8G,MSI Radeon RX 6600 XT GAMING X Graphics Card,$579.99,Waiting List Only,https://www.bhphotovideo.comhttps://www.bhphotovideo.com/c/product/1660030-REG/msi_radeon_rx_6600_xt.html,5.0,6,./bh2_files/1636032925_1660030.jpg
AMWX2100X16,AMD Radeon Pro WX 2100 Graphics Card,$249.00,In Stock,https://www.bhphotovideo.comhttps://www.bhphotovideo.com/c/product/1346308-REG/amd_100_506001_radeon_pro_wx_2100.html,5.0,4,./bh2_files/1498580479_1346308.jpg
ASDR2060O6GE,ASUS Dual GeForce RTX 2060 EVO OC Edition Graphics Card,$469.99,Waiting List Only,https://www.bhphotovideo.comhttps://www.bhphotovideo.com/c/product/1577031-REG/asus_dualrtx2060o6ge_dual_geforce_rtx_2060.html,5.0,8,./bh2_files/1596735370_1577031.jpg
MSR3070TGXT8,MSI GeForce RTX 3070 Ti GAMING X TRIO Graphics Card,$929.99,Waiting List Only,https://www.bhphotovideo.comhttps://www.bhphotovideo.com/c/product/1646809-REG/msi_geforce_rtx_3070_ti.html,5.0,4,./bh2_files/1631575230_1646809.jpg
PNQRTX5000PB,PNY Technologies NVIDIA Quadro RTX 5000 Graphics Card,"$2,499.00",In Stock,https://www.bhphotovideo.comhttps://www.bhphotovideo.com/c/product/1497882-REG/pny_technologies_vcqrtx5000_pb_nvidia_quadro_rtx_5000.html,5.0,1,./bh2_files/1565270555_1497882.jpg
PNG306012GC,PNY Technologies GeForce RTX 3060 XLR8 Gaming REVEL EPIC-X RGB Dual Fan Edition Graphics Card (GPU Only),$629.99,Waiting List Only,https://www.bhphotovideo.comhttps://www.bhphotovideo.com/c/product/1655100-REG/pny_technologies_vcg306012dfxpsb_geforce_rtx_3060_12gb.html,5.0,1,./bh2_files/1628705130_1655100.jpg
HE5JV89AT,HP Quadro RTX 4000 Graphics Card,$980.27,In Stock,https://www.bhphotovideo.comhttps://www.bhphotovideo.com/c/product/1492619-REG/hp_5jv89at_nvidia_quadro_rtx4000_8gb.html,4.0,2,./bh2_files/1562933210_1492619.jpg
AMRPW6800,AMD Radeon PRO W6800 Graphics Card,"$2,195.00",In Stock,https://www.bhphotovideo.comhttps://www.bhphotovideo.com/c/product/1648891-REG/amd_100_506157_radeon_pro_w6800_graphic.html,4.5,4,./bh2_files/1624972078_1648891.jpg
MSG3070GZTL,MSI GeForce RTX 3070 GAMING Z TRIO 8G LHR Graphics Card,$809.99,Waiting List Only,https://www.bhphotovideo.comhttps://www.bhphotovideo.com/c/product/1660675-REG/msi_g3070gztl_geforce_rtx_3070_gaming.html,5.0,2,./bh2_files/1636036542_1660675.jpg
AMRPVII,AMD Radeon Pro VII Graphics Card,"$2,499.00",In Stock,https://www.bhphotovideo.comhttps://www.bhphotovideo.com/c/product/1570531-REG/amd_100_506163_radeon_pro_vii_16gb.html,5.0,4,./bh2_files/1592829325_1570531.jpg
DIHD5450,Diamond Multimedia Radeon HD 5450 PCI Express GDDR3 1GB Video Graphics Card,$59.99,Special Order,https://www.bhphotovideo.comhttps://www.bhphotovideo.com/c/product/845927-REG/Diamond_5450PE31G_Diamond_Radeon_HD_5450.html,4.0,6,./bh2_files/1342720202_845927.jpg
MSG103024PC,MSI GeForce GT 1030 2GD4 LP OC Graphics Card,$114.99,More on the Way,https://www.bhphotovideo.comhttps://www.bhphotovideo.com/c/product/1622394-REG/msi_g103024pc_geforce_gt_1030_2gd4.html,4.0,1,./bh2_files/1613060449_1622394.jpg
HE6YT68AT,HP Radeon Pro WX 3200 Graphics Card (Smart Buy),$229.50,Special Order,https://www.bhphotovideo.comhttps://www.bhphotovideo.com/c/product/1512776-REG/hp_6yt68at_amd_radeon_pro_wx.html,0.0,0,./bh2_files/1575375875_1512776.jpg
AMWX7100,AMD Radeon Pro WX 7100 Graphics Card,$799.99,In Stock,https://www.bhphotovideo.comhttps://www.bhphotovideo.com/c/product/1298000-REG/amd_100_505826_radeon_pro_wx_7100.html,4.5,7,./bh2_files/1479740883_1298000.jpg
MSN210MD1GD3,MSI GeForce 210 N210 Graphics Card,$54.99,Special Order,https://www.bhphotovideo.comhttps://www.bhphotovideo.com/c/product/1404335-REG/msi_n210_md1g_d3_geforce_210_1gb_ddr3.html,0.0,0,./bh2_files/1525187210_1404335.jpg
HE5JW82AT,HP AMD Radeon R7 430 Graphics Card (Smart Buy),$104.11,In Stock,https://www.bhphotovideo.comhttps://www.bhphotovideo.com/c/product/1480558-REG/hp_5jw82at_amd_radeon_r7_430.html,0.0,0,./bh2_files/1559311526_1480558.jpg
PNVCNT400SB,PNY Technologies T400 Low-Profile Graphics Card (GPU Only),$189.00,In Stock,https://www.bhphotovideo.comhttps://www.bhphotovideo.com/c/product/1661751-REG/pny_technologies_vcnt400_sb_nvidia_quadro_t400_graphic.html,0.0,0,./bh2_files/1633390528_1661751.jpg
LE4X60N86660,Lenovo ThinkStation NVIDIA Quadro P1000 Graphics Card with LP Bracket,$401.65,Special Order,https://www.bhphotovideo.comhttps://www.bhphotovideo.com/c/product/1428876-REG/lenovo_4x60n86660_thinkstation_nvidia_quadro_p1000.html,0.0,0,./bh2_files/1543248440_1428876.jpg
HE5JH81AT,HP Quadro RTX 5000 Graphics Card (Smart Buy),"$2,499.99",In Stock,https://www.bhphotovideo.comhttps://www.bhphotovideo.com/c/product/1461739-REG/hp_5jh81at_nvidia_quadro_rtx5000_16gb.html,0.0,0,./bh2_files/1554467804_1461739.jpg
HERTX8000,HP Quadro RTX 8000 Graphics Card,"$5,399.00",In Stock,https://www.bhphotovideo.comhttps://www.bhphotovideo.com/c/product/1497815-REG/hp_6nb51at_nvidia_quadro_rtx8000_48gb.html,5.0,2,./bh2_files/1565191286_1497815.jpg
PNNRA6000,PNY Technologies RTX A6000 Graphics Card,"$5,400.00",In Stock,https://www.bhphotovideo.comhttps://www.bhphotovideo.com/c/product/1607840-REG/pny_technologies_vcnrtxa6000_pb_nvidia_rtx_a6000_graphic.html,3.0,2,./bh2_files/1611830225_1607840.jpg
PNRTXA6000SY,PNY Technologies RTX A6000 Graphics Card and Quadro Sync II Kit,"$7,399.99",In Stock,https://www.bhphotovideo.comhttps://www.bhphotovideo.com/c/product/1656646-REG/pny_technologies_vcnrtxa6000sync_pb_nvidia_quadro_rtx_a6000.html,0.0,0,./bh2_files/1630067722_1656646.jpg
VI54501GB,VisionTek Radeon 5450 Graphics Card,$69.00,Special Order,https://www.bhphotovideo.comhttps://www.bhphotovideo.com/c/product/1232706-REG/visiontek_900860_radeon_5450_graphics_card.html,5.0,1,./bh2_files/1458668082_1232706.jpg
VI54502GB,VisionTek Radeon 5450 Graphics Card,$70.00,Special Order,https://www.bhphotovideo.comhttps://www.bhphotovideo.com/c/product/1232707-REG/visiontek_900861_radeon_5450_graphics_card.html,5.0,1,./bh2_files/1458668082_1232707.jpg
PNT400,PNY Technologies T400 Low-Profile Graphics Card,$179.99,In Stock,https://www.bhphotovideo.comhttps://www.bhphotovideo.com/c/product/1661145-REG/pny_technologies_vcnt400_pb_t400_graphics_card.html,0.0,0,./bh2_files/1633390528_1661145.jpg
HEBM147UT,HP Radeon RX550X Low Profile Graphics Card (Smart Buy),$239.95,Special Order,https://www.bhphotovideo.comhttps://www.bhphotovideo.com/c/product/1495072-REG/hp_5lh79at_amd_radeon_rx550_4gb.html,1.0,1,./bh2_files/1566300078_1495072.jpg
MAM9120LA,Matrox M9120 512MB PCI Express x1 Low-Profile Graphics Card,$359.00,Special Order,https://www.bhphotovideo.comhttps://www.bhphotovideo.com/c/product/819817-REG/Matrox_M9120_E512LAU1F_M9120_512MB_PCI_Express.html,4.5,2,./bh2_files/1317644546_819817.jpg
VIHD77505MGC,VisionTek Radeon HD 7750 5M 4K UHD 5-Monitor Graphics Card,$366.99,Special Order,https://www.bhphotovideo.comhttps://www.bhphotovideo.com/c/product/1075304-REG/visiontek_900690_radeon_hd_7750_graphic.html,5.0,1,./bh2_files/1409320061_1075304.jpg
APMXM52AMA,Apple AMD Radeon Pro W5500X MPX Module,$600.00,Special Order,https://www.bhphotovideo.comhttps://www.bhphotovideo.com/c/product/1576022-REG/apple_mxm52am_a_radeon_pro_w5500x_mpx.html,0.0,0,./bh2_files/1596026856_1576022.jpg
APMW662AMA,Apple AMD Radeon Pro W5700X MPX Module,"$1,000.00",Special Order,https://www.bhphotovideo.comhttps://www.bhphotovideo.com/c/product/1568654-REG/apple_mw662am_a_radeon_pro_w5700x_mpx.html,0.0,0,./bh3_files/1592398303_1568654.jpg
PNR3080T12RE,PNY Technologies GeForce RTX 3080 Ti XLR8 Gaming REVEL EPIC-X RGB Triple Fan Edition Graphics Card,"$1,999.99",Waiting List Only,https://www.bhphotovideo.comhttps://www.bhphotovideo.com/c/product/1647431-REG/pny_technologies_vcg3080t12tfxppb_geforce_rtx_3080_ti.html,4.5,3,./bh3_files/1625146078_1647431.jpg
APMJ073AMA,Apple Radeon Pro W6800X Mpx Module,"$2,800.00",Special Order,https://www.bhphotovideo.comhttps://www.bhphotovideo.com/c/product/1658749-REG/apple_mj073am_a_radeon_pro_w6800x_mpx.html,0.0,0,./bh3_files/1629845185_1658749.jpg
GIGGT7102,Gigabyte GeForce GT 710 Low-Profile Graphics Card,$49.99,More on the Way,https://www.bhphotovideo.comhttps://www.bhphotovideo.com/c/product/1543406-REG/gigabyte_gv_n710d5_2gl_geforce_gt710_ddr5_2gb_graphics.html,0.0,0,./bh3_files/1581614846_1543406.jpg
ZOZT7130420L,ZOTAC GeForce GT 710 ZONE Edition Graphics Card,$59.99,More on the Way,https://www.bhphotovideo.comhttps://www.bhphotovideo.com/c/product/1334574-REG/zotac_zt_71304_20l_geforce_gt_710_zone.html,4.0,4,./bh3_files/1493658815_1334574.jpg
ZOZT7130220L,ZOTAC GeForce GT 710 Graphics Card,$59.99,More on the Way,https://www.bhphotovideo.comhttps://www.bhphotovideo.com/c/product/1221866-REG/zotac_zt_71302_20l_geforce_gt_710_graphics.html,5.0,2,./bh3_files/1455629058_1221866.jpg
MSGT7101GD3H,MSI GeForce GT 710 Low Profile Graphics Card,$67.99,Back-Ordered,https://www.bhphotovideo.comhttps://www.bhphotovideo.com/c/product/1234273-REG/msi_gt_710_1gd3h_lp_geforce_gtx_710_graphics.html,5.0,1,./bh3_files/1456423486_1234273.jpg
GIGT1030LP2,Gigabyte GeForce GT 1030 Low Profile Graphics Card,$84.49,More on the Way,https://www.bhphotovideo.comhttps://www.bhphotovideo.com/c/product/1543419-REG/gigabyte_gv_n1030d5_2gl_geforce_gt_1030_low.html,5.0,2,https://static.bhphoto.com/images/images345x345/1581614846_1543419.jpg
AST10302GCSM,ASUS GeForce GT 1030 Low-Profile Graphics Card,$89.99,More on the Way,https://www.bhphotovideo.comhttps://www.bhphotovideo.com/c/product/1343619-REG/asus_gt1030_2g_csm_geforce_gt_1030_2gb.html,4.5,1,https://static.bhphoto.com/images/images345x345/1497380948_1343619.jpg
MSG10302PC,MSI GeForce GT 1030 2G LP OCV1 Graphics Card,$99.99,New Item - Coming Soon,https://www.bhphotovideo.comhttps://www.bhphotovideo.com/c/product/1622396-REG/msi_g10302pc_geforce_gt_1030_2g.html,0.0,0,https://static.bhphoto.com/images/images345x345/1618932938_1622396.jpg
ASPHGT1030O2,ASUS Phoenix GeForce GT 1030 OC Edition Graphics Card,$99.99,More on the Way,https://www.bhphotovideo.comhttps://www.bhphotovideo.com/c/product/1344710-REG/asus_ph_gt1030_o2g_geforce_gt_1030_2gb.html,5.0,6,https://static.bhphoto.com/images/images345x345/1497871282_1344710.jpg
MSG10302HPC,MSI GeForce GT 1030 2GH LP OC Graphics Card,$99.99,New Item - Coming Soon,https://www.bhphotovideo.comhttps://www.bhphotovideo.com/c/product/1622395-REG/msi_g10302hpc_geforce_gt_1030_2gh.html,0.0,0,https://static.bhphoto.com/images/images345x345/1613060449_1622395.jpg
GIGT1030LD42,Gigabyte GeForce GT 1030 Low Profile D4 2G Graphics Card,$109.99,More on the Way,https://www.bhphotovideo.comhttps://www.bhphotovideo.com/c/product/1645387-REG/gigabyte_gv_n1030d4_2gl_gt_1030_low_profile.html,5.0,1,https://static.bhphoto.com/images/images345x345/1629936345_1645387.jpg
ZOGT730ZONGC,ZOTAC GeForce GT 730 Zone Edition Graphics Card,$115.99,More on the Way,https://www.bhphotovideo.comhttps://www.bhphotovideo.com/c/product/1365547-REG/zotac_zt_71115_20l_geforce_gt_730_zone.html,4.5,1,https://static.bhphoto.com/images/images345x345/1508505824_1365547.jpg
LE4X60N86657,Lenovo ThinkStation NVIDIA Quadro P400 Graphics Card with HP Bracket,$124.32,Special Order,https://www.bhphotovideo.comhttps://www.bhphotovideo.com/c/product/1428874-REG/lenovo_4x60n86657_thinkstation_nvidia_quadro_p400.html,5.0,2,https://static.bhphoto.com/images/images345x345/1543248440_1428874.jpg
PNGT10302,PNY Technologies GeForce GT 1030 Graphics Card,$129.99,More on the Way,https://www.bhphotovideo.comhttps://www.bhphotovideo.com/c/product/1598670-REG/pny_technologies_vcggt10302pb_bb_geforce_gt_1030_2gb.html,4.0,1,https://static.bhphoto.com/images/images345x345/1603125965_1598670.jpg
LE4X60N86656,Lenovo ThinkStation NVIDIA Quadro P400 Graphics Card with LP Bracket,$133.87,Special Order,https://www.bhphotovideo.comhttps://www.bhphotovideo.com/c/product/1428873-REG/lenovo_4x60n86656_thinkstation_nvidia_quadro_p400.html,5.0,1,https://static.bhphoto.com/images/images345x345/1543248440_1428873.jpg
ZOGT1030GC,ZOTAC GeForce GT 1030 Graphics Card,$139.99,More on the Way,https://www.bhphotovideo.comhttps://www.bhphotovideo.com/c/product/1338646-REG/zotac_zt_p10300a_10l_geforce_gt_1030_2gb.html,4.5,6,https://static.bhphoto.com/images/images345x345/1495459408_1338646.jpg
HE5JW82AA,HP AMD Radeon R7 430 Graphics Card,$145.00,Special Order,https://www.bhphotovideo.comhttps://www.bhphotovideo.com/c/product/1480557-REG/hp_5jw82aa_amd_radeon_r7_430.html,0.0,0,https://static.bhphoto.com/images/images345x345/1585237015_1480557.jpg
GIGVN105TD54,Gigabyte GeForce GTX 1050 Ti D5 4G Graphics Card,$155.99,Waiting List Only,https://www.bhphotovideo.comhttps://www.bhphotovideo.com/c/product/1294350-REG/gigabyte_gv_n105td5_4gd_geforce_gtx_1050_ti.html,5.0,1,https://static.bhphoto.com/images/images345x345/1478082968_1294350.jpg
VIRHD7750GC,VisionTek Radeon HD 7750 Small Form Factor Graphics Card with HDMI Outputs,$159.80,Special Order,https://www.bhphotovideo.comhttps://www.bhphotovideo.com/c/product/1114130-REG/visiontek_900574_radeon_hd7750_small_form.html,5.0,1,https://static.bhphoto.com/images/images345x345/1421937332_1114130.jpg
GIG1650O4R2G,Gigabyte GeForce GTX 1650 D6 OC 4G Graphics Card (Rev 2.0),$159.99,Waiting List Only,https://www.bhphotovideo.comhttps://www.bhphotovideo.com/c/product/1582653-REG/gigabyte_gv_n1656oc_4gd_rev2_0_rev2_0_geforce_gtx_1650_oc.html,4.5,2,https://static.bhphoto.com/images/images345x345/1600363260_1582653.jpg
GIG1650O4,Gigabyte GeForce GTX 1650 OC Graphics Card,$169.99,Waiting List Only,https://www.bhphotovideo.comhttps://www.bhphotovideo.com/c/product/1543371-REG/gigabyte_gv_n1650oc_4gd_geforce_gtx_1650_oc.html,5.0,2,https://static.bhphoto.com/images/images345x345/1581598024_1543371.jpg
GIG1650SWO4,Gigabyte GeForce GTX 1650 SUPER WINDFORCE OC Graphics Card,$169.99,Waiting List Only,https://www.bhphotovideo.comhttps://www.bhphotovideo.com/c/product/1543374-REG/gigabyte_gv_n165swf2oc_4gd_geforce_gtx_1650_super.html,4.5,1,https://static.bhphoto.com/images/images345x345/1581598024_1543374.jpg
GIG1650D6WO4,Gigabyte GeForce GTX 1650 D6 WINDFORCE OC (Rev 1.0) Graphics Card,$169.99,Waiting List Only,https://www.bhphotovideo.comhttps://www.bhphotovideo.com/c/product/1559499-REG/gigabyte_gv_n1656wf2oc_4gd_geforce_gtx_1650_d6.html,5.0,3,https://static.bhphoto.com/images/images345x345/1588185389_1559499.jpg
GI1656WF2O42,Gigabyte GeForce GTX 1650 D6 WINDFORCE OC (Rev. 2.0) Graphics Card,$179.99,Waiting List Only,https://www.bhphotovideo.comhttps://www.bhphotovideo.com/c/product/1593331-REG/gigabyte_gv_n1656wf2oc_4gd_rev2_0_geforce_gtx_1650_windforce.html,0.0,0,https://static.bhphoto.com/images/images345x345/1611255920_1593331.jpg
VIH54PVH4H,VisionTek Radeon HD 5570 4-Port HDMI/VHDCI Graphics Card,$179.99,Special Order,https://www.bhphotovideo.comhttps://www.bhphotovideo.com/c/product/1302690-REG/visiontek_900901_hd_5570_4_port_vhdci.html,4.0,1,https://static.bhphoto.com/images/images345x345/1488612936_1302690.jpg
VIRH55701GGC,VisionTek Radeon HD 5570 Graphics Card,$185.06,Special Order,https://www.bhphotovideo.comhttps://www.bhphotovideo.com/c/product/1068007-REG/visiontek_900345_radeon_hd_5570.html,4.0,1,https://static.bhphoto.com/images/images345x345/1409320061_1068007.jpg
GIR5500XTGO4,Gigabyte Radeon RX 5500 XT GAMING OC Graphics card,$189.99,Waiting List Only,https://www.bhphotovideo.comhttps://www.bhphotovideo.com/c/product/1543407-REG/gigabyte_gv_r55xtgaming_oc_4gd_radeon_rx_5500_xt.html,3.0,2,https://static.bhphoto.com/images/images345x345/1581960138_1543407.jpg
ASPGTX1050T4,ASUS Phoenix GeForce GTX 1050 Ti Graphics Card,$199.99,More on the Way,https://www.bhphotovideo.comhttps://www.bhphotovideo.com/c/product/1297871-REG/asus_ph_gtx1050ti_4g_asus_phoenix_gf_gtx.html,5.0,2,https://static.bhphoto.com/images/images345x345/1479404826_1297871.jpg
HET8W13AT,HP Quadro M1000M Graphics Card,$215.00,Special Order,https://www.bhphotovideo.comhttps://www.bhphotovideo.com/c/product/1255728-REG/hp_t8w13at_nvidia_quadro_m1000m_2gb.html,0.0,0,./bh4_files/1470074841_1255728.jpg
MAG55MDDE32,Matrox G550 PCIe x1 32-Bit Graphics Card,$219.00,Special Order,https://www.bhphotovideo.comhttps://www.bhphotovideo.com/c/product/819837-REG/Matrox_G55_MDDE32F_G550_PCIe_x1_32_Bit.html,0.0,0,./bh4_files/1317047300_819837.jpg
PNG1650SSFO,PNY Technologies GeForce GTX 1650 SUPER Single Fan Overclocked Edition Graphics Card,$219.99,Waiting List Only,https://www.bhphotovideo.comhttps://www.bhphotovideo.com/c/product/1598663-REG/pny_technologies_vcg16504ssfppb_o_geforce_gtx_1650_super.html,0.0,0,https://static.bhphoto.com/images/images345x345/1603125387_1598663.jpg
PNG16606GO,PNY Technologies GeForce GTX 1660 XLR8 Gaming Overclocked Edition Graphics Card,$219.99,Waiting List Only,https://www.bhphotovideo.comhttps://www.bhphotovideo.com/c/product/1598665-REG/pny_technologies_vcg16606sfppb_o_geforce_gtx_1660_6gb.html,0.0,0,https://static.bhphoto.com/images/images345x345/1603125387_1598665.jpg
GIRRX5808GR2,Gigabyte Radeon RX 580 GAMING (Rev. 2.0) Graphics Card,$219.99,Waiting List Only,https://www.bhphotovideo.comhttps://www.bhphotovideo.com/c/product/1559781-REG/gigabyte_gv_rx580gaming_8gd_rev2_0_radeon_rx_580_gaming_8g.html,5.0,4,https://static.bhphoto.com/images/images345x345/1588331179_1559781.jpg
ASPG1650O4G,ASUS Phoenix GeForce GTX 1650 OC Edition Graphics Card,$229.99,Waiting List Only,https://www.bhphotovideo.comhttps://www.bhphotovideo.com/c/product/1585942-REG/asus_ph_gtx1650_o4gd6_phoenix_geforce_gtx_1650.html,5.0,3,https://static.bhphoto.com/images/images345x345/1598551545_1585942.jpg
PNG1660SSF,PNY Technologies GeForce GTX 1660 SUPER Single Fan Graphics Card,$229.99,Waiting List Only,https://www.bhphotovideo.comhttps://www.bhphotovideo.com/c/product/1598666-REG/pny_technologies_vcg16606ssfppb_geforce_gtx_1660_super.html,0.0,0,https://static.bhphoto.com/images/images345x345/1603389922_1598666.jpg
PNNT600,PNY Technologies T600 Low-Profile Graphics Card,$249.00,In Stock,https://www.bhphotovideo.comhttps://www.bhphotovideo.com/c/product/1660423-REG/pny_technologies_vcnt600_pb_nvidia_t600_graphic_card.html,5.0,1,https://static.bhphoto.com/images/images345x345/1633390528_1660423.jpg
PNNQT600,PNY Technologies T600 Low-Profile Graphics Card (GPU Only),$249.00,Back-Ordered,https://www.bhphotovideo.comhttps://www.bhphotovideo.com/c/product/1660424-REG/pny_technologies_vcnt600_sb_nvidia_quadro_t600_graphic.html,0.0,0,./bh4_files/1633390528_1660424.jpg
ASGTX1650,ASUS Phoenix GeForce GTX 1650 SUPER OC Graphics Card,$249.99,Waiting List Only,https://www.bhphotovideo.comhttps://www.bhphotovideo.com/c/product/1524555-REG/asus_ph_gtx1650s_o4g_phoenix_geforce_gtx_1650.html,4.5,3,./bh4_files/1575565944_1524555.jpg
ASTUFGTX1650,ASUS TUF Gaming GeForce GTX 1650 SUPER OC Graphics Card,$249.99,Waiting List Only,https://www.bhphotovideo.comhttps://www.bhphotovideo.com/c/product/1524554-REG/asus_tuf_gtx1650s_o4g_gaming_tuf_gaming_geforce_gtx.html,5.0,3,./bh4_files/1575286593_1524554.jpg
MAM9120F,Matrox M9120 512MB PCI Express x16 ATX Graphics Card,$259.00,Special Order,https://www.bhphotovideo.comhttps://www.bhphotovideo.com/c/product/819816-REG/Matrox_M9120_E512F_M9120_512MB_PCI_Express.html,4.5,2,./bh4_files/1317047300_819816.jpg
MSG165D6VXSC,MSI GeForce GTX 1650 D6 VENTUS XS OC Graphics Card,$294.99,Waiting List Only,https://www.bhphotovideo.comhttps://www.bhphotovideo.com/c/product/1620000-REG/msi_g165d6vxsc_geforce_gtx_1650_d6.html,4.0,3,https://static.bhphoto.com/images/images345x345/1629712020_1620000.jpg
MSG1650D6VXO,MSI GeForce GTX 1650 D6 VENTUS XS OCV1 Graphics Card,$294.99,Waiting List Only,https://www.bhphotovideo.comhttps://www.bhphotovideo.com/c/product/1609087-REG/msi_g165d6vxsc1_geforce_gtx_1650_d6.html,0.0,0,./bh4_files/itemImgPlaceholder.jpg
ASPHG1660O6G,ASUS GeForce GTX 1660 Phoenix OC Graphics Card,$299.99,Waiting List Only,https://www.bhphotovideo.comhttps://www.bhphotovideo.com/c/product/1470857-REG/asus_ph_gtx1660_o6g_geforce_gtx_1660_oc.html,5.0,3,./bh4_files/itemImgPlaceholder.jpg
MSGTX1050TI,MSI GeForce GTX 1050 Ti GAMING X 4G Graphics Card,$309.99,In Stock,https://www.bhphotovideo.comhttps://www.bhphotovideo.com/c/product/1292076-REG/msi_gtx_1050_ti_gaming_x_4g_geforce_gtx_1050_ti.html,5.0,2,./bh4_files/itemImgPlaceholder.jpg
HE1ME01AT,HP Quadro P1000 Graphics Card (Smart Buy),$315.02,More on the Way,https://www.bhphotovideo.comhttps://www.bhphotovideo.com/c/product/1364894-REG/hp_1me01at_nvidia_quadro_p1000_4gb.html,0.0,0,./bh4_files/itemImgPlaceholder.jpg
ASPGT166SO6G,ASUS Phoenix GeForce GTX 1660 SUPER OC Graphics Card,$319.99,Waiting List Only,https://www.bhphotovideo.comhttps://www.bhphotovideo.com/c/product/1517469-REG/asus_ph_gtx1660s_o6g_phoenix_geforce_gtx_1660.html,5.0,9,./bh4_files/itemImgPlaceholder.jpg
PNG1660S6XGO,PNY Technologies GeForce GTX 1660 SUPER XLR8 Gaming Overclocked Edition Graphics Card,$319.99,Waiting List Only,https://www.bhphotovideo.comhttps://www.bhphotovideo.com/c/product/1598667-REG/pny_technologies_vcg16606ssfppb_o_geforce_gtx_1660_super.html,0.0,0,./bh4_files/itemImgPlaceholder.jpg
ASDG166SO6GE,ASUS Dual GeForce GTX 1660 SUPER OC Graphics Card,$329.99,Waiting List Only,https://www.bhphotovideo.comhttps://www.bhphotovideo.com/c/product/1517468-REG/asus_dual_gtx1660s_o6g_evo_dual_geforce_gtx_1660.html,5.0,3,./bh4_files/itemImgPlaceholder.jpg
ASTUFGTX1660,ASUS TUF Gaming GeForce GTX 1660 SUPER OC Graphics Card,$329.99,Waiting List Only,https://www.bhphotovideo.comhttps://www.bhphotovideo.com/c/product/1524553-REG/asus_tuf_gtx1660s_o6g_gaming_tuf_gaming_geforce_gtx.html,5.0,7,./bh4_files/itemImgPlaceholder.jpg
ZOZTT16510F1,ZOTAC GAMING GeForce GTX 1650 SUPER Twin Fan Graphics Card,$339.99,Waiting List Only,https://www.bhphotovideo.comhttps://www.bhphotovideo.com/c/product/1522210-REG/zotac_zt_t16510f_10l_gaming_geforce_gtx_1650.html,5.0,1,./bh4_files/itemImgPlaceholder.jpg
AMWX4100,AMD Radeon Pro WX 4100 Graphics Card,$349.99,Back-Ordered,https://www.bhphotovideo.comhttps://www.bhphotovideo.com/c/product/1297998-REG/amd_100_506008_radeon_pro_wx_4100.html,4.0,1,./bh4_files/itemImgPlaceholder.jpg
MAM91381024,Matrox M9138 Low-Profile PCIe x16 Graphic Display Card,$399.95,Special Order,https://www.bhphotovideo.comhttps://www.bhphotovideo.com/c/product/819831-REG/Matrox_M9138_E1024LAF_M9138_Low_Profile_PCIe.html,0.0,0,./bh4_files/itemImgPlaceholder.jpg
LE4X60N86661,Lenovo ThinkStation NVIDIA Quadro P1000 Graphics Card with HP Bracket,$401.65,Special Order,https://www.bhphotovideo.comhttps://www.bhphotovideo.com/c/product/1428877-REG/lenovo_4x60n86661_thinkstation_nvidia_quadro_p1000.html,0.0,0,./bh4_files/itemImgPlaceholder.jpg
GIR57XTGO8G2,Gigabyte Radeon RX 5700 XT GAMING OC (Rev 2.0) Graphics Card,$419.99,Waiting List Only,https://www.bhphotovideo.comhttps://www.bhphotovideo.com/c/product/1593336-REG/gigabyte_gv_r57xtgaming_oc_8gd_rev2_0_radeon_rx_5700_xt.html,5.0,1,./bh4_files/itemImgPlaceholder.jpg
HE6YT68AA,HP Radeon Pro WX 3200 Graphics Card,$428.95,Special Order,https://www.bhphotovideo.comhttps://www.bhphotovideo.com/c/product/1512775-REG/hp_6yt68aa_amd_radeon_pro_wx.html,0.0,0,./bh4_files/itemImgPlaceholder.jpg
ZOT16600K10M,ZOTAC GAMING GeForce GTX 1660 TWIN Fan Graphics Card,$439.99,More on the Way,https://www.bhphotovideo.comhttps://www.bhphotovideo.com/c/product/1507353-REG/zotac_zt_t16600k_10m_geforce_gtx_1660_mini.html,5.0,8,./bh4_files/itemImgPlaceholder.jpg
ASRSR5600XTP,ASUS Republic of Gamers Strix Radeon RX 5600 XT TOP Edition Gaming Graphics Card,$449.99,Waiting List Only,https://www.bhphotovideo.comhttps://www.bhphotovideo.com/c/product/1622273-REG/asus_90yv0eb2_m0aa00_rog_strix_amd_radeon.html,5.0,8,./bh4_files/itemImgPlaceholder.jpg
GIGFN3060E,Gigabyte GeForce RTX 3060 Eagle OC 12G Graphics Card,$459.99,Waiting List Only,https://www.bhphotovideo.comhttps://www.bhphotovideo.com/c/product/1625933-REG/gigabyte_gv_n3060eagle_oc_12gd_geforce_rtx_3060_eagle.html,0.0,0,./bh4_files/itemImgPlaceholder.jpg
GIGFN3060E,Gigabyte GeForce RTX 3060 Eagle OC 12G Graphics Card,$459.99,Waiting List Only,https://www.bhphotovideo.comhttps://www.bhphotovideo.com/c/product/1625933-REG/gigabyte_gv_n3060eagle_oc_12gd_geforce_rtx_3060_eagle.html,0.0,0,./bh5_files/1614254020_1625933.jpg
ASDR3060O122,ASUS GeForce RTX 3060 Dual V2 OC Graphics Card,$469.99,Waiting List Only,https://www.bhphotovideo.comhttps://www.bhphotovideo.com/c/product/1660417-REG/asus_dual_rtx3060_o12g_v2_dual_geforce_rtx_3060.html,0.0,0,./bh5_files/1631646328_1660417.jpg
ASPHRTX3060,ASUS GeForce RTX 3060 Phoenix Graphics Card,$479.99,Waiting List Only,https://www.bhphotovideo.comhttps://www.bhphotovideo.com/c/product/1644571-REG/asus_ph_rtx3060_12g_geforce_rtx_3060_phoenix.html,0.0,0,./bh5_files/1622709977_1644571.jpg
PNNQP2200,PNY Technologies Quadro P2200 Graphics Card,$489.99,More on the Way,https://www.bhphotovideo.comhttps://www.bhphotovideo.com/c/product/1514247-REG/pny_technologies_vcqp2200_sb_nvidia_quadro_p2200_graphics.html,5.0,5,./bh5_files/1598524522_1514247.jpg
PNR306012RES,PNY Technologies GeForce RTX 3060 XLR8 Gaming REVEL EPIC-X RGB Single Fan Edition Graphics Card,$489.99,Waiting List Only,https://www.bhphotovideo.comhttps://www.bhphotovideo.com/c/product/1627142-REG/pny_technologies_vcg306012sfxppb_geforce_rtx_3060_12gb.html,5.0,2,./bh5_files/1618242332_1627142.jpg
AMWW5500,AMD Radeon Pro W5500 Graphics Card,$499.00,Back-Ordered,https://www.bhphotovideo.comhttps://www.bhphotovideo.com/c/product/1553148-REG/amd_100_506095_radeon_pro_w5500_8.html,3.0,8,https://static.bhphoto.com/images/images345x345/1585849071_1553148.jpg
PNNQT1000,PNY Technologies T1000 Low-Profile Graphics Card,$499.00,New Item - Coming Soon,https://www.bhphotovideo.comhttps://www.bhphotovideo.com/c/product/1655101-REG/pny_technologies_vcnt1000_sb_nvidia_quadro_t1000_graphic.html,0.0,0,./bh5_files/1631631934_1655101.jpg
AMWX5100,AMD Radeon Pro WX 5100 Graphics Card,$499.00,Back-Ordered,https://www.bhphotovideo.comhttps://www.bhphotovideo.com/c/product/1297999-REG/amd_100_505940_radeon_pro_wx_5100.html,5.0,2,./bh5_files/1479740883_1297999.jpg
GIGFN3060V,Gigabyte GeForce RTX 3060 Vision OC 12G Graphics Card,$499.99,Waiting List Only,https://www.bhphotovideo.comhttps://www.bhphotovideo.com/c/product/1625931-REG/gigabyte_gv_n3060vision_oc_12gd_geforce_rtx_3060_vision.html,5.0,4,./bh5_files/1614254020_1625931.jpg
GIGFN3060G,Gigabyte GeForce RTX 3060 Gaming OC 12G Graphics Card,$499.99,Waiting List Only,https://www.bhphotovideo.comhttps://www.bhphotovideo.com/c/product/1625932-REG/gigabyte_gv_n3060gaming_oc_12gd_geforce_rtx_3060_gaming.html,5.0,8,./bh5_files/1614254020_1625932.jpg
PNR306012RED,PNY Technologies GeForce RTX 3060 XLR8 Gaming REVEL EPIC-X RGB Dual Fan Edition Graphics Card,$499.99,Waiting List Only,https://www.bhphotovideo.comhttps://www.bhphotovideo.com/c/product/1627141-REG/pny_technologies_vcg306012dfxppb_geforce_rtx_3060_12gb.html,5.0,3,https://static.bhphoto.com/images/images345x345/1618242332_1627141.jpg
ASDLRX66008G,ASUS Dual Radeon RX 6600 Graphics Card,$499.99,More on the Way,https://www.bhphotovideo.comhttps://www.bhphotovideo.com/c/product/1667506-REG/asus_dual_rx6600_8g_dual_radeon_rx_6600.html,0.0,0,https://static.bhphoto.com/images/images345x345/1634687429_1667506.jpg
GIR6600XGOP8,Gigabyte Radeon RX 6600 XT GAMING OC PRO 8G Graphics Card,$499.99,Waiting List Only,https://www.bhphotovideo.comhttps://www.bhphotovideo.com/c/product/1662265-REG/gigabyte_gv_r66xtgamingoc_pro_8gd_g10_radeon_rx_6600_xt.html,5.0,1,https://static.bhphoto.com/images/images345x345/1634597423_1662265.jpg
MSG3060V2X12,MSI GeForce RTX 3060 VENTUS 2X OC Graphics Card,$504.99,Waiting List Only,https://www.bhphotovideo.comhttps://www.bhphotovideo.com/c/product/1622182-REG/msi_g3060v2x12c_geforce_rtx_3060_ventus.html,0.0,0,https://static.bhphoto.com/images/images345x345/1614254020_1622182.jpg
MSG3060V3X12,MSI GeForce RTX 3060 VENTUS 3X OC Graphics Card,$514.99,Waiting List Only,https://www.bhphotovideo.comhttps://www.bhphotovideo.com/c/product/1622181-REG/msi_g3060v3x12c_geforce_rtx_3060_ventus.html,0.0,0,https://static.bhphoto.com/images/images345x345/1614254020_1622181.jpg
GIGFN3060A,Gigabyte AORUS GeForce RTX 3060 ELITE 12G Graphics Card,$519.99,Waiting List Only,https://www.bhphotovideo.comhttps://www.bhphotovideo.com/c/product/1625930-REG/gigabyte_gv_n3060aorus_e_12gd_aorus_geforce_rtx_3060.html,5.0,3,https://static.bhphoto.com/images/images345x345/1618250747_1625930.jpg
ZOA30600H,ZOTAC GAMING GeForce RTX 3060 Twin Edge OC Graphics Card,$519.99,Waiting List Only,https://www.bhphotovideo.comhttps://www.bhphotovideo.com/c/product/1622922-REG/zotac_zt_a30600h_10m_gaming_geforce_rtx_3060.html,5.0,1,https://static.bhphoto.com/images/images345x345/1614254020_1622922.jpg
ZOZTA30610E1,ZOTAC GAMING GeForce RTX 3060 Ti Twin Edge Graphics Card,$529.99,Waiting List Only,https://www.bhphotovideo.comhttps://www.bhphotovideo.com/c/product/1608081-REG/zotac_zt_a30610e_10m_gaming_geforce_rtx_3060.html,5.0,1,https://static.bhphoto.com/images/images345x345/1608640546_1608081.jpg
MSG3060GX12,MSI GeForce RTX 3060 GAMING X Graphics Card,$534.99,Waiting List Only,https://www.bhphotovideo.comhttps://www.bhphotovideo.com/c/product/1622180-REG/msi_g3060gx12_geforce_rtx_3060_gaming.html,5.0,9,https://static.bhphoto.com/images/images345x345/1614254020_1622180.jpg
ASRSR3060O2G,ASUS GeForce RTX 3060 Republic of Gamers Strix V2 OC Graphics Card,$549.99,New Item - Coming Soon,https://www.bhphotovideo.comhttps://www.bhphotovideo.com/c/product/1658520-REG/asus_rog_strix_rtx3060_o12g_v2_gaming_rog_strix_geforce_rtx.html,0.0,0,https://static.bhphoto.com/images/en/na500x500.jpg
XFRX66XL8LFD,XFX Radeon RX 6600 SPEEDSTER SWFT 210 CORE Gaming Graphics Card,$549.99,More on the Way,https://www.bhphotovideo.comhttps://www.bhphotovideo.com/c/product/1666752-REG/xfx_rx_66xl8lfdq_radeon_rx_6600_speedster.html,4.5,3,https://static.bhphoto.com/images/images345x345/1634082330_1666752.jpg
HE9GC16AT,HP Radeon Pro W5500 Graphics Card (Smart Buy),$552.16,More on the Way,https://www.bhphotovideo.comhttps://www.bhphotovideo.com/c/product/1630594-REG/hp_9gc16at_smart_buy_amd_radeon.html,0.0,0,https://static.bhphoto.com/images/images345x345/1619479276_1630594.jpg
MSG3060GXT12,MSI GeForce RTX 3060 GAMING X TRIO Graphics Card,$559.99,Waiting List Only,https://www.bhphotovideo.comhttps://www.bhphotovideo.com/c/product/1622179-REG/msi_g3060gxt12_geforce_rtx_3060_gaming.html,5.0,9,https://static.bhphoto.com/images/images345x345/1614254020_1622179.jpg
PNR3060T8GRE,PNY Technologies RTX 3060 Ti XLR8 Gaming REVEL EPIC-X RGB Graphics Card,$564.99,Waiting List Only,https://www.bhphotovideo.comhttps://www.bhphotovideo.com/c/product/1609440-REG/pny_technologies_vcg3060t8dfxppb_geforce_rtx_3060_ti.html,0.0,0,https://static.bhphoto.com/images/images345x345/1612269326_1609440.jpg
GIGF3060EOC,Gigabyte GeForce RTX 3060 Ti EAGLE OC Graphics Card,$579.99,Waiting List Only,https://www.bhphotovideo.comhttps://www.bhphotovideo.com/c/product/1606948-REG/gigabyte_gv_n306teagle_oc_8gd_rtx_3060_ti_eagle.html,4.0,1,https://static.bhphoto.com/images/images345x345/1608222164_1606948.jpg
ASDR3060TOG2,ASUS GeForce RTX 3060 Ti Dual V2 OC Graphics Card,$579.99,Waiting List Only,https://www.bhphotovideo.comhttps://www.bhphotovideo.com/c/product/1657711-REG/asus_dual_rtx3060ti_o8g_v2_dual_geforce_rtx_3060.html,5.0,1,https://static.bhphoto.com/images/images345x345/1631660727_1657711.jpg
PAFZVGT551W,Panasonic Dedicated Graphics xPAK,$591.95,Special Order,https://www.bhphotovideo.comhttps://www.bhphotovideo.com/c/product/1547561-REG/panasonic_fz_vgt551w_dedicated_graphics_xpak_for.html,0.0,0,https://static.bhphoto.com/images/images345x345/1583768199_1547561.jpg
MAM91481024,Matrox M9148 Low-Profile PCIe x16 Graphic Display Card,$599.00,Special Order,https://www.bhphotovideo.comhttps://www.bhphotovideo.com/c/product/819835-REG/Matrox_M9148_E1024LAF_M9148_Low_Profile_PCIe.html,0.0,0,https://static.bhphoto.com/images/images345x345/1317644546_819835.jpg
GIG3070IE8,Gigabyte GeForce RTX 3070 Ti EAGLE Graphics Card,$599.99,Waiting List Only,https://www.bhphotovideo.comhttps://www.bhphotovideo.com/c/product/1645567-REG/gigabyte_gv_n307teagle_8gd_geforce_rtx_3070_ti.html,0.0,0,https://static.bhphoto.com/images/images345x345/1623283555_1645567.jpg
ZOGR3070TEGC,ZOTAC GAMING GeForce RTX 3070 Twin Edge Graphics Card,$619.99,Waiting List Only,https://www.bhphotovideo.comhttps://www.bhphotovideo.com/c/product/1592968-REG/zotac_zt_a30700e_10p_gaming_geforce_rtx_3070.html,4.5,5,https://static.bhphoto.com/images/images345x345/1603961168_1592968.jpg
ASTR3060TO2G,ASUS GeForce RTX 3060 Ti TUF Gaming V2 OC Graphics Card,$619.99,Waiting List Only,https://www.bhphotovideo.comhttps://www.bhphotovideo.com/c/product/1657712-REG/asus_tuf_rtx3060ti_o8g_v2_gaming_tuf_gaming_geforce_rtx.html,5.0,3,./bh6_files/na500x500.jpg
GIR3060TGOP8,Gigabyte GeForce RTX 3060 Ti GAMING OC PRO (rev. 2.0) Graphics Card,$619.99,Waiting List Only,https://www.bhphotovideo.comhttps://www.bhphotovideo.com/c/product/1631604-REG/gigabyte_gv_n306tgamingoc_pro_8gd_r2_geforce_rtx_3060_ti.html,5.0,2,./bh6_files/1619480121_1631604.jpg
PNGR3060T8,PNY Technologies GeForce RTX 3060 Ti UPRISING Graphics Card,$621.99,Waiting List Only,https://www.bhphotovideo.comhttps://www.bhphotovideo.com/c/product/1612141-REG/pny_technologies_vcg3060t8dfmpb_geforce_rtx_3060_ti.html,5.0,1,./bh6_files/1613743558_1612141.jpg
ZOZTA30610H1,ZOTAC GAMING GeForce RTX 3060 Ti Twin Edge OC Graphics Card,$629.99,Waiting List Only,https://www.bhphotovideo.comhttps://www.bhphotovideo.com/c/product/1608111-REG/zotac_zt_a30610h_10m_gaming_geforce_rtx_3060.html,5.0,5,./bh6_files/1608640546_1608111.jpg
MAC4204GB,Matrox C420 Graphics Card,$639.00,Special Order,https://www.bhphotovideo.comhttps://www.bhphotovideo.com/c/product/1475558-REG/matrox_c420_e4gblaf_c420_graphic_card.html,0.0,0,./bh6_files/1559647213_1475558.jpg
MAM91400512,Matrox M9140 Low-Profile PCIe x16 Graphic Display Card,$639.95,Special Order,https://www.bhphotovideo.comhttps://www.bhphotovideo.com/c/product/819833-REG/Matrox_M9140_E512LAF_M9140_Low_Profile_PCIe.html,0.0,0,./bh6_files/1317644546_819833.jpg
PNCNRTXA2000,PNY Technologies RTX A2000 Graphics Card,$649.99,Back-Ordered,https://www.bhphotovideo.comhttps://www.bhphotovideo.com/c/product/1664767-REG/pny_technologies_vcnrtxa2000_pb_rtx_a2000_graphic_card.html,0.0,0,./bh6_files/1636555537_1664767.jpg
PNGR3070EXGC,PNY Technologies XLR8 Gaming REVEL EPIC-X GeForce RTX 3070 RGB Graphics Card,$699.99,Waiting List Only,https://www.bhphotovideo.comhttps://www.bhphotovideo.com/c/product/1595984-REG/pny_technologies_vcg30708tfxppb_geforce_rtx_3070_epic_x.html,5.0,7,./bh6_files/1607346340_1595984.jpg
PNGR30708GC,PNY Technologies GeForce RTX 3070 UPRISING Dual Fan Graphics Card,$699.99,Waiting List Only,https://www.bhphotovideo.comhttps://www.bhphotovideo.com/c/product/1595983-REG/pny_technologies_vcg30708dfmpb_geforce_rtx_3070_8gb.html,3.0,2,./bh6_files/1607346340_1595983.jpg
ZOZTA30700H,ZOTAC GAMING GeForce RTX 3070 Twin Edge OC Graphics Card,$719.99,Waiting List Only,https://www.bhphotovideo.comhttps://www.bhphotovideo.com/c/product/1600127-REG/zotac_zt_a30700h_10p_gaming_geforce_rtx_3070.html,5.0,3,./bh6_files/1603961168_1600127.jpg
XFARR6700XQC,XFX Radeon RX 6700 XT SPEEDSTER QICK 319 CORE Gaming Graphics Card,$729.99,More on the Way,https://www.bhphotovideo.comhttps://www.bhphotovideo.com/c/product/1630553-REG/xfx_force_rx_67xtyludp_amd_radeon_rx_6700.html,0.0,0,./bh6_files/1616070105_1630553.jpg
GIR3070GOC8,Gigabyte GeForce RTX 3070 GAMING OC Graphics Card,$749.99,Waiting List Only,https://www.bhphotovideo.comhttps://www.bhphotovideo.com/c/product/1598689-REG/gigabyte_gv_n3070gaming_oc_8gd_geforce_rtx_3070_gaming.html,5.0,1,./bh6_files/1604524816_1598689.jpg
GIGR3070VO8,Gigabyte GeForce RTX 3070 VISION OC Graphics Card,$779.99,Waiting List Only,https://www.bhphotovideo.comhttps://www.bhphotovideo.com/c/product/1606695-REG/gigabyte_gv_n3070vision_oc_8gd_geforce_rtx_3070_vision.html,5.0,1,./bh6_files/1612269326_1606695.jpg
HE1ME01AA,HP Quadro P1000 Graphics Card,$799.00,Special Order,https://www.bhphotovideo.comhttps://www.bhphotovideo.com/c/product/1364893-REG/hp_1me01aa_nvidia_quadro_p1000_4gb.html,0.0,0,./bh6_files/1510241035_1364893.jpg
AMFS400Q,AMD FirePro S400 Synchronization Module,$799.00,Special Order,https://www.bhphotovideo.comhttps://www.bhphotovideo.com/c/product/1238377-REG/sapphire_100_505981_firepro_s400_synchronization_module.html,5.0,1,./bh6_files/1464798043_1238377.jpg
GIAGR3070M8,Gigabyte AORUS GeForce RTX 3070 MASTER Graphics Card,$799.99,Waiting List Only,https://www.bhphotovideo.comhttps://www.bhphotovideo.com/c/product/1606694-REG/gigabyte_gv_n3070aorus_m_8gd_aorus_geforce_rtx_3070.html,4.5,1,./bh6_files/itemImgPlaceholder.jpg
GIG3070IEOC8,Gigabyte GeForce RTX 3070 Ti EAGLE OC Graphics Card,$799.99,Waiting List Only,https://www.bhphotovideo.comhttps://www.bhphotovideo.com/c/product/1645566-REG/gigabyte_gv_n307teagle_oc_8gd_geforce_rtx_3070_ti.html,0.0,0,./bh6_files/itemImgPlaceholder.jpg
ASDUALRX6700,ASUS Dual Radeon RX 6700 XT Graphics Card,$829.99,Waiting List Only,https://www.bhphotovideo.comhttps://www.bhphotovideo.com/c/product/1629867-REG/asus_dual_rx6700xt_12g_dual_radeon_rx_6700.html,0.0,0,./bh6_files/itemImgPlaceholder.jpg
GIR67XTEAG12,Gigabyte Radeon RX 6700 XT EAGLE Graphics Card,$889.99,More on the Way,https://www.bhphotovideo.comhttps://www.bhphotovideo.com/c/product/1634373-REG/gigabyte_gv_r67xteagle_12gd_radeon_rx_6700_xt.html,5.0,3,./bh6_files/itemImgPlaceholder.jpg
GIG3070IVOC8,Gigabyte GeForce RTX 3070 Ti VISION OC Graphics Card,$899.99,Waiting List Only,https://www.bhphotovideo.comhttps://www.bhphotovideo.com/c/product/1645564-REG/gigabyte_gv_n307tvision_oc_8gd_geforce_rtx_3070_ti.html,0.0,0,./bh6_files/itemImgPlaceholder.jpg
ASTUFRX6700X,ASUS TUF Gaming Radeon RX 6700 XT OC Graphics Card,$899.99,More on the Way,https://www.bhphotovideo.comhttps://www.bhphotovideo.com/c/product/1629866-REG/asus_90yv0g80_m0aa00_tuf_gaming_radeon_rx.html,4.5,5,./bh6_files/itemImgPlaceholder.jpg
MSR6700XTGX,MSI Radeon RX 6700 XT GAMING X Graphics Card,$899.99,More on the Way,https://www.bhphotovideo.comhttps://www.bhphotovideo.com/c/product/1631271-REG/msi_r6700xtgx_radeon_rx_6700_xt.html,5.0,1,./bh6_files/itemImgPlaceholder.jpg
ASROGRX6700X,ASUS Republic of Gamers Strix Radeon RX 6700 XT OC Graphics Card,$949.99,More on the Way,https://www.bhphotovideo.comhttps://www.bhphotovideo.com/c/product/1629850-REG/asus_90yv0g81_m0aa00_republic_of_gamers_strix.html,5.0,9,./bh6_files/itemImgPlaceholder.jpg
GIR67XTGOC12,Gigabyte Radeon RX 6700 XT GAMING OC Graphics Card,$959.99,More on the Way,https://www.bhphotovideo.comhttps://www.bhphotovideo.com/c/product/1632761-REG/gigabyte_gv_r67xtgaming_oc_12gd_radeon_rx_6700_xt.html,5.0,1,./bh6_files/itemImgPlaceholder.jpg
HEZ0B14AA,HP Z0B14AA Radeon Pro WX 7100 Graphics Card,$975.00,Special Order,https://www.bhphotovideo.comhttps://www.bhphotovideo.com/c/product/1304129-REG/hp_z0b14aa_radeon_pro_wx_7100.html,0.0,0,./bh6_files/itemImgPlaceholder.jpg
GIG3070IAM8,Gigabyte GeForce RTX 3070 Ti AORUS MASTER Graphics Card,$979.99,Waiting List Only,https://www.bhphotovideo.comhttps://www.bhphotovideo.com/c/product/1645563-REG/gigabyte_gv_n307taorus_m_8gd_geforce_rtx_3070_ti.html,0.0,0,./bh6_files/itemImgPlaceholder.jpg
XFR67XTYPBDP,XFX Radeon RX 6700 XT SPEEDSTER QICK 319 BLACK Gaming Graphics Card,$999.99,More on the Way,https://www.bhphotovideo.comhttps://www.bhphotovideo.com/c/product/1635707-REG/xfx_rx_67xtypbdp_speedster_qick_319_amd.html,5.0,6,./bh6_files/itemImgPlaceholder.jpg
PNR3070T8RE,PNY Technologies GeForce RTX 3070 Ti XLR8 Gaming REVEL EPIC-X RGB Triple Fan Edition Graphics Card,$999.99,Waiting List Only,https://www.bhphotovideo.comhttps://www.bhphotovideo.com/c/product/1647430-REG/pny_technologies_vcg3070t8tfxppb_geforce_rtx_3070_ti.html,5.0,1,./bh6_files/1625143971_1647430.jpg
GIAR67XTE12,Gigabyte Radeon RX 6700 XT AORUS ELITE Graphics Card,"$1,019.99",More on the Way,https://www.bhphotovideo.comhttps://www.bhphotovideo.com/c/product/1632760-REG/gigabyte_gv_r67xtaorus_e_12gd_aorus_radeon_rx_6700.html,5.0,1,./bh6_files/1618937227_1632760.jpg
XFR68XLATBD9,XFX Speedster MERC 319 Radeon RX 6800 BLACK Gaming Graphics Card,"$1,029.99",Waiting List Only,https://www.bhphotovideo.comhttps://www.bhphotovideo.com/c/product/1609792-REG/xfx_force_rx_68xlatbd9_speedster_merc_319_amd.html,5.0,3,./bh6_files/1608656722_1609792.jpg
XFM319AR67XB,XFX Radeon RX 6700 XT SPEEDSTER MERC 319 BLACK Gaming Graphics Card,"$1,049.99",Waiting List Only,https://www.bhphotovideo.comhttps://www.bhphotovideo.com/c/product/1630554-REG/xfx_force_rx_67xtytbdp_merc_319_amd_radeon.html,5.0,2,./bh7_files/1616065550_1630554.jpg
ASTFRX68O16G,ASUS TUF GAMING Radeon RX 6800 Graphics Card,"$1,049.99",Waiting List Only,https://www.bhphotovideo.comhttps://www.bhphotovideo.com/c/product/1609028-REG/asus_tuf_rx6800_o16g_gaming_tuf_gaming_radeon_rx.html,5.0,2,./bh7_files/1613042447_1609028.jpg
GI3080GO10GD,Gigabyte GeForce RTX 3080 GAMING OC Graphics Card,"$1,079.99",Waiting List Only,https://www.bhphotovideo.comhttps://www.bhphotovideo.com/c/product/1593333-REG/gigabyte_gv_n3080gaming_oc_10gd_geforce_rtx_3080_gaming.html,5.0,2,./bh7_files/1600367722_1593333.jpg
ASRSRX68O16G,ASUS Republic of Gamers Strix Radeon RX 6800 Graphics Card,"$1,089.99",Waiting List Only,https://www.bhphotovideo.comhttps://www.bhphotovideo.com/c/product/1609027-REG/asus_rog_strix_rx6800_o16g_gaming_rog_strix_radeon_rx.html,5.0,1,./bh7_files/1613052330_1609027.jpg
AMW5700,AMD Radeon Pro W5700 Graphics Card,"$1,099.99",Back-Ordered,https://www.bhphotovideo.comhttps://www.bhphotovideo.com/c/product/1521630-REG/amd_100_506085_radeon_pro_w5700_graphics.html,5.0,1,./bh7_files/1574272497_1521630.jpg
ASROGRTX3070,ASUS GeForce RTX 3070 Ti Republic of Gamers Strix OC Graphics Card,"$1,099.99",Waiting List Only,https://www.bhphotovideo.comhttps://www.bhphotovideo.com/c/product/1645736-REG/asus_rog_strix_rtx3070ti_o8g_gaming_geforce_rtx_3070_ti.html,4.0,1,./bh7_files/1623314791_1645736.jpg
XFRX6800QBK,XFX Radeon RX 6800 Speedster QICK 319 BLACK Gaming Graphics Card,"$1,099.99",Waiting List Only,https://www.bhphotovideo.comhttps://www.bhphotovideo.com/c/product/1645075-REG/xfx_rx_68xlalbd9_rx_6800_qick_black.html,4.5,3,./bh7_files/1626305725_1645075.jpg
GIAGR3080X10,Gigabyte GeForce RTX 3080 AORUS XTREME Graphics Card,"$1,129.99",Waiting List Only,https://www.bhphotovideo.comhttps://www.bhphotovideo.com/c/product/1599835-REG/gigabyte_gv_n3080aorus_x_10gd_aorus_geforce_rtx_3080.html,5.0,1,./bh7_files/1612269326_1599835.jpg
ASTGR3080V2O,ASUS GeForce RTX 3080 TUF Gaming V2 OC Graphics Card,"$1,149.99",Waiting List Only,https://www.bhphotovideo.comhttps://www.bhphotovideo.com/c/product/1653836-REG/asus_tuf_rtx3080_o10g_v2_gaming_tuf_gaming_geforce_rtx.html,5.0,3,./bh7_files/1629718542_1653836.jpg
GIR68GOC16GD,Gigabyte Radeon RX 6800 Gaming OC Graphics Card,"$1,179.99",More on the Way,https://www.bhphotovideo.comhttps://www.bhphotovideo.com/c/product/1609753-REG/gigabyte_gv_r68gaming_oc_16gd_radeon_rx_6800_gaming.html,0.0,0,./bh7_files/1634597423_1609753.jpg
AMFS7000,AMD FirePro S7000 Server Graphics Card,"$1,218.50",Special Order,https://www.bhphotovideo.comhttps://www.bhphotovideo.com/c/product/1053164-REG/ati_100_505856_firepro_s7000_server_graphics.html,0.0,0,./bh7_files/1406732736_1053164.jpg
MSR6800GXT16,MSI Radeon RX 6800 GAMING X TRIO Graphics Card,"$1,224.99",Waiting List Only,https://www.bhphotovideo.comhttps://www.bhphotovideo.com/c/product/1620003-REG/msi_r6800gxt16_radeon_rx_6800_gaming.html,0.0,0,./bh7_files/1612525826_1620003.jpg
PNQRTX4000,PNY Technologies Quadro RTX 4000 Graphics Card,"$1,249.00",New Item - Coming Soon,https://www.bhphotovideo.comhttps://www.bhphotovideo.com/c/product/1664192-REG/pny_technologies_vcqrtx4000_taa_quadro_rtx_4000_graphic.html,0.0,0,./bh7_files/na500x500.jpg
MSR6800XTGXT,MSI Radeon RX 6800 XT GAMING X TRIO Graphics Card,"$1,329.99",More on the Way,https://www.bhphotovideo.comhttps://www.bhphotovideo.com/c/product/1620004-REG/msi_r6800xtgxt16_radeon_rx_6800_xt.html,4.0,1,./bh7_files/1612526752_1620004.jpg
ASRLR68XO16G,ASUS Republic of Gamers Strix LC Radeon RX 6800 XT OC Edition Gaming Graphics Card,"$1,329.99",Waiting List Only,https://www.bhphotovideo.comhttps://www.bhphotovideo.com/c/product/1609026-REG/asus_rog_strix_lc_rx6800xt_o16g_gaming_rog_strix_lc_radeon.html,3.5,4,./bh7_files/itemImgPlaceholder.jpg
XFARR6800XTC,XFX Speedster MERC 319 Radeon RX 6800 XT CORE Gaming Graphics Card,"$1,349.99",More on the Way,https://www.bhphotovideo.comhttps://www.bhphotovideo.com/c/product/1630663-REG/xfx_rx_68xtalfd9_speedster_merc_319_amd.html,5.0,1,./bh7_files/itemImgPlaceholder.jpg
SMXP4RDS,Smart-AVI Xpander PCI Quad Display Card,"$1,379.95",Special Order,https://www.bhphotovideo.comhttps://www.bhphotovideo.com/c/product/570081-REG/Smart_AVI_XP4_RDS_Xpander_PCI_Quad_Display.html,0.0,0,./bh7_files/1233234374_570081.jpg
PNNRA4000,PNY Technologies RTX A4000 Graphics Card,"$1,399.00",More on the Way,https://www.bhphotovideo.comhttps://www.bhphotovideo.com/c/product/1644218-REG/pny_technologies_vcnrtxa4000_pb_nvidia_rtx_a4000_graphics.html,4.0,9,./bh7_files/1629210935_1644218.jpg
GIGVN308EOC,Gigabyte GeForce RTX 3080 Ti EAGLE OC Graphics Card,"$1,429.99",Waiting List Only,https://www.bhphotovideo.comhttps://www.bhphotovideo.com/c/product/1644581-REG/gigabyte_gv_n308teagle_oc_12gd_geforce_rtx_3080_ti.html,0.0,0,./bh7_files/1622712923_1644581.jpg
XFR68XTACBD9,XFX Speedster MERC 319 Radeon RX 6800 XT BLACK Gaming Graphics Card,"$1,499.99",More on the Way,https://www.bhphotovideo.comhttps://www.bhphotovideo.com/c/product/1609793-REG/xfx_force_rx_68xtacbd9_speedster_merc_319_amd.html,5.0,3,./bh7_files/1608656722_1609793.jpg
AMFV7350,AMD ATI FireGL V7350 Graphics Card,"$1,542.50",Special Order,https://www.bhphotovideo.comhttps://www.bhphotovideo.com/c/product/1014977-REG/amd_100_505145_firegl_v7350_graphics_card.html,0.0,0,./bh7_files/1419959119_1014977.jpg
GIGVN308V,Gigabyte GeForce RTX 3080 Ti VISION OC Graphics Card,"$1,549.99",Waiting List Only,https://www.bhphotovideo.comhttps://www.bhphotovideo.com/c/product/1644580-REG/gigabyte_gv_n308tvision_oc_12gd_geforce_rtx_3080_ti.html,5.0,1,./bh7_files/1622714770_1644580.jpg
GIGVN308TAM,Gigabyte GeForce RTX 3080 Ti AORUS MASTER Graphics Card,"$1,599.99",Waiting List Only,https://www.bhphotovideo.comhttps://www.bhphotovideo.com/c/product/1644578-REG/gigabyte_gv_n308taorus_m_12gd_geforce_rtx_3080_ti.html,0.0,0,./bh7_files/1622713544_1644578.jpg
ASR6900XO16G,ASUS TUF GAMING Radeon RX 6900 XT Graphics Card,"$1,599.99",More on the Way,https://www.bhphotovideo.comhttps://www.bhphotovideo.com/c/product/1610930-REG/asus_tuf_rx6900xt_o16g_gaming_tuf_gaming_radeon_rx6900.html,4.5,5,./bh7_files/1612287942_1610930.jpg
SMXP4XRD,Smart-AVI Xpander Xpress Quad PCI Express Display Card,"$1,623.95",Special Order,https://www.bhphotovideo.comhttps://www.bhphotovideo.com/c/product/570086-REG/Smart_AVI_XP4_XRD_Xpander_Xpress_Quad_PCI.html,0.0,0,./bh7_files/1233234374_570086.jpg
SMAPPRPXHD,Smart-AVI PresenterPro-HD Digital Signage Card,"$1,623.95",Special Order,https://www.bhphotovideo.comhttps://www.bhphotovideo.com/c/product/673269-REG/Smart_AVI_APPR_PX_HD_PresenterPro_HD_Digital_Signage_Card.html,0.0,0,./bh7_files/1264086970_673269.jpg
GIGVN308TAX,Gigabyte GeForce RTX 3080 Ti AORUS XTREME Graphics Card,"$1,669.99",Waiting List Only,https://www.bhphotovideo.comhttps://www.bhphotovideo.com/c/product/1644577-REG/gigabyte_gv_n308taorus_x_12gd_geforce_rtx_3080_ti.html,5.0,1,./bh7_files/1622714770_1644577.jpg
XFSM3RX69XTB,XFX Speedster MERC319 Radeon RX 6900 XT Black Gaming Graphics Card,"$1,699.99",New Item - Coming Soon,https://www.bhphotovideo.comhttps://www.bhphotovideo.com/c/product/1669883-REG/xfx_rx_69xtatbd9_speedster_merc319_radeon_rx.html,0.0,0,./bh7_files/1636452320_1669883.jpg
SA100505852,Sapphire Radeon Sky 900 Server Graphics Card,"$1,717.95",Special Order,https://www.bhphotovideo.comhttps://www.bhphotovideo.com/c/product/1055246-REG/sapphire_100_505852_radeon_sky_900_graphic.html,0.0,0,./bh7_files/1406655976_1055246.jpg
MA9188E2048F,Matrox M9188 PCIe x16 Multi-Display Octal Graphics Card,"$1,799.00",Special Order,https://www.bhphotovideo.comhttps://www.bhphotovideo.com/c/product/893267-REG/Matrox_m9188_e2048f_M9188_PCIE_VID_CARD.html,0.0,0,./bh7_files/1348227466_893267.jpg
SOGMP6900XT,"Sonnet AMD Radeon 6900 XT (Compatible with Breakaway Box 750/750ex, DuoModo, 2019 Mac Pro, Windows PCs)","$1,799.99",Special Order,https://www.bhphotovideo.comhttps://www.bhphotovideo.com/c/product/1667015-REG/sonnet_gpu_mp_6900xt_amd_radeon_6900_xt.html,0.0,0,./bh8_files/1634811637_1667015.jpg
DAIDP4PDVI,DATAPATH ImageDP4+ Graphics Card,"$1,860.00",Special Order,https://www.bhphotovideo.comhttps://www.bhphotovideo.com/c/product/1394072-REG/datapath_imagedp4_dvi_imagedp4_4_port_displayport_graphics.html,0.0,0,./bh8_files/1520601631_1394072.jpg
DAIDP4PHDMI,DATAPATH ImageDP4+ Graphics Card,"$1,860.00",Special Order,https://www.bhphotovideo.comhttps://www.bhphotovideo.com/c/product/1394098-REG/datapath_imagedp4_hdmi_4_port_displayport_graphics.html,0.0,0,./bh8_files/1520601631_1394098.jpg
DAIMAGE2K,DATAPATH Image2K 4-Channel HDMI PCIe Graphics Card,"$1,860.00",Special Order,https://www.bhphotovideo.comhttps://www.bhphotovideo.com/c/product/1655099-REG/datapath_image2k_4_channel_hdmi_pcie.html,0.0,0,./bh8_files/1627378527_1655099.jpg
MSR6900XTGXT,MSI Radeon RX 6900 XT GAMING X TRIO Graphics Card,"$1,934.99",More on the Way,https://www.bhphotovideo.comhttps://www.bhphotovideo.com/c/product/1622136-REG/msi_r6900xtgxt16_radeon_rx_6900_xt.html,0.0,0,./bh8_files/1613060449_1622136.jpg
AMRPWX91016,AMD Radeon Pro WX 9100 Graphics Card,"$1,999.00",Back-Ordered,https://www.bhphotovideo.comhttps://www.bhphotovideo.com/c/product/1389162-REG/amd_100_505957_radeon_pro_wx_9100.html,5.0,5,./bh8_files/1519227372_1389162.jpg
ZOGGR3090TO,ZOTAC GeForce RTX 3090 GAMING Trinity OC Gaming Graphics Card,"$2,199.99",Waiting List Only,https://www.bhphotovideo.comhttps://www.bhphotovideo.com/c/product/1622297-REG/zotac_zt_a30900j_10p_gaming_geforce_rtx_3090.html,5.0,1,./bh8_files/1618250747_1622297.jpg
MSG3090GXT24,MSI GeForce RTX 3090 GAMING X TRIO 24G Graphics Card,"$2,279.99",Waiting List Only,https://www.bhphotovideo.comhttps://www.bhphotovideo.com/c/product/1593994-REG/msi_g3090gxt24_geforce_rtx_3090_gaming.html,5.0,1,./bh8_files/1600904745_1593994.jpg
HE5JV89AA,HP Quadro RTX 4000 Graphics Card,"$2,298.95",Special Order,https://www.bhphotovideo.comhttps://www.bhphotovideo.com/c/product/1492618-REG/hp_5jv89aa_nvidia_quadro_rtx_4000.html,4.0,2,./bh8_files/1562933210_1492618.jpg
ASRT3090O8GW,ASUS GeForce RTX 3090 Republic of Gamers Strix White Edition Graphics Card,"$2,349.99",Waiting List Only,https://www.bhphotovideo.comhttps://www.bhphotovideo.com/c/product/1614302-REG/asus_rog_strix_rtx3090_o24g_white_rog_strix_geforce_rtx.html,0.0,0,./bh8_files/1610575543_1614302.jpg
MSR3090SPX24,MSI GeForce RTX 3090 SUPRIMX X Graphics Card,"$2,389.99",Waiting List Only,https://www.bhphotovideo.comhttps://www.bhphotovideo.com/c/product/1605889-REG/msi_geforce_rtx_3090_suprim.html,0.0,0,./bh8_files/1613059540_1605889.jpg
PNQRTX5000,PNY Technologies Quadro RTX 5000 Graphic Card,"$2,499.00",Special Order,https://www.bhphotovideo.comhttps://www.bhphotovideo.com/c/product/1664918-REG/pny_technologies_vcqrtx5000_sb_quadro_rtx_5000_graphic.html,0.0,0,./bh8_files/1636556725_1664918.jpg
APMW672AMA,Apple AMD Radeon Pro Vega II MPX Module,"$2,800.00",Special Order,https://www.bhphotovideo.comhttps://www.bhphotovideo.com/c/product/1568652-REG/apple_mw672am_a_radeon_pro_vega_ii.html,0.0,0,./bh8_files/1592398303_1568652.jpg
AMFS10000,AMD FirePro S10000 Server Graphics Card,"$3,299.95",Special Order,https://www.bhphotovideo.comhttps://www.bhphotovideo.com/c/product/1053166-REG/ati_100_505851_firepro_s10000_professional_graphics.html,0.0,0,./bh8_files/1406732736_1053166.jpg
AMFS10000MD,AMD FirePro S10000 Passive Server Graphics Card,"$3,300.00",Special Order,https://www.bhphotovideo.comhttps://www.bhphotovideo.com/c/product/1108348-REG/amd_100_505858_amd_firepro_s10000_passive.html,0.0,0,./bh8_files/1419962730_1108348.jpg
PNNQ5200S8GB,PNY Technologies NVIDIA Quadro K5200 Graphics Card with Sync Card,"$3,399.00",Special Order,https://www.bhphotovideo.comhttps://www.bhphotovideo.com/c/product/1078282-REG/pny_technologies_vcqk5200sync_pb_nvidia_quadro_k5200_graphics.html,0.0,0,./bh8_files/1418994312_1078282.jpg
PNK5000,PNY Technologies nVIDIA Quadro K5000 Sync Display Card,"$3,399.00",Special Order,https://www.bhphotovideo.comhttps://www.bhphotovideo.com/c/product/916052-REG/pny_technologies_vcqk5000sync_pb_quadro_k5000_sync_board.html,0.0,0,./bh8_files/1359392793_916052.jpg
DAIMAGE4K,DATAPATH Image4K Graphics Card,"$3,720.00",Special Order,https://www.bhphotovideo.comhttps://www.bhphotovideo.com/c/product/1512107-REG/datapath_image4k_8gb_pcie_4_channel_hdmi.html,0.0,0,./bh8_files/1572268927_1512107.jpg
HE5JH80AT,HP Quadro RTX 6000 Graphics Card (Smart Buy),"$3,999.00",Special Order,https://www.bhphotovideo.comhttps://www.bhphotovideo.com/c/product/1461737-REG/hp_5jh80at_nvidia_quadro_rtx6000_24gb.html,5.0,1,./bh8_files/1554467804_1461737.jpg
PNQK6000,PNY Technologies Quadro K6000 Graphics Card,"$4,399.99",Special Order,https://www.bhphotovideo.comhttps://www.bhphotovideo.com/c/product/1007060-REG/pny_technologies_vcqk6000_pb_quadro_k6000_12gb_gddr5.html,5.0,6,./bh8_files/1388425735_1007060.jpg
PNQRTX6000PB,PNY Technologies Quadro RTX 6000 Graphics Card,"$4,499.99",Special Order,https://www.bhphotovideo.comhttps://www.bhphotovideo.com/c/product/1437880-REG/nvidia_vcqrtx6000_pb_quadro_rtx_6000_graphics.html,0.0,0,./bh8_files/1540819233_1437880.jpg
HE5JH81AA,HP Quadro RTX 5000 Graphics Card,"$4,599.00",Special Order,https://www.bhphotovideo.comhttps://www.bhphotovideo.com/c/product/1461738-REG/hp_5jh81aa_nvidia_quadro_rtx_5000.html,0.0,0,./bh8_files/1585237015_1461738.jpg
PNVCQ6000PB,PNY Technologies nVIDIA Quadro 6000 PCIE x16 6 GB GDDR5 Graphics Display Card,"$4,599.99",Special Order,https://www.bhphotovideo.comhttps://www.bhphotovideo.com/c/product/732172-REG/PNY_Technologies_VCQ6000_PB_nVIDIA_Quadro_6000_PCIE.html,0.0,0,./bh8_files/1447265723_732172.jpg
PNQRTX6000GC,PNY Technologies Quadro RTX 6000 Graphics Card (GPU Only),"$4,999.00",In Stock,https://www.bhphotovideo.comhttps://www.bhphotovideo.com/c/product/1549055-REG/pny_technologies_vcqrtx6000_sb_quadro_rtx_6000_graphics.html,0.0,0,./bh8_files/1636555825_1549055.jpg
PNVCQK4000SP,PNY Technologies NVIDIA Quadro K4000 SDI,"$5,249.00",Special Order,https://www.bhphotovideo.comhttps://www.bhphotovideo.com/c/product/995839-REG/pny_technologies_vcqk4000sdi_pb_nvidia_quadro_k4000_sdi.html,0.0,0,./bh8_files/1377515242_995839.jpg
PNNDQ52KQ16G,PNY Technologies Dual NVIDIA Quadro K5200 Ultra-High Res Video Wall Kit,"$5,898.00",Special Order,https://www.bhphotovideo.comhttps://www.bhphotovideo.com/c/product/1078281-REG/pny_technologies_vcqk5200sync_2k52kit_dual_nvida_quadro_k5200.html,0.0,0,./bh8_files/1409238406_1078281.jpg
PNNQ52008GB,PNY Technologies NVIDIA Quadro K5200 Graphics Card with SDI Output Board,"$5,999.00",Special Order,https://www.bhphotovideo.comhttps://www.bhphotovideo.com/c/product/1078277-REG/pny_technologies_vcqk5200sdi_pb_nvidia_quadro_k4200_graphics.html,0.0,0,./bh8_files/1418994312_1078277.jpg
PNQK5000BK,PNY Technologies nVIDIA Quadro K5000 SDI Bundled Board Kit,"$5,999.00",Special Order,https://www.bhphotovideo.comhttps://www.bhphotovideo.com/c/product/919449-REG/pny_technologies_vcqk5000sdi_pb_quadro_k5000_sdi_bundled.html,0.0,0,./bh8_files/1369390865_919449.jpg
HE1ZE81AT,HP Quadro GP100 Graphics Card (Smart Buy),"$6,799.55",Special Order,https://www.bhphotovideo.comhttps://www.bhphotovideo.com/c/product/1364902-REG/hp_1ze81at_nvidia_quadro_gp100_16gb.html,4.0,2,./bh8_files/1510241035_1364902.jpg
PNNK6000SYNC,PNY Technologies NVIDIA Quadro K6000 with NVIDIA Quadro Sync Graphics Card,"$6,898.00",Special Order,https://www.bhphotovideo.comhttps://www.bhphotovideo.com/c/product/1052038-REG/pny_technologies_vcqk6000sync_pb_nvidia_quadro_sync_k6000.html,0.0,0,./bh8_files/1400244626_1052038.jpg
PNRTXA6000SB,PNY Technologies RTX A6000 Graphics Card (GPU Only),"$6,999.00",In Stock,https://www.bhphotovideo.comhttps://www.bhphotovideo.com/c/product/1654548-REG/pny_technologies_vcnrtxa6000_sb_quadro_rtx_a6000_48gb.html,3.0,2,./bh9_files/1630067722_1654548.jpg
PNNQ4200IO4G,PNY Technologies NVIDIA Quadro K4200 with SDI Input and Output Boards,"$8,249.00",Special Order,https://www.bhphotovideo.comhttps://www.bhphotovideo.com/c/product/1078278-REG/pny_technologies_vcqk4200sdi_io_pb_nvidia_quadro_k4200_with.html,0.0,0,./bh9_files/1409238406_1078278.jpg
PNVCQK4000S,PNY Technologies NVIDIA Quadro K4000 SDI I/O,"$8,249.00",Special Order,https://www.bhphotovideo.comhttps://www.bhphotovideo.com/c/product/995838-REG/pny_technologies_vcqk4000sdi_io_pb_nvidia_quadro_k4000_sdi.html,0.0,0,./bh9_files/1377515242_995838.jpg
PNQRTX8000PB,PNY Technologies Quadro RTX 8000 Graphics Card,"$8,899.00",Special Order,https://www.bhphotovideo.comhttps://www.bhphotovideo.com/c/product/1497883-REG/pny_technologies_vcqrtx8000_pb_nvidia_quadro_rtx_8000.html,0.0,0,./bh9_files/1565270555_1497883.jpg
HE5JH80AA,HP Quadro RTX 6000 Graphics Card,"$8,899.00",Special Order,https://www.bhphotovideo.comhttps://www.bhphotovideo.com/c/product/1461736-REG/hp_5jh80aa_nvidia_quadro_rtx_6000.html,5.0,1,./bh9_files/1588775813_1461736.jpg
PNVCQGP100PB,PNY Technologies Quadro GP100 Graphics Card,"$8,899.00",Special Order,https://www.bhphotovideo.comhttps://www.bhphotovideo.com/c/product/1326544-REG/pny_technologies_vcqgp100_pb_nvidia_quadro_gp100.html,4.0,2,./bh9_files/1489760440_1326544.jpg
PNNQ5200IO8G,PNY Technologies NVIDIA Quadro K5200 with SDI Input and Output Boards,"$8,999.00",Special Order,https://www.bhphotovideo.comhttps://www.bhphotovideo.com/c/product/1078276-REG/pny_technologies_vcqk5200sdi_io_pb_nvidia_quadro_k4200_with.html,0.0,0,./bh9_files/1409238406_1078276.jpg
PNVCQ5000SDI,PNY Technologies nVIDIA Quadro 5000 SDI I/O Professional Graphics Board,"$8,999.00",Special Order,https://www.bhphotovideo.comhttps://www.bhphotovideo.com/c/product/836966-REG/PNY_Technologies_VCQ5000SDI_IO_PB_NVIDIA_Quadro_5000_SDI.html,0.0,0,./bh9_files/1326985563_836966.jpg
PNVCQK5000S,PNY Technologies NVIDIA Quadro K5000 SDI I/O,"$8,999.00",Special Order,https://www.bhphotovideo.comhttps://www.bhphotovideo.com/c/product/995836-REG/pny_technologies_vcqk5000sdi_io_pb_nvidia_quadro_k5000_sdi.html,0.0,0,./bh9_files/1377515242_995836.jpg
PNNK6000PB,PNY Technologies VCQK6000SDI-PB NVIDIA Quadro K6000 SDI Graphics Card,"$9,998.00",Special Order,https://www.bhphotovideo.comhttps://www.bhphotovideo.com/c/product/1052037-REG/pny_technologies_vcqk6000sdi_pb_nvidia_quadro_k6000_12gb.html,5.0,6,./bh9_files/1447265723_1052037.jpg
PNVCQGV100PB,PNY Technologies Quadro GV100 Graphics Card,"$10,560.00",Special Order,https://www.bhphotovideo.comhttps://www.bhphotovideo.com/c/product/1402941-REG/pny_technologies_vcqgv100_pb_quadro_gv100_graphic_card.html,4.0,1,./bh9_files/1524658063_1402941.jpg
HE3ME26AT,HP 3ME26AT Quadro GV100 Graphics Card,"$11,999.00",Special Order,https://www.bhphotovideo.comhttps://www.bhphotovideo.com/c/product/1418019-REG/hp_3me26at_nvidia_quadro_gv100_32gb.html,4.0,1,./bh9_files/1530210950_1418019.jpg
PNNDQ6KQS24G,PNY Technologies Dual NVIDIA Quadro K6000 Ultra-High Res Video Wall Kit,"$12,897.00",Special Order,https://www.bhphotovideo.comhttps://www.bhphotovideo.com/c/product/1078280-REG/pny_technologies_vcqk6000sync_2k6kit_nvidia_quadro_k6000_ultra_high.html,0.0,0,./bh9_files/itemImgPlaceholder.jpg
PNNK6000IO,PNY Technologies NVIDIA Quadro K6000 Graphics Card with SDI I/O Board,"$12,998.00",Special Order,https://www.bhphotovideo.comhttps://www.bhphotovideo.com/c/product/1052036-REG/pny_technologies_vcqk6000sdi_io_pb_nvidia_quadro_k6000_12gb.html,5.0,6,./bh9_files/itemImgPlaceholder.jpg
