Amazon_SKU,Name,price,rating,number_of_reviews,stock,url,UUID
B092C6MHMX,2021 Newst GeForce RTX 3070 Founders Edition Graphics Card 8GB GDDR6 PCI Express 4.0 Graphics Card - Dark Platinum and Black+ AllyFlex HDMI ,1584.0,4.6,11,Only 1 left in stock - order soon.,https://www.amazon.com/GeForce-3070-Founders-Graphics-Express/dp/B092C6MHMX/ref=sr_1_17?dchild=1&keywords=3070+Graphics+Card&qid=1634071435&sr=8-17,52c5d4f1-e686-44ae-830f-bfa3ffbc4c41
B095XZMSPB,2021 Newst GeForce RTX 3080 Founders Edition / AllyFlex HDMI ,2899.0,2.3,5,Only 2 left in stock - order soon.,https://www.amazon.com/2021-Newst-GeForce-Founders-AllyFlex/dp/B095XZMSPB/ref=sr_1_14?dchild=1&keywords=3080+Graphics+Card&qid=1634071437&sr=8-14,10468c4d-8957-45cf-b254-b9fb4c5b1e54
B09G6KPHKN,"AMD Radeon RX 560 Graphics Card, 1275MHz, 4GB 128-Bit GDDR5 PCIe 3.0 x8, DP/HDMI/DVI-D, DirectX 12, AMD FreeSync/Eyefinity Technology, Computer GPU, Desktop Gaming Video Card, Support 4K ",249.99,4.0,1,Only 11 left in stock - order soon.,https://www.amazon.com/gp/slredirect/picassoRedirect.html/ref=pa_sp_btf_aps_sr_pg1_1?ie=UTF8&adId=A087924428EQ1HOUXBKUY&url=%2FRX-560-Graphics-Eyefinity-Technology%2Fdp%2FB09G6KPHKN%2Fref%3Dsr_1_21_sspa%3Fdchild%3D1%26keywords%3Dradeon%2Brx%2B6800xt%26qid%3D1634071441%26sr%3D8-21-spons%26psc%3D1&qualifier=1634071441&id=6733095109387229&widgetName=sp_btf,1ddf6069-e0c9-45c7-98f8-35105f260691
B08R6M3JPS,AMD Radeon RX 6900 XT ,Not available,3.3,6,out of stock,https://www.amazon.com/AMD-Radeon-RX-6900-XT/dp/B08R6M3JPS/ref=sr_1_18?dchild=1&keywords=Radeon+RX+6900+XT&qid=1634071439&sr=8-18,9f99669a-6530-46f4-8e3c-ffa8454bcf57
B083GT6Q25,"AORUS Radeon RX 6800 XT Master 16G Graphics Card, MAX-Covered Cooling, 16GB 256-bit GDDR6, GV-R68XTAORUS M-16GD Video Card ",Not available,5.0,4,out of stock,https://www.amazon.com/Beautiful-African-Anti-Skid-Bedroom-Kitchen/dp/B083GT6Q25/ref=sr_1_10?dchild=1&keywords=radeon+rx+6800xt&qid=1634071441&sr=8-10,bb80bf34-3379-4c11-a6d5-fd026d04a6d8
B093NBMV17,ASRock Radeon RX 6900 XT Phantom Gaming D OC Graphics Card 16GB GDDR6 PCIe 4.0 AMD RDNA2 Triple Fan Polychrome SYNC 3X DisplayPort 1.4a DSC 1x HDMI 2.1VRR w/ Mytrix HDMI 2.1 Cable(4k@120Hz/8K@60Hz) ,2079.99,3.2,7,Only 1 left in stock - order soon.,https://www.amazon.com/gp/slredirect/picassoRedirect.html/ref=pa_sp_mtf_aps_sr_pg1_1?ie=UTF8&adId=A069995726V30QZ7F3H8D&url=%2FASRock-Phantom-Graphics-Polychrome-DisplayPort%2Fdp%2FB093NBMV17%2Fref%3Dsr_1_11_sspa%3Fdchild%3D1%26keywords%3Dradeon%2Brx%2B6800xt%26qid%3D1634071441%26sr%3D8-11-spons%26psc%3D1&qualifier=1634071441&id=6733095109387229&widgetName=sp_mtf,b147e1f5-69ba-4f42-ae93-f225a103d432
B093NBMV17,ASRock Radeon RX 6900 XT Phantom Gaming D OC Graphics Card 16GB GDDR6 PCIe 4.0 AMD RDNA2 Triple Fan Polychrome SYNC 3X DisplayPort 1.4a DSC 1x HDMI 2.1VRR w/ Mytrix HDMI 2.1 Cable(4k@120Hz/8K@60Hz) ,2079.99,3.2,7,Only 1 left in stock - order soon.,https://www.amazon.com/ASRock-Phantom-Graphics-Polychrome-DisplayPort/dp/B093NBMV17/ref=sr_1_12?dchild=1&keywords=Radeon+RX+6900+XT&qid=1634071439&sr=8-12,b147e1f5-69ba-4f42-ae93-f225a103d432
B093NBMV17,ASRock Radeon RX 6900 XT Phantom Gaming D OC Graphics Card 16GB GDDR6 PCIe 4.0 AMD RDNA2 Triple Fan Polychrome SYNC 3X DisplayPort 1.4a DSC 1x HDMI 2.1VRR w/ Mytrix HDMI 2.1 Cable(4k@120Hz/8K@60Hz) ,2079.99,3.2,7,Only 1 left in stock - order soon.,https://www.amazon.com/gp/slredirect/picassoRedirect.html/ref=pa_sp_atf_aps_sr_pg1_1?ie=UTF8&adId=A01968767QFB4R224PK3&url=%2FASRock-Phantom-Graphics-Polychrome-DisplayPort%2Fdp%2FB093NBMV17%2Fref%3Dsr_1_1_sspa%3Fdchild%3D1%26keywords%3DRadeon%2BRX%2B6900%2BXT%26qid%3D1634071439%26sr%3D8-1-spons%26psc%3D1&qualifier=1634071439&id=6294498324723023&widgetName=sp_atf,b147e1f5-69ba-4f42-ae93-f225a103d432
B09H3QSGYX,ASUS Dual GeForce RTX 3070 Non-LHR Graphics Card 8GB GDDR6 PCI Express 4.0 Ampere Streaming Multiprocessors 2X HDMI 2.1 3X DisplayPort 1.4a w/ Mytrix_HDMI Cable - OEM Package (Renewed) ,1614.99,0.0,no reviews,Only 2 left in stock - order soon.,https://www.amazon.com/gp/slredirect/picassoRedirect.html/ref=pa_sp_mtf_aps_sr_pg1_1?ie=UTF8&adId=A06439102F0U6WO7INTUS&url=%2FGraphics-Streaming-Multiprocessors-DisplayPort-Mytrix_HDMI%2Fdp%2FB09H3QSGYX%2Fref%3Dsr_1_11_sspa%3Fdchild%3D1%26keywords%3D3070%2BGraphics%2BCard%26qid%3D1634071435%26sr%3D8-11-spons%26psc%3D1&qualifier=1634071435&id=3792059594690349&widgetName=sp_mtf,209b6528-b51d-41ae-a283-f7be620cb20f
B08YWZHJDZ,"ASUS ROG Strix AMD Radeon RX 6700 XT OC Edition Gaming Graphics Card AMD RDNA 2, PCIe 4.0, 12GB GDDR6, HDMI 2.1, DisplayPort 1.4a, Axial-tech Fan Design, 2.9-Slot, Super Alloy Power II, GPU Tweak II ",1249.99,4.6,32,Only 1 left in stock - order soon.,https://www.amazon.com/ASUS-Graphics-DisplayPort-Axial-tech-2-9-Slot/dp/B08YWZHJDZ/ref=sr_1_20?dchild=1&keywords=radeon+rx+6800xt&qid=1634071441&sr=8-20,f355083a-c6da-408d-9d9f-3b0c0bdd857d
B09HJS8XQW,ASUS ROG Strix Gaming GeForce RTX 3080 Ti OC Edition Graphics Card 12GB GDDR6X PCIe 4.0 Axial-tech Fan Design 2.9-Slot Super Alloy Power II 2X HDMI 2.1 3X DisplayPort 1.4a w/ Mytrix_HDMI Cable ,2599.99,0.0,no reviews,Only 8 left in stock - order soon.,https://www.amazon.com/gp/slredirect/picassoRedirect.html/ref=pa_sp_btf_aps_sr_pg1_1?ie=UTF8&adId=A09229182Z2L5AD7SGQ8A&url=%2FGraphics-Axial-tech-2-9-Slot-DisplayPort-Mytrix_HDMI%2Fdp%2FB09HJS8XQW%2Fref%3Dsr_1_22_sspa%3Fdchild%3D1%26keywords%3D3080%2BGraphics%2BCard%26qid%3D1634071437%26sr%3D8-22-spons%26psc%3D1&qualifier=1634071437&id=2615103547215858&widgetName=sp_btf,5bd8fcc6-a2cf-42ec-af41-7225b51b7f9c
B09HJS8XQW,ASUS ROG Strix Gaming GeForce RTX 3080 Ti OC Edition Graphics Card 12GB GDDR6X PCIe 4.0 Axial-tech Fan Design 2.9-Slot Super Alloy Power II 2X HDMI 2.1 3X DisplayPort 1.4a w/ Mytrix_HDMI Cable ,2599.99,0.0,no reviews,Only 8 left in stock - order soon.,https://www.amazon.com/gp/slredirect/picassoRedirect.html/ref=pa_sp_btf_aps_sr_pg1_1?ie=UTF8&adId=A09229182Z2L5AD7SGQ8A&url=%2FGraphics-Axial-tech-2-9-Slot-DisplayPort-Mytrix_HDMI%2Fdp%2FB09HJS8XQW%2Fref%3Dsr_1_22_sspa%3Fdchild%3D1%26keywords%3D3080%2BGraphics%2BCard%26qid%3D1634071437%26sr%3D8-22-spons%26psc%3D1&qualifier=1634071437&id=2615103547215858&widgetName=sp_btf,b6b56db1-9bc3-4db3-b5d7-c4af7a3cc2bb
B08NWHKGS9,"ASUS ROG Strix LC AMD Radeon RX 6800 XT OC Edition Gaming Graphics Card ( PCIe 4.0, 16GB GDDR6, HDMI 2.1, DisplayPort 1.4a, Full-Coverage Cold Plate, 240mm Radiator, 600mm tubing, GPU Tweak II) ",1899.99,4.7,5,Only 1 left in stock - order soon.,https://www.amazon.com/ASUS-Graphics-DisplayPort-Full-Coverage-Radiator/dp/B08NWHKGS9/ref=sr_1_7?dchild=1&keywords=radeon+rx+6800xt&qid=1634071441&sr=8-7,8917219f-0370-4b27-b94b-6c95579a0125
B0966YJGLT,"ASUS ROG Strix LC AMD Radeon RX 6900 XT TOP Edition Gaming Graphics Card (AMD RDNA 2, PCIe 4.0, 16GB GDDR6, HDMI 2.1, DisplayPort 1.4a, Full-coverage cold plate, 240mm radiator, 600mm tubing) ",2196.41,4.6,3,out of stock,https://www.amazon.com/ASUS-Graphics-DisplayPort-Full-coverage-radiator/dp/B0966YJGLT/ref=sr_1_10?dchild=1&keywords=Radeon+RX+6900+XT&qid=1634071439&sr=8-10,10b5190b-0735-49ac-bd91-5ca60b85f398
B08WGTL4CW,"ASUS ROG Strix NVIDIA GeForce RTX 3060 OC Edition Gaming Graphics Card (PCIe 4.0, 12GB GDDR6, HDMI 2.1, DisplayPort 1.4a, Axial-tech Fan Design, 2.7-Slot, Super Alloy Power II, GPU Tweak II) ",Not available,4.6,118,out of stock,https://www.amazon.com/ASUS-Graphics-DisplayPort-Axial-tech-2-7-Slot/dp/B08WGTL4CW/ref=sr_1_13?dchild=1&keywords=3060+Graphics+Card&qid=1634071434&sr=8-13,1495ede7-1b39-4135-be47-a319175718cb
B096YQ6WVW,"ASUS ROG Strix NVIDIA GeForce RTX 3070 Ti OC Edition Gaming Graphics Card (PCIe 4.0, 8GB GDDR6X, HDMI 2.1, DisplayPort 1.4a, Axial-tech Fan Design, 2.9-Slot, Super Alloy Power II, GPU Tweak II) ",1629.0,4.5,27,out of stock,https://www.amazon.com/ASUS-Graphics-DisplayPort-Axial-tech-2-9-Slot/dp/B096YQ6WVW/ref=sr_1_20?dchild=1&keywords=3070+Graphics+Card&qid=1634071435&sr=8-20,35712d9b-61a0-43c4-b281-a09cf3ab6d3c
B0985S4F6J,"ASUS ROG Strix NVIDIA GeForce RTX 3070 V2 OC Edition Gaming Graphics Card (PCIe 4.0, 8GB GDDR6, LHR, HDMI 2.1, DisplayPort 1.4a, Axial-tech Fan Design, 2.9-Slot, Super Alloy Power II, GPU Tweak II) ",1268.99,0.0,no reviews,Only 1 left in stock - order soon.,https://www.amazon.com/ASUS-Graphics-DisplayPort-Axial-tech-2-9-Slot/dp/B0985S4F6J/ref=sr_1_7?dchild=1&keywords=3070+Graphics+Card&qid=1634071435&sr=8-7,39cdd677-2d51-4e78-984a-2cdc6bb3c174
B08P3ZN62G,"ASUS TUF Gaming AMD Radeon RX 6800 XT OC Edition Graphics Card (PCIe 4.0, 16GB GDDR6, HDMI 2.1, DisplayPort 1.4a, Dual Ball Fan Bearings, All-Aluminum Shroud, Reinforced Frame, GPU Tweak II) ",1639.99,4.1,12,Only 1 left in stock - order soon.,https://www.amazon.com/ASUS-Graphics-DisplayPort-All-Aluminum-Reinforced/dp/B08P3ZN62G/ref=sr_1_3?dchild=1&keywords=radeon+rx+6800xt&qid=1634071441&sr=8-3,145f175e-cc45-4bed-9b48-f124d328e9ca
B0932RTBT2,"ASUS TUF Gaming AMD Radeon RX 6900 XT OC Edition Graphics Card (PCIe 4.0, 16GB GDDR6, HDMI 2.1, DisplayPort 1.4a, Dual Ball Fan Bearings, All-Aluminum Shroud, Reinforced Frame, GPU Tweak II) (Renewed) ",2099.66,0.0,no reviews,Only 1 left in stock - order soon.,https://www.amazon.com/ASUS-Graphics-DisplayPort-All-Aluminum-Reinforced/dp/B0932RTBT2/ref=sr_1_14?dchild=1&keywords=Radeon+RX+6900+XT&qid=1634071439&sr=8-14,1a9fd169-8a5b-40c4-9f51-5b8868f34611
B097NF8LZ7,ASUS TUF Gaming GeForce RTX 3080 Ti OC Graphics Card 12GB GDDR6X PCIe 4.0  Dual Ball Fan Bearings Axial-Tech Fan Design 2X HDMI 2.1 3X DisplayPort 1.4a w/ Mytrix HDMI 2.1 Cable(4k@120Hz/8K@60Hz) ,2549.99,1.0,2,Only 1 left in stock - order soon.,https://www.amazon.com/gp/slredirect/picassoRedirect.html/ref=pa_sp_mtf_aps_sr_pg1_1?ie=UTF8&adId=A0368250TFAWJWFPKVV6&url=%2FGeForce-Graphics-Bearings-Axial-Tech-DisplayPort%2Fdp%2FB097NF8LZ7%2Fref%3Dsr_1_16_sspa%3Fdchild%3D1%26keywords%3D3080%2BGraphics%2BCard%26qid%3D1634071437%26sr%3D8-16-spons%26psc%3D1&qualifier=1634071437&id=2615103547215858&widgetName=sp_mtf,1e6c0443-56a6-45b2-aa0a-44d7caa0f32e
B08WHJPBFX,"ASUS TUF Gaming NVIDIA GeForce RTX 3060 OC Edition Graphics Card (PCIe 4.0, 12GB GDDR6, HDMI 2.1, DisplayPort 1.4a, Dual Ball Fan Bearings, Military-Grade Certification, GPU Tweak II) ",Not available,4.5,208,out of stock,https://www.amazon.com/ASUS-Graphics-DisplayPort-Military-Grade-Certification/dp/B08WHJPBFX/ref=sr_1_18?dchild=1&keywords=3060+Graphics+Card&qid=1634071434&sr=8-18,c4021a77-2a84-4d2c-95cb-039021858503
B0985VND1G,"ASUS TUF Gaming NVIDIA GeForce RTX 3060 V2 OC Edition Graphics Card (PCIe 4.0, 12GB GDDR6, HDMI 2.1, DisplayPort 1.4a, Dual Ball Fan Bearings, Military-Grade Certification, GPU Tweak II) ",Not available,4.6,6,out of stock,https://www.amazon.com/ASUS-Graphics-DisplayPort-Military-Grade-Certification/dp/B0985VND1G/ref=sr_1_17?dchild=1&keywords=3060+Graphics+Card&qid=1634071434&sr=8-17,5ba4a1ce-8a4e-4774-9e8b-bf3aab34e811
B096L3GLYS,"ASUS TUF Gaming NVIDIA GeForce RTX 3080 Ti OC Edition Graphics Card (PCIe 4.0, 12GB GDDR6X, HDMI 2.1, DisplayPort 1.4a, Dual Ball Fan Bearings, Military-Grade Certification, GPU Tweak II) ",2258.95,3.9,24,Only 2 left in stock - order soon.,https://www.amazon.com/ASUS-Graphics-DisplayPort-Military-Grade-Certification/dp/B096L3GLYS/ref=sr_1_15?dchild=1&keywords=3080+Graphics+Card&qid=1634071437&sr=8-15,d6f7ff6a-290c-4ebd-9b2a-2ac6aa6d1942
B08HJGNJ81,"ASUS TUF Gaming NVIDIA GeForce RTX 3090 OC Edition Graphics Card- PCIe 4.0, 24GB GDDR6X, HDMI 2.1, DisplayPort 1.4a, Dual Ball Fan Bearings ",Not available,4.5,89,out of stock,https://www.amazon.com/ASUS-GeForce-Graphics-DisplayPort-Bearings/dp/B08HJGNJ81/ref=sr_1_8?dchild=1&keywords=3090+Graphics+Card&qid=1634071438&sr=8-8,023db2b7-2ed4-4d33-9c9b-9801003a2bb3
B09DMX8M32,AX Bundle RTX 3080 Ventus 10GB GDRR6X 320-Bit HDMI DP Nvlink Tri-Frozr 2 Ampere Architecture OC LHR Graphics Card and AX HDMI 2.1 UHD 48 Gbps (4k@120Hz/8K@60Hz) ,1739.99,0.0,no reviews,Only 6 left in stock - order soon.,https://www.amazon.com/Bundle-320-Bit-Tri-Frozr-Architecture-Graphics/dp/B09DMX8M32/ref=sr_1_10?dchild=1&keywords=3080+Graphics+Card&qid=1634071437&sr=8-10,6255c2e3-3d5e-48a2-94de-1014be9657aa
B09CLX9JB9,"EV GA GeForce RTX 3080 XC3 Black Gaming Video Card, 10G-P5-3881-KL, 10GB GDDR6X, iCX3 Cooling, ARGB LED, LHR ",1650.0,3.5,3,Only 9 left in stock - order soon.,https://www.amazon.com/GeForce-Gaming-10G-P5-3881-KL-GDDR6X-Cooling/dp/B09CLX9JB9/ref=sr_1_7?dchild=1&keywords=3080+Graphics+Card&qid=1634071437&sr=8-7,b481058c-eebf-4abd-b77a-bfaeeec6b156
B09CLX9JB9,"EV GA GeForce RTX 3080 XC3 Black Gaming Video Card, 10G-P5-3881-KL, 10GB GDDR6X, iCX3 Cooling, ARGB LED, LHR ",1650.0,3.5,3,Only 9 left in stock - order soon.,https://www.amazon.com/GeForce-Gaming-10G-P5-3881-KL-GDDR6X-Cooling/dp/B09CLX9JB9/ref=sr_1_20?dchild=1&keywords=3090+Graphics+Card&qid=1634071438&sr=8-20,b481058c-eebf-4abd-b77a-bfaeeec6b156
B08WM28PVH,"EVGA GeForce RTX 3060 XC Gaming, 12G-P5-3657-KR, 12GB GDDR6, Dual-Fan, Metal Backplate ",Not available,4.5,349,out of stock,https://www.amazon.com/EVGA-GeForce-12G-P5-3657-KR-Dual-Fan-Backplate/dp/B08WM28PVH/ref=sr_1_4?dchild=1&keywords=3060+Graphics+Card&qid=1634071434&sr=8-4,f0185fd4-6724-454f-9258-49a5253af00d
B09622N253,"EVGA GeForce RTX 3080 Ti FTW3 Ultra Gaming, 12G-P5-3967-KR, 12GB GDDR6X, iCX3 Technology, ARGB LED, Metal Backplate ",Not available,4.6,187,out of stock,https://www.amazon.com/EVGA-GeForce-12G-P5-3967-KR-Technology-Backplate/dp/B09622N253/ref=sr_1_9?dchild=1&keywords=3080+Graphics+Card&qid=1634071437&sr=8-9,31956b7f-8691-454d-b809-2ce66ff91517
B0979GYMHP,EVGA GeForce RTX 3080 Ti XC3 U ,Not available,4.0,20,out of stock,https://www.amazon.com/EVGA-GeForce-RTX-3080-XC3/dp/B0979GYMHP/ref=sr_1_8?dchild=1&keywords=3080+Graphics+Card&qid=1634071437&sr=8-8,37274ea4-775b-43a8-bb3d-ac6eb936eb8b
B08CKL9K4Z,"Far Cry 6 Xbox Series X S, Xbox One Standard Edition ",59.99,3.7,16,out of stock,https://www.amazon.com/gp/slredirect/picassoRedirect.html/ref=pa_sp_btf_aps_sr_pg1_1?ie=UTF8&adId=A0784704163TQTZHG1DOD&url=%2FFar-Cry-6-Xbox-One%2Fdp%2FB08CKL9K4Z%2Fref%3Dsr_1_21_sspa%3Fdchild%3D1%26keywords%3DXbox%2BSeries%2BX%26qid%3D1634071430%26sr%3D8-21-spons%26psc%3D1&qualifier=1634071430&id=6756399225256781&widgetName=sp_btf,4f972b5d-8ef6-4d8c-92e4-96e40336a6d2
B08PFX6PZ6,"GIGABYTE AMD Radeon RX 6800 XT Gaming OC 16G Graphics Card, 16GB of GDDR6 Memory, Powered by AMD RDNA 2, HDMI 2.1, WINDFORCE 3X Cooling System, GV-R68XTGAMING OC-16GD ",Not available,4.4,20,out of stock,https://www.amazon.com/GIGABYTE-Graphics-Powered-WINDFORCE-GV-R68XTGAMING/dp/B08PFX6PZ6/ref=sr_1_5?dchild=1&keywords=radeon+rx+6800xt&qid=1634071441&sr=8-5,23161394-e147-449b-a612-d61612b7544b
B09719T6FT,"GIGABYTE AORUS GeForce RTX 3060 Elite 12G (REV2.0) Graphics Card, 3X WINDFORCE Fans, 12GB 192-bit GDDR6, GV-N3060AORUS E-12GD REV2.0 Video Card ",836.99,4.5,12,Only 2 left in stock - order soon.,https://www.amazon.com/GIGABYTE-REV2-0-Graphics-WINDFORCE-GV-N3060AORUS/dp/B09719T6FT/ref=sr_1_5?dchild=1&keywords=3060+Graphics+Card&qid=1634071434&sr=8-5,21eec95e-07c8-4ba7-b84a-29b3e8174e9c
B09B2W2ZQ3,"GIGABYTE AORUS GeForce RTX 3070 Master 8G (REV2.0) Graphics Card, 3X WINDFORCE Fans, 8GB 256-bit GDDR6, GV-N3070AORUS M-8GD REV2.0 Video Card ",1327.99,5.0,1,Only 1 left in stock - order soon.,https://www.amazon.com/GIGABYTE-REV2-0-WINDFORCE-GV-N3070AORUS-M-8GD/dp/B09B2W2ZQ3/ref=sr_1_6?dchild=1&keywords=3070+Graphics+Card&qid=1634071435&sr=8-6,7255c8cc-a596-40ec-b01b-bf126ceebb98
B083HZFK45,"GIGABYTE AORUS GeForce RTX 3080 Ti Xtreme 10G Graphics Card, Max Covered Cooling, 12GB 384-bit GDDR6X, GV-N308TAORUS X-12GD Video Card ",2388.99,3.1,3,Only 1 left in stock - order soon.,https://www.amazon.com/Ladybugs-Colors-Anti-Skid-Bedroom-Kitchen/dp/B083HZFK45/ref=sr_1_17?dchild=1&keywords=3080+Graphics+Card&qid=1634071437&sr=8-17,9b65022e-84f9-4a18-8bdc-9941a13e6967
B08R5D3374,"GIGABYTE AORUS GeForce RTX 3090 Xtreme WATERFORCE 24G Graphics Card, WATERFORCE All-in-One Cooling System, 24GB 384-bit GDDR6X, GV-N3090AORUSX W-24GD Video Card ",3138.99,4.7,4,Only 1 left in stock - order soon.,https://www.amazon.com/GIGABYTE-GeForce-WATERFORCE-Graphics-GV-N3090AORUSX/dp/B08R5D3374/ref=sr_1_7?dchild=1&keywords=3090+Graphics+Card&qid=1634071438&sr=8-7,5adf9830-24fb-4282-8a74-14cc057010c5
B083HZ3M1X,"GIGABYTE AORUS Radeon RX 6900 XT Master 16G Graphics Card, MAX-Covered Cooling, 16GB 256-bit GDDR6, GV-R69XTAORUS M-16GD Video Card ",2009.0,0.0,no reviews,Only 7 left in stock - order soon.,https://www.amazon.com/GIGABYTE-Graphics-MAX-Covered-GV-R69XTAORUS-M-16GD/dp/B083HZ3M1X/ref=sr_1_13?dchild=1&keywords=Radeon+RX+6900+XT&qid=1634071439&sr=8-13,282fcfad-85ec-42c7-86be-ed3d24dd630c
B09DR6D4MK,"GIGABYTE Eagle GeForce RTX 3060 Ti Rev2.0 Graphics Card 8GB GDDR6 PCI Express 4.0 x16, LHR, WINDFORCE 2X Cooling RGB Fusion 2.0, 2X HDMI 2X DisplayPort w/ Mytrix_ HDMI 2.1 Cable(4k@120Hz/8K@60Hz) ",949.99,0.0,no reviews,Only 2 left in stock - order soon.,https://www.amazon.com/gp/slredirect/picassoRedirect.html/ref=pa_sp_mtf_aps_sr_pg1_1?ie=UTF8&adId=A07142601AXRMG89BIE4T&url=%2FGIGABYTE-GeForce-Graphics-WINDFORCE-DisplayPort%2Fdp%2FB09DR6D4MK%2Fref%3Dsr_1_11_sspa%3Fdchild%3D1%26keywords%3D3060%2BGraphics%2BCard%26qid%3D1634071434%26sr%3D8-11-spons%26psc%3D1&qualifier=1634071434&id=2088429161560111&widgetName=sp_mtf,c72de486-5c98-454e-8bed-55a3a54cc09b
B09CS2YXTY,"GIGABYTE Eagle GeForce RTX 3070 Graphics Card Rev2.0 8GB GDDR6 PCIe 4.0 x16, LHR, WINDFORCE 3X Cooling RGB Fusion 2.0, 2X HDMI 2.1 2X DisplayPort 1.4a w/ Mytrix HDMI 2.1 Cable(4k@120Hz/8K@60Hz) ",1249.99,0.0,no reviews,Only 5 left in stock - order soon.,https://www.amazon.com/GIGABYTE-GeForce-Graphics-WINDFORCE-DisplayPort/dp/B09CS2YXTY/ref=sr_1_10?dchild=1&keywords=3070+Graphics+Card&qid=1634071435&sr=8-10,7071a6f5-e7b6-4864-9e04-07928a6fdd1b
B09CS2YXTY,"GIGABYTE Eagle GeForce RTX 3070 Graphics Card Rev2.0 8GB GDDR6 PCIe 4.0 x16, LHR, WINDFORCE 3X Cooling RGB Fusion 2.0, 2X HDMI 2.1 2X DisplayPort 1.4a w/ Mytrix HDMI 2.1 Cable(4k@120Hz/8K@60Hz) ",1249.99,0.0,no reviews,Only 5 left in stock - order soon.,https://www.amazon.com/gp/slredirect/picassoRedirect.html/ref=pa_sp_mtf_aps_sr_pg1_1?ie=UTF8&adId=A09478622Z8RGUQCGYNTT&url=%2FGIGABYTE-GeForce-Graphics-WINDFORCE-DisplayPort%2Fdp%2FB09CS2YXTY%2Fref%3Dsr_1_16_sspa%3Fdchild%3D1%26keywords%3Dradeon%2Brx%2B6800xt%26qid%3D1634071441%26sr%3D8-16-spons%26psc%3D1&qualifier=1634071441&id=6733095109387229&widgetName=sp_mtf,7071a6f5-e7b6-4864-9e04-07928a6fdd1b
B09CS2YXTY,"GIGABYTE Eagle GeForce RTX 3070 Graphics Card Rev2.0 8GB GDDR6 PCIe 4.0 x16, LHR, WINDFORCE 3X Cooling RGB Fusion 2.0, 2X HDMI 2.1 2X DisplayPort 1.4a w/ Mytrix HDMI 2.1 Cable(4k@120Hz/8K@60Hz) ",1249.99,0.0,no reviews,Only 5 left in stock - order soon.,https://www.amazon.com/gp/slredirect/picassoRedirect.html/ref=pa_sp_mtf_aps_sr_pg1_1?ie=UTF8&adId=A09735253033BXVTP1XB&url=%2FGIGABYTE-GeForce-Graphics-WINDFORCE-DisplayPort%2Fdp%2FB09CS2YXTY%2Fref%3Dsr_1_16_sspa%3Fdchild%3D1%26keywords%3D3070%2BGraphics%2BCard%26qid%3D1634071435%26sr%3D8-16-spons%26psc%3D1&qualifier=1634071435&id=3792059594690349&widgetName=sp_mtf,7071a6f5-e7b6-4864-9e04-07928a6fdd1b
B0971BG25M,"GIGABYTE GeForce RTX 3060 Gaming OC 12G (REV2.0) Graphics Card, 3X WINDFORCE Fans, 12GB 192-bit GDDR6, GV-N3060GAMING OC-12GD REV2.0 Video Card ",894.11,4.6,22,Only 8 left in stock - order soon.,https://www.amazon.com/GIGABYTE-REV2-0-WINDFORCE-GV-N3060GAMING-OC-12GD/dp/B0971BG25M/ref=sr_1_6?dchild=1&keywords=3060+Graphics+Card&qid=1634071434&sr=8-6,011cfa4c-cddc-4468-a4fd-77803e5af8a9
B098PJNWKD,"GIGABYTE GeForce RTX 3060 Ti Gaming OC PRO 8G (REV3.0) Graphics Card, 3X WINDFORCE Fans, LHR, 8GB 256-bit GDDR6, GV-N306TGAMINGOC PRO-8GD R3 Video Card ",944.99,4.5,5,Only 1 left in stock - order soon.,https://www.amazon.com/GIGABYTE-REV3-0-WINDFORCE-GV-N306TGAMINGOC-PRO-8GD/dp/B098PJNWKD/ref=sr_1_20?dchild=1&keywords=3060+Graphics+Card&qid=1634071434&sr=8-20,b9e2549e-b23e-4434-9595-0782d68f3e3e
B09G998SNG,"GIGABYTE GeForce RTX 3070 Gaming OC REV2.0 Graphics Card, 8G 256-bit GDDR6, PCIe 4.0 x16, 3X WINDFORCE Fans, Lite Hash Rate Version, RGB Fusion 2.0, 2X HDMI 2X DisplayPort w/ Mytrix_HDMI Cable ",1249.99,0.0,no reviews,Only 5 left in stock - order soon.,https://www.amazon.com/gp/slredirect/picassoRedirect.html/ref=pa_sp_atf_aps_sr_pg1_1?ie=UTF8&adId=A08745942P5NPE0W9TM82&url=%2FGIGABYTE-Graphics-WINDFORCE-DisplayPort-Mytrix_HDMI%2Fdp%2FB09G998SNG%2Fref%3Dsr_1_2_sspa%3Fdchild%3D1%26keywords%3D3070%2BGraphics%2BCard%26qid%3D1634071435%26sr%3D8-2-spons%26psc%3D1&qualifier=1634071435&id=3792059594690349&widgetName=sp_atf,e900d109-de07-4a60-8ce1-6555a96653e5
B097G7RBSZ,"GIGABYTE GeForce RTX 3070 Ti Gaming OC 8G Graphics Card, WINDFORCE 3X Cooling System, 8GB 256-bit GDDR6X, GV-N307TGAMING OC-8GD Video Card ",Not available,5.0,3,out of stock,https://www.amazon.com/GIGABYTE-Graphics-WINDFORCE-GV-N307TGAMING-OC-8GD/dp/B097G7RBSZ/ref=sr_1_12?dchild=1&keywords=3070+Graphics+Card&qid=1634071435&sr=8-12,b5b3b06d-73c4-44e8-9338-34ac8baecc77
B098TZ3RMZ,"GIGABYTE GeForce RTX 3080 Gaming OC 10G (REV2.0) Graphics Card, 3X WINDFORCE Fans, LHR, 10GB 320-bit GDDR6X, GV-N3080GAMING OC-10GD REV2.0 Video Card ",Not available,5.0,1,out of stock,https://www.amazon.com/GIGABYTE-GeForce-Graphics-WINDFORCE-GV-N3080GAMING/dp/B098TZ3RMZ/ref=sr_1_18?dchild=1&keywords=3080+Graphics+Card&qid=1634071437&sr=8-18,42ad9415-8e50-4ff0-81ec-afeba501caf4
B083GS45CR,"GIGABYTE GeForce RTX 3090 Vision OC 24G Graphics Card, 3X WINDFORCE Fans, 24GB 384-bit GDDR6X, GV-N3090VISION OC-24GD Video Card ",Not available,4.2,10,out of stock,https://www.amazon.com/Cartoon-Octopus-Anti-Skid-Bedroom-Kitchen/dp/B083GS45CR/ref=sr_1_15?dchild=1&keywords=3090+Graphics+Card&qid=1634071438&sr=8-15,59c281cf-2402-43a3-8171-b427ee5d73d5
B09BWZH46V,"GIGABYTE Radeon RX 6600 XT Gaming OC 8G Graphics Card, WINDFORCE 3X Cooling System, 8GB 128-bit GDDR6, GV-R66XTGAMING OC-8GD Video Card ",Not available,1.0,1,out of stock,https://www.amazon.com/GIGABYTE-Graphics-WINDFORCE-GV-R66XTGAMING-OC-8GD/dp/B09BWZH46V/ref=sr_1_18?dchild=1&keywords=radeon+rx+6800xt&qid=1634071441&sr=8-18,8c7e5f3b-48a6-48ce-998d-a33bca7818a3
B096J1VD14,Gigabyte GeForce RTX 3080 Gaming OC Graphics Card 10GB GDDR6X PCIe 4.0 RGB Fusion 2.0 Triple-Fan WINDFORCE 3X Cooling 2X HDMI 2.1 3X DisplayPort 1.4a w/ Mytrix HDMI 2.1 Cable(4k@120Hz/8K@60Hz) ,2399.99,1.0,5,Only 1 left in stock - order soon.,https://www.amazon.com/gp/slredirect/picassoRedirect.html/ref=pa_sp_btf_aps_sr_pg1_1?ie=UTF8&adId=A04279611V1Q4EJ0OIAGA&url=%2FGigabyte-Graphics-Triple-Fan-WINDFORCE-DisplayPort%2Fdp%2FB096J1VD14%2Fref%3Dsr_1_22_sspa%3Fdchild%3D1%26keywords%3DRadeon%2BRX%2B6900%2BXT%26qid%3D1634071439%26sr%3D8-22-spons%26psc%3D1&qualifier=1634071439&id=6294498324723023&widgetName=sp_btf,588ffa0e-47f5-495b-a959-f17c0b417163
B08HJRF2CN,"Gigabyte GeForce RTX 3090 GAMING OC 24G Graphics Card, 3x WINDFORCE Fans, 24GB 384-Bit GDDR6X, GV-N3090GAMING OC-24GD Video Card ",Not available,3.9,18,out of stock,https://www.amazon.com/Gigabyte-Graphics-WINDFORCE-GV-N3090GAMING-OC-24GD/dp/B08HJRF2CN/ref=sr_1_10?dchild=1&keywords=3090+Graphics+Card&qid=1634071438&sr=8-10,2836b4aa-61e6-4244-aabc-a77c26dbb459
B09GHZGD5X,MSI Gaming GeForce RTX 3060 Ti LHR Version Graphics Card 8GB GDDR6 PCIe 4.0 Dual-Fan Ampere Architecture Torx Fan 4.0 Zero Frozr 1 x HDMI 3x DisplayPort 1.4a w/ Mytrix_HDMI 2.1 Cable(4k@120Hz/8K@60Hz) ,949.99,4.6,5,Only 10 left in stock - order soon.,https://www.amazon.com/gp/slredirect/picassoRedirect.html/ref=pa_sp_btf_aps_sr_pg1_1?ie=UTF8&adId=A0975377GW3UW3UOTTA&url=%2FGraphics-Dual-Fan-Architecture-DisplayPort-Mytrix_HDMI%2Fdp%2FB09GHZGD5X%2Fref%3Dsr_1_21_sspa%3Fdchild%3D1%26keywords%3DRadeon%2BRX%2B6900%2BXT%26qid%3D1634071439%26sr%3D8-21-spons%26psc%3D1&qualifier=1634071439&id=6294498324723023&widgetName=sp_btf,b6c4fc15-4730-4b0b-9194-f24b8d0fc563
B09GHZGD5X,MSI Gaming GeForce RTX 3060 Ti LHR Version Graphics Card 8GB GDDR6 PCIe 4.0 Dual-Fan Ampere Architecture Torx Fan 4.0 Zero Frozr 1 x HDMI 3x DisplayPort 1.4a w/ Mytrix_HDMI 2.1 Cable(4k@120Hz/8K@60Hz) ,949.99,4.6,5,Only 10 left in stock - order soon.,https://www.amazon.com/gp/slredirect/picassoRedirect.html/ref=pa_sp_mtf_aps_sr_pg1_1?ie=UTF8&adId=A09382251XJX5VXDW3X7Y&url=%2FGraphics-Dual-Fan-Architecture-DisplayPort-Mytrix_HDMI%2Fdp%2FB09GHZGD5X%2Fref%3Dsr_1_16_sspa%3Fdchild%3D1%26keywords%3D3060%2BGraphics%2BCard%26qid%3D1634071434%26sr%3D8-16-spons%26psc%3D1&qualifier=1634071434&id=2088429161560111&widgetName=sp_mtf,b6c4fc15-4730-4b0b-9194-f24b8d0fc563
B09GHZGD5X,MSI Gaming GeForce RTX 3060 Ti LHR Version Graphics Card 8GB GDDR6 PCIe 4.0 Dual-Fan Ampere Architecture Torx Fan 4.0 Zero Frozr 1 x HDMI 3x DisplayPort 1.4a w/ Mytrix_HDMI 2.1 Cable(4k@120Hz/8K@60Hz) ,949.99,4.6,5,Only 10 left in stock - order soon.,https://www.amazon.com/Graphics-Dual-Fan-Architecture-DisplayPort-Mytrix_HDMI/dp/B09GHZGD5X/ref=sr_1_7?dchild=1&keywords=3060+Graphics+Card&qid=1634071434&sr=8-7,b6c4fc15-4730-4b0b-9194-f24b8d0fc563
B097MYTZMW,MSI Gaming GeForce RTX 3070 LHR 8GB GDRR6 256-Bit HDMI/DP Nvlink Torx Fan 4 RGB Ampere Architecture OC Graphics Card (RTX 3070 Gaming Z Trio 8G LHR) ,1185.0,4.5,2,out of stock,https://www.amazon.com/MSI-GeForce-RTX-3070-Architecture/dp/B097MYTZMW/ref=sr_1_3?dchild=1&keywords=3070+Graphics+Card&qid=1634071435&sr=8-3,e05ecefd-1cd4-4235-be7f-bc97c6de1998
B0995S7548,MSI Gaming GeForce RTX 3080 LHR 10GB GDRR6X 320-Bit HDMI/DP Nvlink Torx Fan 4 RGB Ampere Architecture OC Graphics Card (RTX 3080 Gaming Z Trio 10G LHR) ,1868.0,4.1,8,Only 18 left in stock - order soon.,https://www.amazon.com/MSI-GeForce-RTX-3080-LHR/dp/B0995S7548/ref=sr_1_3?dchild=1&keywords=3080+Graphics+Card&qid=1634071437&sr=8-3,32bb0177-f842-4f14-87ef-cd6bd351d3d6
B09F3W9RZK,MSI Gaming GeForce RTX 3080 OC Ventus 3X LHR Graphics Card 10GB GDRR6X 320-Bit PCI Express 4.0 x16 Torx Fan 3 Ampere Architecture 1x HDMI 2.1 3X DisplayPort 1.4a w/ Mytrix HDMI Cable ,1849.99,0.0,no reviews,Only 6 left in stock - order soon.,https://www.amazon.com/gp/slredirect/picassoRedirect.html/ref=pa_sp_btf_aps_sr_pg1_1?ie=UTF8&adId=A072680826NRT0XEMLPLF&url=%2FGeForce-Graphics-320-Bit-Architecture-DisplayPort%2Fdp%2FB09F3W9RZK%2Fref%3Dsr_1_22_sspa%3Fdchild%3D1%26keywords%3D3070%2BGraphics%2BCard%26qid%3D1634071435%26sr%3D8-22-spons%26psc%3D1&qualifier=1634071435&id=3792059594690349&widgetName=sp_btf,4abc5f5f-5b0e-4dc9-99a2-f60d0e2e4594
B09F3W9RZK,MSI Gaming GeForce RTX 3080 OC Ventus 3X LHR Graphics Card 10GB GDRR6X 320-Bit PCI Express 4.0 x16 Torx Fan 3 Ampere Architecture 1x HDMI 2.1 3X DisplayPort 1.4a w/ Mytrix HDMI Cable ,1849.99,0.0,no reviews,Only 6 left in stock - order soon.,https://www.amazon.com/gp/slredirect/picassoRedirect.html/ref=pa_sp_mtf_aps_sr_pg1_1?ie=UTF8&adId=A072680826NRT0XEMLPLF&url=%2FGeForce-Graphics-320-Bit-Architecture-DisplayPort%2Fdp%2FB09F3W9RZK%2Fref%3Dsr_1_11_sspa%3Fdchild%3D1%26keywords%3D3080%2BGraphics%2BCard%26qid%3D1634071437%26sr%3D8-11-spons%26psc%3D1&qualifier=1634071437&id=2615103547215858&widgetName=sp_mtf,4abc5f5f-5b0e-4dc9-99a2-f60d0e2e4594
B09F3W9RZK,MSI Gaming GeForce RTX 3080 OC Ventus 3X LHR Graphics Card 10GB GDRR6X 320-Bit PCI Express 4.0 x16 Torx Fan 3 Ampere Architecture 1x HDMI 2.1 3X DisplayPort 1.4a w/ Mytrix HDMI Cable ,1849.99,0.0,no reviews,Only 6 left in stock - order soon.,https://www.amazon.com/GeForce-Graphics-320-Bit-Architecture-DisplayPort/dp/B09F3W9RZK/ref=sr_1_12?dchild=1&keywords=3080+Graphics+Card&qid=1634071437&sr=8-12,4abc5f5f-5b0e-4dc9-99a2-f60d0e2e4594
B09F3W9RZK,MSI Gaming GeForce RTX 3080 OC Ventus 3X LHR Graphics Card 10GB GDRR6X 320-Bit PCI Express 4.0 x16 Torx Fan 3 Ampere Architecture 1x HDMI 2.1 3X DisplayPort 1.4a w/ Mytrix HDMI Cable ,1849.99,0.0,no reviews,Only 6 left in stock - order soon.,https://www.amazon.com/gp/slredirect/picassoRedirect.html/ref=pa_sp_mtf_aps_sr_pg1_1?ie=UTF8&adId=A072680826NRT0XEMLPLF&url=%2FGeForce-Graphics-320-Bit-Architecture-DisplayPort%2Fdp%2FB09F3W9RZK%2Fref%3Dsr_1_11_sspa%3Fdchild%3D1%26keywords%3DRadeon%2BRX%2B6900%2BXT%26qid%3D1634071439%26sr%3D8-11-spons%26psc%3D1&qualifier=1634071439&id=6294498324723023&widgetName=sp_mtf,4abc5f5f-5b0e-4dc9-99a2-f60d0e2e4594
B09F3W9RZK,MSI Gaming GeForce RTX 3080 OC Ventus 3X LHR Graphics Card 10GB GDRR6X 320-Bit PCI Express 4.0 x16 Torx Fan 3 Ampere Architecture 1x HDMI 2.1 3X DisplayPort 1.4a w/ Mytrix HDMI Cable ,1849.99,0.0,no reviews,Only 6 left in stock - order soon.,https://www.amazon.com/gp/slredirect/picassoRedirect.html/ref=pa_sp_mtf_aps_sr_pg1_1?ie=UTF8&adId=A072680826NRT0XEMLPLF&url=%2FGeForce-Graphics-320-Bit-Architecture-DisplayPort%2Fdp%2FB09F3W9RZK%2Fref%3Dsr_1_11_sspa%3Fdchild%3D1%26keywords%3D3090%2BGraphics%2BCard%26qid%3D1634071438%26sr%3D8-11-spons%26psc%3D1&qualifier=1634071438&id=8029188837108820&widgetName=sp_mtf,4abc5f5f-5b0e-4dc9-99a2-f60d0e2e4594
B09F3W9RZK,MSI Gaming GeForce RTX 3080 OC Ventus 3X LHR Graphics Card 10GB GDRR6X 320-Bit PCI Express 4.0 x16 Torx Fan 3 Ampere Architecture 1x HDMI 2.1 3X DisplayPort 1.4a w/ Mytrix HDMI Cable ,1849.99,0.0,no reviews,Only 6 left in stock - order soon.,https://www.amazon.com/gp/slredirect/picassoRedirect.html/ref=pa_sp_btf_aps_sr_pg1_1?ie=UTF8&adId=A072680826NRT0XEMLPLF&url=%2FGeForce-Graphics-320-Bit-Architecture-DisplayPort%2Fdp%2FB09F3W9RZK%2Fref%3Dsr_1_22_sspa%3Fdchild%3D1%26keywords%3D3060%2BGraphics%2BCard%26qid%3D1634071434%26sr%3D8-22-spons%26psc%3D1&qualifier=1634071434&id=2088429161560111&widgetName=sp_btf,4abc5f5f-5b0e-4dc9-99a2-f60d0e2e4594
B095VZ6F73,MSI Gaming GeForce RTX 3080 Ti 12GB GDRR6X 320-Bit HDMI/DP Nvlink Torx Fan 3 Ampere Architecture OC Graphics Card (RTX 3080 Ti Gaming X Trio 12G) ,Not available,4.0,68,out of stock,https://www.amazon.com/MSI-Gaming-RTX-3080-Trio/dp/B095VZ6F73/ref=sr_1_20?dchild=1&keywords=3080+Graphics+Card&qid=1634071437&sr=8-20,03af4909-9083-4e0d-81e9-e8f3d463d060
B08RJ6YBH5,MSI Gaming Radeon RX 6800 XT 16GB GDRR6 256-Bit HDMI/DP 2285 MHz RDNA 2 Architecture OC Graphics Card (RX 6800 XT Gaming X Trio 16G) ,Not available,4.3,37,out of stock,https://www.amazon.com/MSI-Radeon-6800-Architecture-16G/dp/B08RJ6YBH5/ref=sr_1_12?dchild=1&keywords=radeon+rx+6800xt&qid=1634071441&sr=8-12,fb6723d6-8b7e-4dc3-8005-b03851073c3c
B08W2GPR62,MSI Gaming Radeon RX 6900 XT Boost Clock Up to 2340 MHz 256-bit 16GB GDDR6 DP/HDMI Triple Torx 4.0 Fans FreeSync DirectX 12 VR Ready RGB Graphics Card (RX 6900 XT Gaming X Trio 16G) ,2089.0,3.7,11,out of stock,https://www.amazon.com/MSI-Gaming-6900-Trio-16G/dp/B08W2GPR62/ref=sr_1_8?dchild=1&keywords=Radeon+RX+6900+XT&qid=1634071439&sr=8-8,6159b137-67c6-4907-8ce0-866852e315c3
B096M7NPNP,MSI Gaming Radeon RX 6900 XT Gaming Z Trio 16G 16GB GDDR6 256-Bit HDMI/DP Nvlink Torx Fan 4 AMD Graphics Card (RX 6900 XT Gaming Z Trio 16G) ,1899.99,4.0,1,out of stock,https://www.amazon.com/MSI-Radeon-RX-6900-16G/dp/B096M7NPNP/ref=sr_1_7?dchild=1&keywords=Radeon+RX+6900+XT&qid=1634071439&sr=8-7,9332c98d-cead-4eff-87fc-7a19fb0ee11e
B09D17W92Y,MSI Gaming X Trio GeForce RTX 3070 Ti OC Graphics Card 8GB GDRR6X 256-Bit PCIe 4.0 x16 Triple-Fan TRI FROZR 2 Ampere Architecture 1x HDMI 2.1 3X DisplayPort 1.4a w/ Mytrix_ HDMI Cable ,1649.99,1.0,1,Only 4 left in stock - order soon.,https://www.amazon.com/GeForce-Graphics-Triple-Fan-Architecture-DisplayPort/dp/B09D17W92Y/ref=sr_1_18?dchild=1&keywords=3090+Graphics+Card&qid=1634071438&sr=8-18,912bd6d2-1ea6-4b86-a2cc-ff251730c362
B097YZFT5K,MSI GeForce RTX 3090 Trio DirectX 12 Graphics Card 24GB 384-Bit GDDR6X PCIe 4.0 HDCP Ready Tri-Frozr 2 Ampere Architecture DisplayPort x 3 (v1.4a) / HDMI 2.1 x 1 w/ Mytrix HDMI Cable ,Not available,3.7,6,out of stock,https://www.amazon.com/GeForce-Graphics-Tri-Frozr-Architecture-DisplayPort/dp/B097YZFT5K/ref=sr_1_14?dchild=1&keywords=3090+Graphics+Card&qid=1634071438&sr=8-14,452d2196-6dd2-4503-b4fd-bfa5c7a07e43
B09GZHNKBP,MSI NVIDIA GeForce RTX 3060 Gaming X LED 12GB GDDR6 VRAM Graphics Card Dual TORX 4.0 Fans 3584 CUDA Cores RGB Mystic Light PCIe 4.0 1xHDMI 3X DisplayPort 1.4a Mazepoly Accessories ,899.0,5.0,1,Only 1 left in stock - order soon.,https://www.amazon.com/MSI-Graphics-DisplayPort-Mazepoly-Accessories/dp/B09GZHNKBP/ref=sr_1_12?dchild=1&keywords=3060+Graphics+Card&qid=1634071434&sr=8-12,3cb44b35-5377-4344-b7cd-fc2fbcc13fc7
B09GZHNKBP,MSI NVIDIA GeForce RTX 3060 Gaming X LED 12GB GDDR6 VRAM Graphics Card Dual TORX 4.0 Fans 3584 CUDA Cores RGB Mystic Light PCIe 4.0 1xHDMI 3X DisplayPort 1.4a Mazepoly Accessories ,899.0,5.0,1,Only 1 left in stock - order soon.,https://www.amazon.com/gp/slredirect/picassoRedirect.html/ref=pa_sp_atf_aps_sr_pg1_1?ie=UTF8&adId=A06575581E52CU153PBNP&url=%2FMSI-Graphics-DisplayPort-Mazepoly-Accessories%2Fdp%2FB09GZHNKBP%2Fref%3Dsr_1_1_sspa%3Fdchild%3D1%26keywords%3D3060%2BGraphics%2BCard%26qid%3D1634071434%26sr%3D8-1-spons%26psc%3D1&qualifier=1634071434&id=2088429161560111&widgetName=sp_atf,3cb44b35-5377-4344-b7cd-fc2fbcc13fc7
B09FVLSNZ2,MSI NVIDIA GeForce RTX 3060 Ti Gaming X LHR 8GB GDDR6 VRAM Graphics Card X RGB Dual TORX 4.0 Fans 4864 CUDA Cores PCIe 4.0 x 16 DirectX 12 3 x DisplayPort 1 x HDMI Mazepoly Accessory ,939.0,0.0,no reviews,out of stock,https://www.amazon.com/gp/slredirect/picassoRedirect.html/ref=pa_sp_atf_aps_sr_pg1_1?ie=UTF8&adId=A0463736YQ5G95HV3BKF&url=%2FMSI-Graphics-DisplayPort-Mazepoly-Accessory%2Fdp%2FB09FVLSNZ2%2Fref%3Dsr_1_2_sspa%3Fdchild%3D1%26keywords%3D3060%2BGraphics%2BCard%26qid%3D1634071434%26sr%3D8-2-spons%26psc%3D1&qualifier=1634071434&id=2088429161560111&widgetName=sp_atf,03667498-5524-4721-bb1c-1c467c271f9f
B09FVLSNZ2,MSI NVIDIA GeForce RTX 3060 Ti Gaming X LHR 8GB GDDR6 VRAM Graphics Card X RGB Dual TORX 4.0 Fans 4864 CUDA Cores PCIe 4.0 x 16 DirectX 12 3 x DisplayPort 1 x HDMI Mazepoly Accessory ,939.0,0.0,no reviews,out of stock,https://www.amazon.com/MSI-Graphics-DisplayPort-Mazepoly-Accessory/dp/B09FVLSNZ2/ref=sr_1_19?dchild=1&keywords=3070+Graphics+Card&qid=1634071435&sr=8-19,03667498-5524-4721-bb1c-1c467c271f9f
B09FVLSNZ2,MSI NVIDIA GeForce RTX 3060 Ti Gaming X LHR 8GB GDDR6 VRAM Graphics Card X RGB Dual TORX 4.0 Fans 4864 CUDA Cores PCIe 4.0 x 16 DirectX 12 3 x DisplayPort 1 x HDMI Mazepoly Accessory ,939.0,0.0,no reviews,out of stock,https://www.amazon.com/MSI-Graphics-DisplayPort-Mazepoly-Accessory/dp/B09FVLSNZ2/ref=sr_1_8?dchild=1&keywords=3060+Graphics+Card&qid=1634071434&sr=8-8,03667498-5524-4721-bb1c-1c467c271f9f
B09H3XGRBZ,MSI NVIDIA GeForce RTX 3070 Ventus 3X LHR Overclocked Triple Torx Fan Graphics Card 8GB GDDR6 PCIe 4.0 x 16 OpenGL Ampere Architecture OC DirectX 12 HDMI 3 x DisplayPort 1.4a Mazepoly Accessory ,1229.0,0.0,no reviews,Only 14 left in stock - order soon.,https://www.amazon.com/gp/slredirect/picassoRedirect.html/ref=pa_sp_atf_aps_sr_pg1_1?ie=UTF8&adId=A041618613Z2MBX9YNVAJ&url=%2FMSI-Overclocked-Architecture-DisplayPort-Accessory%2Fdp%2FB09H3XGRBZ%2Fref%3Dsr_1_1_sspa%3Fdchild%3D1%26keywords%3D3070%2BGraphics%2BCard%26qid%3D1634071435%26sr%3D8-1-spons%26psc%3D1&qualifier=1634071435&id=3792059594690349&widgetName=sp_atf,58c857eb-a0a0-40d3-92bf-9f72b6f6b3fa
B09H3XGRBZ,MSI NVIDIA GeForce RTX 3070 Ventus 3X LHR Overclocked Triple Torx Fan Graphics Card 8GB GDDR6 PCIe 4.0 x 16 OpenGL Ampere Architecture OC DirectX 12 HDMI 3 x DisplayPort 1.4a Mazepoly Accessory ,1229.0,0.0,no reviews,Only 14 left in stock - order soon.,https://www.amazon.com/MSI-Overclocked-Architecture-DisplayPort-Accessory/dp/B09H3XGRBZ/ref=sr_1_13?dchild=1&keywords=3070+Graphics+Card&qid=1634071435&sr=8-13,58c857eb-a0a0-40d3-92bf-9f72b6f6b3fa
B09CHC18N9,MSI Ventus 3X GeForce RTX 3090 OC Graphics Card 24GB GDRR6X PCIe 4.0 x 16 Nvlink Torx Fan 3.0 Ray Tracing Ampere Architecture DLSS AI Acceleration 3X DisplayPort 1x HDMI 2.1 8K w/ Mytrix_HDMI Cable ,3649.99,3.0,2,Only 4 left in stock - order soon.,https://www.amazon.com/gp/slredirect/picassoRedirect.html/ref=pa_sp_btf_aps_sr_pg1_1?ie=UTF8&adId=A09155583T12ILIHM6KLP&url=%2FGraphics-Architecture-Acceleration-DisplayPort-Mytrix_HDMI%2Fdp%2FB09CHC18N9%2Fref%3Dsr_1_22_sspa%3Fdchild%3D1%26keywords%3Dradeon%2Brx%2B6800xt%26qid%3D1634071441%26sr%3D8-22-spons%26psc%3D1&qualifier=1634071441&id=6733095109387229&widgetName=sp_btf,fb33da53-3f31-46b9-9bc8-b9515db72056
B09CHC18N9,MSI Ventus 3X GeForce RTX 3090 OC Graphics Card 24GB GDRR6X PCIe 4.0 x 16 Nvlink Torx Fan 3.0 Ray Tracing Ampere Architecture DLSS AI Acceleration 3X DisplayPort 1x HDMI 2.1 8K w/ Mytrix_HDMI Cable ,3649.99,3.0,2,Only 4 left in stock - order soon.,https://www.amazon.com/Graphics-Architecture-Acceleration-DisplayPort-Mytrix_HDMI/dp/B09CHC18N9/ref=sr_1_6?dchild=1&keywords=3090+Graphics+Card&qid=1634071438&sr=8-6,fb33da53-3f31-46b9-9bc8-b9515db72056
B07WDGB9P5,"Microsoft Xbox One X 1TB Console with Wireless Controller: Xbox One X Enhanced, HDR, Native 4K, Ultra HD (Renewed) (2017 Model) ",489.95,4.5,"3,229",out of stock,https://www.amazon.com/Microsoft-Xbox-One-Console-Wireless-Controller/dp/B07WDGB9P5/ref=sr_1_10?dchild=1&keywords=Xbox+Series+X&qid=1634071430&sr=8-10,96ac36bd-7986-4708-86c0-eb6562155c3f
B09H1XQC58,Microsoft Xbox Series X 1TB ,1499.0,1.0,1,Only 9 left in stock - order soon.,https://www.amazon.com/gp/slredirect/picassoRedirect.html/ref=pa_sp_atf_aps_sr_pg1_1?ie=UTF8&adId=A096331324RCN953B32CF&url=%2FMicrosoft-Xbox-1TB-Compatible-Performance%2Fdp%2FB09H1XQC58%2Fref%3Dsr_1_1_sspa%3Fdchild%3D1%26keywords%3DXbox%2BSeries%2BX%2Bconsole%26qid%3D1634172884%26sr%3D8-1-spons%26psc%3D1&qualifier=1634172884&id=6149641532684689&widgetName=sp_atf,53d2678a-39c5-4d09-94b4-743c77572a59
B09HS5F8C9,"Microsoft Xbox Series X 1TB - Backward Compatible with Thousands of Games, The Fast, Ultra High Speed HDMI Cable, Fine-Tuned Performance, True 4K Gaming - U Deal HDMI ",1399.0,0.0,no reviews,Only 9 left in stock - order soon.,https://www.amazon.com/gp/slredirect/picassoRedirect.html/ref=pa_sp_atf_aps_sr_pg1_1?ie=UTF8&adId=A0786228ZY1YKV4HI0HZ&url=%2FMicrosoft-Xbox-1TB-Compatible-Performance%2Fdp%2FB09HS5F8C9%2Fref%3Dsr_1_1_sspa%3Fdchild%3D1%26keywords%3DXbox%2BSeries%2BX%26qid%3D1634071430%26sr%3D8-1-spons%26psc%3D1&qualifier=1634071430&id=6756399225256781&widgetName=sp_atf,b705bf0a-dc7b-455a-a2e5-58bc3fd6ed81
B09H1XQC58,"Microsoft Xbox Series X 1TB - Backward Compatible with Thousands of Games, The Fast, Ultra High Speed HDMI Cable, Fine-Tuned Performance, True 4K Gaming, Additional Controller - U Deal HDMI ",1499.0,1.0,1,Only 9 left in stock - order soon.,https://www.amazon.com/gp/slredirect/picassoRedirect.html/ref=pa_sp_btf_aps_sr_pg1_1?ie=UTF8&adId=A096331324RCN953B32CF&url=%2FMicrosoft-Xbox-1TB-Compatible-Performance%2Fdp%2FB09H1XQC58%2Fref%3Dsr_1_22_sspa%3Fdchild%3D1%26keywords%3DXbox%2BSeries%2BX%26qid%3D1634071430%26sr%3D8-22-spons%26psc%3D1&qualifier=1634071430&id=6756399225256781&widgetName=sp_btf,53d2678a-39c5-4d09-94b4-743c77572a59
B08HR6ZBYJ,NVIDIA GeForce RTX 3090 Founders Edition Graphics Card ,3345.0,4.5,60,Only 1 left in stock - order soon.,https://www.amazon.com/NVIDIA-RTX-3090-Founders-Graphics/dp/B08HR6ZBYJ/ref=sr_1_4?dchild=1&keywords=3090+Graphics+Card&qid=1634071438&sr=8-4,e238d9ed-555e-48d8-bfa0-4abb27ab2b2b
B0971ZJBQY,PNY GeForce RTX 3070 8GB XLR8 Gaming Revel Epic-X RGB Triple Fan Graphics Card LHR ,1199.0,0.0,no reviews,Only 5 left in stock - order soon.,https://www.amazon.com/PNY-GeForce-Gaming-Epic-X-Graphics/dp/B0971ZJBQY/ref=sr_1_14?dchild=1&keywords=3070+Graphics+Card&qid=1634071435&sr=8-14,86b315fd-d129-4e90-b543-38701d3f75af
B08LZGPPBH,"PS5 Controller Charger Station, PS5 Charging Station with Fast Charging AC Adapter 5V/3A, Playstation 5 Dual Controller Charging Stand, OIVO Docking Station Replacement for DualSense Charging Station ",21.99,4.7,"2,024",out of stock,https://www.amazon.com/OIVO-Controller-Compatible-Playstation-Indicators/dp/B08LZGPPBH/ref=sr_1_10?dchild=1&keywords=Playstation+5&qid=1634071432&sr=8-10,a9de39b5-12e5-4bb1-a032-73315aabe3e3
B09HNRLV1M,"PS5 Playstation 5 Disc Version Console 16GB GDDR6 RAM, 8K Output, WiFi 6, Ultra-High Speed 825GB SSD, Bluetooth 5.1, Additional Cosmic Red Controller - U Deal HDMI ",1499.0,0.0,no reviews,Only 9 left in stock - order soon.,https://www.amazon.com/gp/slredirect/picassoRedirect.html/ref=pa_sp_atf_aps_sr_pg1_1?ie=UTF8&adId=A0039139177GLQH4ADY6K&url=%2FPlaystation-Ultra-High-Bluetooth-Additional-Controller%2Fdp%2FB09HNRLV1M%2Fref%3Dsr_1_1_sspa%3Fdchild%3D1%26keywords%3DPlaystation%2B5%2Bconsole%26qid%3D1634172885%26sr%3D8-1-spons%26psc%3D1&qualifier=1634172885&id=2593059993036288&widgetName=sp_atf,3a521b04-18f6-4148-9458-18b8ec447e10
B08FC6C75Y,Playstation DualSense Wireless Controller ,69.0,4.8,"33,590",out of stock,https://www.amazon.com/DualSense-Wireless-Controller-PlayStation-5/dp/B08FC6C75Y/ref=sr_1_4?dchild=1&keywords=Playstation+5&qid=1634071432&sr=8-4,83f85860-da54-4932-8d19-98468b5749d0
B09257F463,"PowerColor Liquid Devil AMD Radeon RX 6900 XT Ultimate Gaming Graphics Card with 16GB GDDR6 Memory, Powered by AMD RDNA 2, HDMI 2.1 ",2299.99,3.3,3,out of stock,https://www.amazon.com/PowerColor-Liquid-Ultimate-Graphics-Powered/dp/B09257F463/ref=sr_1_9?dchild=1&keywords=Radeon+RX+6900+XT&qid=1634071439&sr=8-9,b5085745-3df3-493a-965c-0a4e0b3bcb2e
B08Y934HZQ,"PowerColor Red Devil AMD Radeon RX 6700 XT Gaming Graphics Card with 12GB GDDR6 Memory, Powered by AMD RDNA 2, Raytracing, PCI Express 4.0, HDMI 2.1, AMD Infinity Cache ",849.99,4.3,170,out of stock,https://www.amazon.com/PowerColor-Graphics-Powered-Raytracing-Infinity/dp/B08Y934HZQ/ref=sr_1_13?dchild=1&keywords=radeon+rx+6800xt&qid=1634071441&sr=8-13,664e0e0a-85b7-4d44-9969-63b7e241e439
B08Y934HZQ,"PowerColor Red Devil AMD Radeon RX 6700 XT Gaming Graphics Card with 12GB GDDR6 Memory, Powered by AMD RDNA 2, Raytracing, PCI Express 4.0, HDMI 2.1, AMD Infinity Cache ",849.99,4.3,170,out of stock,https://www.amazon.com/PowerColor-Graphics-Powered-Raytracing-Infinity/dp/B08Y934HZQ/ref=sr_1_20?dchild=1&keywords=Radeon+RX+6900+XT&qid=1634071439&sr=8-20,664e0e0a-85b7-4d44-9969-63b7e241e439
B08T9H18TJ,"PowerColor Red Devil AMD Radeon RX 6800 XT Gaming Graphics Card with 16GB GDDR6 Memory, Powered by AMD RDNA 2, Raytracing, PCI Express 4.0, HDMI 2.1, AMD Infinity Cache ",1489.99,4.3,67,out of stock,https://www.amazon.com/PowerColor-Graphics-Powered-Raytracing-Infinity/dp/B08T9H18TJ/ref=sr_1_6?dchild=1&keywords=radeon+rx+6800xt&qid=1634071441&sr=8-6,9be8163b-9ccb-42d9-9e3e-ce6ae359927d
B08Q2R71CS,"PowerColor Red Devil AMD Radeon RX 6900 XT Gaming Graphics Card with 16GB GDDR6 Memory, Powered by AMD RDNA 2, Raytracing, PCI Express 4.0, HDMI 2.1, AMD Infinity Cache ",1749.99,4.2,66,out of stock,https://www.amazon.com/PowerColor-Graphics-Powered-Raytracing-Infinity/dp/B08Q2R71CS/ref=sr_1_5?dchild=1&keywords=Radeon+RX+6900+XT&qid=1634071439&sr=8-5,af4952b6-34f9-4917-b149-ddc0978d6230
B09258PCFS,"PowerColor Red Devil AMD Radeon RX 6900 XT Ultimate Gaming Graphics Card with 16GB GDDR6 Memory, Powered by AMD RDNA 2, HDMI 2.1 ",1799.99,3.8,19,out of stock,https://www.amazon.com/PowerColor-Radeon-Ultimate-Graphics-Powered/dp/B09258PCFS/ref=sr_1_19?dchild=1&keywords=radeon+rx+6800xt&qid=1634071441&sr=8-19,c3cb8d3d-fded-4d1d-85a4-9ddf20730af9
B09258PCFS,"PowerColor Red Devil AMD Radeon RX 6900 XT Ultimate Gaming Graphics Card with 16GB GDDR6 Memory, Powered by AMD RDNA 2, HDMI 2.1 ",1799.99,3.8,19,out of stock,https://www.amazon.com/PowerColor-Radeon-Ultimate-Graphics-Powered/dp/B09258PCFS/ref=sr_1_4?dchild=1&keywords=Radeon+RX+6900+XT&qid=1634071439&sr=8-4,c3cb8d3d-fded-4d1d-85a4-9ddf20730af9
B08P2C8XXH,"PowerColor Red Dragon AMD Radeon RX 6800 Gaming Graphics Card with 16GB GDDR6 Memory, Powered by AMD RDNA 2, Raytracing, PCI Express 4.0, HDMI 2.1, AMD Infinity Cache ",Not available,4.3,40,out of stock,https://www.amazon.com/PowerColor-Graphics-Powered-Raytracing-Infinity/dp/B08P2C8XXH/ref=sr_1_8?dchild=1&keywords=radeon+rx+6800xt&qid=1634071441&sr=8-8,55e037d3-a97b-4c08-af59-b87e9fb853e3
B08CVB3Y8B,"Rechargeable Battery Packs for Xbox One/Xbox Series X|S, 4 X 1200mAh Xbox One Controller Battery Packs, Rechargeable Batteries with Charging Station for Xbox One/One S/One X/One Elite ",28.99,4.5,"4,830",out of stock,https://www.amazon.com/ESYWEN-Rechargeable-Battery-1200mAh-Controller/dp/B08CVB3Y8B/ref=sr_1_20?dchild=1&keywords=Xbox+Series+X&qid=1634071430&sr=8-20,a193fd6c-9efd-4230-967c-c6dddc105153
B08QQFW9YS,Sapphire Technology 11308-01-20G Nitro+ AMD Radeon RX 6900 XT PCIe 4.0 Gaming Graphics Card with 16GB GDDR6 ,Not available,3.9,32,out of stock,https://www.amazon.com/Sapphire-Technology-11308-01-20G-Radeon-Graphics/dp/B08QQFW9YS/ref=sr_1_17?dchild=1&keywords=Radeon+RX+6900+XT&qid=1634071439&sr=8-17,989b8061-cc81-4769-a683-e69720fd63bb
B08YN79ZW2,"Sapphire Technology Nitro+ AMD Radeon RX 6700 XT Gaming Graphics Card with 12GB GDDR6, AMD RDNA 2 (11306-01-20G) ",Not available,4.4,25,out of stock,https://www.amazon.com/Sapphire-Technology-Radeon-Graphics-11306-01-20G/dp/B08YN79ZW2/ref=sr_1_15?dchild=1&keywords=radeon+rx+6800xt&qid=1634071441&sr=8-15,774e3c49-3c45-49ff-a6c5-b7795464a71c
B094DYSQQL,Sapphire Technology Nitro+ AMD Radeon RX 6900 XT Special Edition PCIe 4.0 Gaming Graphics Card with 16GB GDDR6 (11308-03-20G) ,1849.0,4.2,13,out of stock,https://www.amazon.com/Sapphire-Technology-Special-Graphics-11308-03-20G/dp/B094DYSQQL/ref=sr_1_6?dchild=1&keywords=Radeon+RX+6900+XT&qid=1634071439&sr=8-6,b4592e8b-bc66-4bd1-a9e2-8bd07c90df32
B08VN2LB3B,"Vertical Cooling Stand Compatible with Xbox Series X, YUANHOT Charging Station Dock with 1400mAh Rechargeable Battery Pack and Dual Controller Charger Ports (NOT Compatible with Xbox One X/S) ",39.99,4.4,787,out of stock,https://www.amazon.com/Vertical-YUANHOT-Charging-Rechargeable-Controller/dp/B08VN2LB3B/ref=sr_1_15?dchild=1&keywords=Xbox+Series+X&qid=1634071430&sr=8-15,7d9c5cb1-3d7d-451d-a8b6-fd52ec098ce1
B08TJ2BHCQ,XFX Speedster MERC319 AMD Radeon RX 6800 XT CORE Gaming Graphics Card with 16GB GDDR6 HDMI 3xDP RX-68XTALFD9 ,1499.99,4.1,39,out of stock,https://www.amazon.com/XFX-Speedster-MERC319-Graphics-RX-68XTALFD9/dp/B08TJ2BHCQ/ref=sr_1_4?dchild=1&keywords=radeon+rx+6800xt&qid=1634071441&sr=8-4,0d0da157-c7cb-4865-bab9-f28f3c7742f3
B08SVZNFWR,"XFX Speedster MERC319 AMD Radeon RX 6900 XT Black Gaming Graphics Card with 16GB GDDR6, HDMI 2,1, 2xDP, USB-C, AMD RDNA 2 RX-69XTACBD9 ",1699.99,4.1,59,out of stock,https://www.amazon.com/XFX-Speedster-MERC319-Graphics-RX-69XTACBD9/dp/B08SVZNFWR/ref=sr_1_14?dchild=1&keywords=radeon+rx+6800xt&qid=1634071441&sr=8-14,e005c9ac-98cb-4004-a463-96ea6974a181
B08SVZNFWR,"XFX Speedster MERC319 AMD Radeon RX 6900 XT Black Gaming Graphics Card with 16GB GDDR6, HDMI 2,1, 2xDP, USB-C, AMD RDNA 2 RX-69XTACBD9 ",1699.99,4.1,59,out of stock,https://www.amazon.com/XFX-Speedster-MERC319-Graphics-RX-69XTACBD9/dp/B08SVZNFWR/ref=sr_1_3?dchild=1&keywords=Radeon+RX+6900+XT&qid=1634071439&sr=8-3,e005c9ac-98cb-4004-a463-96ea6974a181
B08Q9SCPGD,"XFX Speedster MERC319 AMD Radeon RX 6900 XT Ultra Gaming Graphics Card with 16GB GDDR6, HDMI 2,1, 2xDP, USB-C, AMD RDNA 2 RX-69XTACUD9 ",Not available,4.2,11,out of stock,https://www.amazon.com/XFX-Speedster-MERC319-Graphics-RX-69XTACUD9/dp/B08Q9SCPGD/ref=sr_1_19?dchild=1&keywords=Radeon+RX+6900+XT&qid=1634071439&sr=8-19,b53d3e71-a46f-4236-8c4e-4f6804cdb7c3
B08NX14LV1,XFX Speedster MERC319 Radeon RX 6800XT Black 16GB GDDR6 HDMI DisplayPort USB-C PCIe 4.0 Gaming Graphics Card RX-68XTACBD9 ,Not available,4.7,70,out of stock,https://www.amazon.com/XFX-Speedster-DisplayPort-Graphics-RX-68XTACBD9/dp/B08NX14LV1/ref=sr_1_9?dchild=1&keywords=radeon+rx+6800xt&qid=1634071441&sr=8-9,775c4aaa-9e71-45b1-9b93-6f8bec6da59e
B091ZKN2RV,"XFX Speedster QICK319 AMD Radeon RX 6700 XT Black Gaming Graphics Card with 12GB GDDR6 HDMI 3xDP, AMD RDNA 2 RX-67XTYPBDP ",899.99,4.7,82,out of stock,https://www.amazon.com/XFX-Speedster-QICK319-Graphics-RX-67XTYPBDP/dp/B091ZKN2RV/ref=sr_1_17?dchild=1&keywords=radeon+rx+6800xt&qid=1634071441&sr=8-17,3322e8a2-353c-4fb2-b908-5bd51f01d491
B087VM5XC6,Xbox Series S - 512GB SSD Console with Wireless Controller - EU Version with US Power Cable ,393.97,4.7,"3,942",Only 10 left in stock - order soon.,https://www.amazon.com/Xbox-Console-Wireless-Controller-Version-S/dp/B087VM5XC6/ref=sr_1_9?dchild=1&keywords=Xbox+Series+X&qid=1634071430&sr=8-9,f6920bd1-e968-40d5-b3e1-0c3f9a18b747
B08TVX3DVN,Xbox Series X ,846.0,4.2,50,Only 1 left in stock - order soon.,https://www.amazon.com/Xbox-X/dp/B08TVX3DVN/ref=sr_1_4?dchild=1&keywords=Xbox+Series+X&qid=1634071430&sr=8-4,fa1711e7-d840-4f12-b066-b2b2113e3a92
B09GHQVX3N,"Xbox Wireless Controller – 20th Anniversary Special Edition for Xbox Series X|S, Xbox One, and Windows ",Not available,0.0,no reviews,out of stock,https://www.amazon.com/Xbox-Wireless-Controller-Anniversary-Special-x/dp/B09GHQVX3N/ref=sr_1_18?dchild=1&keywords=Xbox+Series+X&qid=1634071430&sr=8-18,32e10a67-64f2-4865-b1f9-0b2bb7599a23
B08ZNQN1FP,"Xbox Wireless Controller – Electric Volt for Xbox Series X|S, Xbox One, and Windows 10 Devices ",59.0,4.7,"49,603",out of stock,https://www.amazon.com/Xbox-Wireless-Controller-Electric-Windows-Devices/dp/B08ZNQN1FP/ref=sr_1_12?dchild=1&keywords=Xbox+Series+X&qid=1634071430&sr=8-12,8cbf6b1f-1a9a-459b-880c-1cb84b549a16
B08W44ZLRP,ZOTAC GAMING GeForce RTX 3070 AMP Holo 8GB GDDR6 256-bit 14 Gbps PCIE 4.0 Gaming Graphics Card ,1649.99,3.6,7,Only 2 left in stock - order soon.,https://www.amazon.com/ZOTAC-GAMING-GeForce-256-bit-Graphics/dp/B08W44ZLRP/ref=sr_1_18?dchild=1&keywords=3070+Graphics+Card&qid=1634071435&sr=8-18,6b8b973d-4591-45b2-8e8c-9cad625dc117
B08W8DGK3X,"ZOTAC Gaming GeForce RTX 3060 Twin Edge OC 12GB GDDR6 192-bit 15 Gbps PCIE 4.0 Gaming Graphics Card, IceStorm 2.0 Cooling, Active Fan Control, Freeze Fan Stop ZT-A30600H-10M ",799.0,4.4,296,out of stock,https://www.amazon.com/ZOTAC-GeForce-Graphics-IceStorm-ZT-A30600H-10M/dp/B08W8DGK3X/ref=sr_1_3?dchild=1&keywords=3060+Graphics+Card&qid=1634071434&sr=8-3,881ec1e0-8d91-4726-b10a-f4c4d4391785
B096TZHXYN,"ZOTAC Gaming GeForce RTX 3070 Ti AMP Holo 8GB GDDR6X 256-bit 19 Gbps PCIE 4.0 Gaming Graphics Card, HoloBlack, IceStorm 2.0 Advanced Cooling, Spectra 2.0 RGB Lighting, ZT-A30710F-10P ",Not available,4.4,62,out of stock,https://www.amazon.com/ZOTAC-Graphics-HoloBlack-IceStorm-ZT-A30710F-10P/dp/B096TZHXYN/ref=sr_1_15?dchild=1&keywords=3070+Graphics+Card&qid=1634071435&sr=8-15,8ea422f7-af0b-460f-a91b-408b8f68a8bd
B097YY2NL2,"ZOTAC Gaming GeForce RTX 3070 Twin Edge OC Low Hash Rate 8GB GDDR6 256-bit 14 Gbps PCIE 4.0 Gaming Graphics Card, IceStorm 2.0 Advanced Cooling, White LED Logo Lighting, ZT-A30700H-10PLHR ",Not available,4.7,6,out of stock,https://www.amazon.com/ZOTAC-Graphics-IceStorm-Advanced-ZT-A30700H-10PLHR/dp/B097YY2NL2/ref=sr_1_9?dchild=1&keywords=3070+Graphics+Card&qid=1634071435&sr=8-9,2749900c-9188-49e1-aed5-fb77a29cb86e
B08V1ZWGVR,"ZOTAC Gaming GeForce RTX 3080 Ti AMP Holo 12GB GDDR6X 384-bit 19 Gbps PCIE 4.0 Gaming Graphics Card, HoloBlack, IceStorm 2.0 Advanced Cooling, Spectra 2.0 RGB Lighting, ZT-A30810F-10P ",2065.0,3.9,20,Only 4 left in stock - order soon.,https://www.amazon.com/ZOTAC-Graphics-HoloBlack-IceStorm-ZT-A30810F-10P/dp/B08V1ZWGVR/ref=sr_1_6?dchild=1&keywords=3080+Graphics+Card&qid=1634071437&sr=8-6,a262bde6-0c27-440a-8425-c3fc9b888bd1
B099ZCG8T5,"ZOTAC Gaming GeForce RTX 3080 Trinity OC LHR 10GB GDDR6X 320-bit 19 Gbps PCIE 4.0 Gaming Graphics Card, IceStorm 2.0 Advanced Cooling, Spectra 2.0 RGB Lighting, ZT-A30800J-10PLHR ",Not available,4.6,12,out of stock,https://www.amazon.com/ZOTAC-Graphics-IceStorm-Advanced-ZT-A30800J-10PLHR/dp/B099ZCG8T5/ref=sr_1_5?dchild=1&keywords=3080+Graphics+Card&qid=1634071437&sr=8-5,be15fb8a-5499-4b58-a000-4cc2ce36bcee
B09F3W8DM8,"ZOTAC Gaming GeForce RTX 3090 Trinity OC Graphics Card 24GB GDDR6X 384-bit PCIE 4.0, IceStorm 2.0 Advanced Cooling, Spectra 2.0 RGB Lighting, 3X DisplayPort 1.4a, 1x HDMI 2.1 w/ Mytrix_HDMI Cable ",3199.99,1.0,2,Only 1 left in stock - order soon.,https://www.amazon.com/gp/slredirect/picassoRedirect.html/ref=pa_sp_mtf_aps_sr_pg1_1?ie=UTF8&adId=A0816423111J0OGIECSZI&url=%2FGraphics-IceStorm-Advanced-DisplayPort-Mytrix_HDMI%2Fdp%2FB09F3W8DM8%2Fref%3Dsr_1_16_sspa%3Fdchild%3D1%26keywords%3D3090%2BGraphics%2BCard%26qid%3D1634071438%26sr%3D8-16-spons%26psc%3D1&qualifier=1634071438&id=8029188837108820&widgetName=sp_mtf,e3ce059e-9e14-4f59-869d-ad65ce3b171b
