BH_SKU,Price,Stock,Item URL,Review,Number_of_Reviews,UUID
AMFV7350,1542.5,Special Order,https://www.bhphotovideo.com/c/product/1014977-REG/amd_100_505145_firegl_v7350_graphics_card.html,0.0,0.0,07e82650-a7c6-462a-9172-f661363a4475
AMFS10000MD,3300.0,Special Order,https://www.bhphotovideo.com/c/product/1108348-REG/amd_100_505858_amd_firepro_s10000_passive.html,0.0,0.0,4e296278-8fb0-4d10-a095-8f0e343755dc
AMFS10000,3299.95,Special Order,https://www.bhphotovideo.com/c/product/1053166-REG/ati_100_505851_firepro_s10000_professional_graphics.html,0.0,0.0,f2893977-d0ed-4d8c-b56a-801936d1736f
AMFS400Q,799.0,Special Order,https://www.bhphotovideo.com/c/product/1238377-REG/sapphire_100_505981_firepro_s400_synchronization_module.html,5.0,1.0,ee740787-96c8-4ab1-9e7e-2d7bc9c4b6a7
AMFS7000,1218.5,Special Order,https://www.bhphotovideo.com/c/product/1053164-REG/ati_100_505856_firepro_s7000_server_graphics.html,0.0,0.0,e648b585-578a-4541-99b8-68e194fb65f0
AMRPW6600,699.99,In Stock,https://www.bhphotovideo.com/c/product/1648892-REG/amd_100_506208_radeon_pro_w6600_8.html,5.0,3.0,e7a04beb-1175-473b-a96e-548d0695c86d
AMRPW6800,2199.0,In Stock,https://www.bhphotovideo.com/c/product/1648891-REG/amd_100_506157_radeon_pro_w6800_graphic.html,5.0,3.0,84b08873-dc68-425e-b89d-3004ad3acb19
AMRPVII,2499.0,Back-Ordered,https://www.bhphotovideo.com/c/product/1570531-REG/amd_100_506163_radeon_pro_vii_16gb.html,5.0,4.0,8c7e5f3b-48a6-48ce-998d-a33bca7818a3
AMWW5500,499.0,Back-Ordered,https://www.bhphotovideo.com/c/product/1553148-REG/amd_100_506095_radeon_pro_w5500_8.html,3.0,8.0,35db0bf4-a895-4cbf-adff-4599b10f964a
AMW5700,1199.99,More on the Way,https://www.bhphotovideo.com/c/product/1521630-REG/amd_100_506085_radeon_pro_w5700_graphics.html,5.0,1.0,f31c9aa8-fa4a-435d-8c78-f84db4da7cd7
AMWX2100X16,249.0,In Stock,https://www.bhphotovideo.com/c/product/1346308-REG/amd_100_506001_radeon_pro_wx_2100.html,5.0,4.0,180ff559-2346-4499-a54f-df305d8c4109
AMRPROWX3200,249.0,Back-Ordered,https://www.bhphotovideo.com/c/product/1527858-REG/amd_100_506115_radeon_pro_wx_3200.html,5.0,3.0,2effd823-8452-4687-a9a5-4cd3ba0f9089
AMWX4100,349.99,Back-Ordered,https://www.bhphotovideo.com/c/product/1297998-REG/amd_100_506008_radeon_pro_wx_4100.html,4.0,1.0,65d70f60-a189-4c2d-8931-7c20d602a513
AMWX5100,499.0,Back-Ordered,https://www.bhphotovideo.com/c/product/1297999-REG/amd_100_505940_radeon_pro_wx_5100.html,5.0,1.0,6e9fa8c3-0c42-49e9-b25f-77703b31f7bc
AMWX7100,729.0,Back-Ordered,https://www.bhphotovideo.com/c/product/1298000-REG/amd_100_505826_radeon_pro_wx_7100.html,4.5,7.0,f64b7e26-ffc2-40b9-87f0-c5c4fe899bb7
AMRPWX91016,1999.0,Back-Ordered,https://www.bhphotovideo.com/c/product/1389162-REG/amd_100_505957_radeon_pro_wx_9100.html,5.0,5.0,f424c8b8-556c-4705-97f4-b5867f6b79c8
ASDG166SO6GE,329.99,Waiting List Only,https://www.bhphotovideo.com/c/product/1517468-REG/asus_dual_gtx1660s_o6g_evo_dual_geforce_gtx_1660.html,5.0,3.0,191e02e0-d00d-48b4-8190-aecfcc220639
ASDR2060O6GE,469.99,Waiting List Only,https://www.bhphotovideo.com/c/product/1577031-REG/asus_dualrtx2060o6ge_dual_geforce_rtx_2060.html,5.0,6.0,de5d5f14-5a55-4edc-a8cf-cf3d3b3ad2fb
AST10302GCSM,89.99,More on the Way,https://www.bhphotovideo.com/c/product/1343619-REG/asus_gt1030_2g_csm_geforce_gt_1030_2gb.html,4.5,1.0,4a99d028-dc24-4818-bfe0-67ee68c8ece7
ASPHG1660O6G,299.99,Waiting List Only,https://www.bhphotovideo.com/c/product/1470857-REG/asus_ph_gtx1660_o6g_geforce_gtx_1660_oc.html,5.0,3.0,2fb2b839-a3d0-43bd-9e44-87295b825364
ASDR3060O122,469.99,Waiting List Only,https://www.bhphotovideo.com/c/product/1660417-REG/asus_dual_rtx3060_o12g_v2_dual_geforce_rtx_3060.html,0.0,0.0,af90e27a-d5bf-42aa-b1c0-34924d8ff5f8
ASPHRTX3060,479.99,Waiting List Only,https://www.bhphotovideo.com/c/product/1644571-REG/asus_ph_rtx3060_12g_geforce_rtx_3060_phoenix.html,0.0,0.0,34737862-d41d-44a8-9886-21b93b6ccff7
AST3060O122G,529.99,Waiting List Only,https://www.bhphotovideo.com/c/product/1648769-REG/asus_tuf_rtx3060_o12g_v2_gaming_tuf_gaming_geforce_rtx.html,5.0,2.0,5ba4a1ce-8a4e-4774-9e8b-bf3aab34e811
ASDR3060TOG2,579.99,Waiting List Only,https://www.bhphotovideo.com/c/product/1657711-REG/asus_dual_rtx3060ti_o8g_v2_dual_geforce_rtx_3060.html,5.0,4.0,c9d7e5c1-4bdf-4d41-8198-9e52e71cc61e
ASROGRTX3070,1099.0,Waiting List Only,https://www.bhphotovideo.com/c/product/1645736-REG/asus_rog_strix_rtx3070ti_o8g_gaming_geforce_rtx_3070_ti.html,4.0,1.0,35712d9b-61a0-43c4-b281-a09cf3ab6d3c
ASTUFRTX3070,979.0,Waiting List Only,https://www.bhphotovideo.com/c/product/1645735-REG/asus_tuf_rtx3070ti_o8g_gaming_geforce_rtx_3070_ti.html,5.0,6.0,b4d5ea5f-4a8c-4d42-830e-4c4b9da976a7
ASTGR3080V2O,1149.99,Waiting List Only,https://www.bhphotovideo.com/c/product/1653836-REG/asus_tuf_rtx3080_o10g_v2_gaming_tuf_gaming_geforce_rtx.html,5.0,3.0,1e6c0443-56a6-45b2-aa0a-44d7caa0f32e
ASROGRTX3080,1999.99,Waiting List Only,https://www.bhphotovideo.com/c/product/1644572-REG/asus_rog_strix_rtx3080ti_o12g_gaming_geforce_rtx_3080_ti.html,5.0,8.0,5bd8fcc6-a2cf-42ec-af41-7225b51b7f9c
ASTUFRTX3080,1949.99,Waiting List Only,https://www.bhphotovideo.com/c/product/1644573-REG/asus_tuf_rtx3080ti_o12g_gaming_geforce_rtx_3080_ti.html,5.0,2.0,d6f7ff6a-290c-4ebd-9b2a-2ac6aa6d1942
ASR3090O24GG,2229.99,Waiting List Only,https://www.bhphotovideo.com/c/product/1601764-REG/asus_rog_strix_rtx3090_o24g_gaming_rog_strix_geforce_rtx.html,4.5,4.0,72ea6e4b-8c7a-4927-af47-6ea3e9a58af6
ASTR3090O24G,2199.99,Waiting List Only,https://www.bhphotovideo.com/c/product/1594385-REG/asus_tuf_rtx3090_o24g_gaming_tuf_gaming_rtx_3090.html,5.0,6.0,023db2b7-2ed4-4d33-9c9b-9801003a2bb3
ASPHGT1030O2,94.99,More on the Way,https://www.bhphotovideo.com/c/product/1344710-REG/asus_ph_gt1030_o2g_geforce_gt_1030_2gb.html,5.0,5.0,c5afcf0a-1414-4b3b-ac5f-164918ad2d92
ASPGTX1050T4,199.99,Waiting List Only,https://www.bhphotovideo.com/c/product/1297871-REG/asus_ph_gtx1050ti_4g_asus_phoenix_gf_gtx.html,5.0,1.0,33c6c810-04e6-42c7-bae6-dfe64f1e26ba
ASGTX1650,249.99,Waiting List Only,https://www.bhphotovideo.com/c/product/1524555-REG/asus_ph_gtx1650s_o4g_phoenix_geforce_gtx_1650.html,4.5,2.0,57f09ed9-7f60-493b-b597-e6ffad2f94e4
ASR3060TO82G,649.99,Waiting List Only,https://www.bhphotovideo.com/c/product/1659201-REG/asus_rog_strix_rtx3060ti_o8g_v2_gaming_rog_strix_geforce_rtx.html,0.0,0.0,dd4df5ff-9578-4312-95dd-839262d12baf
ASRSR3060O2G,529.99,New Item - Coming Soon,https://www.bhphotovideo.com/c/product/1658520-REG/asus_rog_strix_rtx3060_o12g_v2_gaming_rog_strix_geforce_rtx.html,0.0,0.0,1495ede7-1b39-4135-be47-a319175718cb
ASRSR3080OW2,1199.99,Waiting List Only,https://www.bhphotovideo.com/c/product/1663056-REG/asus_rog_strix_rtx3080_o10g_whitev2_rog_strix_geforce_rtx.html,5.0,2.0,7b7ab666-8307-4a9b-bf6d-d1d49ef8dae7
ASRLR68XO16G,1329.99,Waiting List Only,https://www.bhphotovideo.com/c/product/1609026-REG/asus_rog_strix_lc_rx6800xt_o16g_gaming_rog_strix_lc_radeon.html,3.5,4.0,b7dcdb27-558f-409c-83b5-d5337164cc70
ASRSR5600XTP,449.99,Waiting List Only,https://www.bhphotovideo.com/c/product/1622273-REG/asus_90yv0eb2_m0aa00_rog_strix_amd_radeon.html,5.0,8.0,a0e8ce0a-9436-48de-92e3-b2a4db8393b9
ASROGRX6700X,929.99,More on the Way,https://www.bhphotovideo.com/c/product/1629850-REG/asus_90yv0g81_m0aa00_republic_of_gamers_strix.html,5.0,9.0,f355083a-c6da-408d-9d9f-3b0c0bdd857d
ASRSRX68O16G,1089.99,Waiting List Only,https://www.bhphotovideo.com/c/product/1609027-REG/asus_rog_strix_rx6800_o16g_gaming_rog_strix_radeon_rx.html,5.0,1.0,8917219f-0370-4b27-b94b-6c95579a0125
ASTFRX68O16G,1049.99,Waiting List Only,https://www.bhphotovideo.com/c/product/1609028-REG/asus_tuf_rx6800_o16g_gaming_tuf_gaming_radeon_rx.html,5.0,1.0,145f175e-cc45-4bed-9b48-f124d328e9ca
ASR6900XO16G,1599.99,More on the Way,https://www.bhphotovideo.com/c/product/1610930-REG/asus_tuf_rx6900xt_o16g_gaming_tuf_gaming_radeon_rx6900.html,4.5,5.0,1a9fd169-8a5b-40c4-9f51-5b8868f34611
ASTUFGTX1650,249.99,Waiting List Only,https://www.bhphotovideo.com/c/product/1524554-REG/asus_tuf_gtx1650s_o4g_gaming_tuf_gaming_geforce_gtx.html,5.0,3.0,80b811c2-bde4-4b3a-bc8c-ebdddfae17cf
ASTR3060TO2G,619.99,Waiting List Only,https://www.bhphotovideo.com/c/product/1657712-REG/asus_tuf_rtx3060ti_o8g_v2_gaming_tuf_gaming_geforce_rtx.html,5.0,2.0,4c601129-2cc8-47ba-93bb-1ebb6c1cebd9
ASTUFRX6700X,899.99,More on the Way,https://www.bhphotovideo.com/c/product/1629866-REG/asus_90yv0g80_m0aa00_tuf_gaming_radeon_rx.html,4.5,5.0,87643409-9f6a-4bb4-8b6c-6bbe6ecdbb77
APMW672AMA,2800.0,Special Order,https://www.bhphotovideo.com/c/product/1568652-REG/apple_mw672am_a_radeon_pro_vega_ii.html,0.0,0.0,630cdd18-ec06-4442-aae4-ae34d0d225d5
APMXM52AMA,600.0,Special Order,https://www.bhphotovideo.com/c/product/1576022-REG/apple_mxm52am_a_radeon_pro_w5500x_mpx.html,0.0,0.0,6b450eec-e0ad-46d8-b1cd-a5c9c2092c87
APMW662AMA,1000.0,Special Order,https://www.bhphotovideo.com/c/product/1568654-REG/apple_mw662am_a_radeon_pro_w5700x_mpx.html,0.0,0.0,20a85452-5ef0-49a2-b71f-ec62807a2bc5
APMJ073AMA,2800.0,New Item - Special Order,https://www.bhphotovideo.com/c/product/1658749-REG/apple_mj073am_a_radeon_pro_w6800x_mpx.html,0.0,0.0,a4eb9105-c7d6-4282-971a-b359a98b3515
DAIMAGE2K,1860.0,Special Order,https://www.bhphotovideo.com/c/product/1655099-REG/datapath_image2k_4_channel_hdmi_pcie.html,0.0,0.0,95996f72-c34d-4dd8-bc57-454d78949bcf
DAIMAGE4K,3720.0,Special Order,https://www.bhphotovideo.com/c/product/1512107-REG/datapath_image4k_8gb_pcie_4_channel_hdmi.html,0.0,0.0,54cc02cd-17b3-4ea9-b26a-4e66e6accf4d
DAIDP4PHDMI,1860.0,Special Order,https://www.bhphotovideo.com/c/product/1394098-REG/datapath_imagedp4_hdmi_4_port_displayport_graphics.html,0.0,0.0,11efeab3-dda9-45c4-ad33-3c4679a99887
DIHD5450,59.99,In Stock,https://www.bhphotovideo.com/c/product/845927-REG/Diamond_5450PE31G_Diamond_Radeon_HD_5450.html,4.0,6.0,ef097238-c70c-4573-b138-9e6dee7a1179
GIGFN3060A,519.99,Waiting List Only,https://www.bhphotovideo.com/c/product/1625930-REG/gigabyte_gv_n3060aorus_e_12gd_aorus_geforce_rtx_3060.html,5.0,3.0,1fb5b296-f6fd-4433-a052-f76a322c36f9
GIAGR3070M8,799.99,Waiting List Only,https://www.bhphotovideo.com/c/product/1606694-REG/gigabyte_gv_n3070aorus_m_8gd_aorus_geforce_rtx_3070.html,4.5,1.0,7255c8cc-a596-40ec-b01b-bf126ceebb98
GIGT1030LD42,109.99,More on the Way,https://www.bhphotovideo.com/c/product/1645387-REG/gigabyte_gv_n1030d4_2gl_gt_1030_low_profile.html,5.0,1.0,850f9629-cdbe-4a8f-9546-b3ca96e0a8db
GIGGT7102,49.99,More on the Way,https://www.bhphotovideo.com/c/product/1543406-REG/gigabyte_gv_n710d5_2gl_geforce_gt710_ddr5_2gb_graphics.html,0.0,0.0,cb08b0a3-d870-4078-a21d-22e23d949868
GIGVN105TD54,155.99,Waiting List Only,https://www.bhphotovideo.com/c/product/1294350-REG/gigabyte_gv_n105td5_4gd_geforce_gtx_1050_ti.html,5.0,1.0,aaa405ab-bfe0-452e-ac50-298a34f9a122
GIG1650O4R2G,159.99,Waiting List Only,https://www.bhphotovideo.com/c/product/1582653-REG/gigabyte_gv_n1656oc_4gd_rev2_0_rev2_0_geforce_gtx_1650_oc.html,4.5,2.0,84fca766-45a5-4340-8d2a-c4b1c621cf78
GI1656WF2O42,179.99,Waiting List Only,https://www.bhphotovideo.com/c/product/1593331-REG/gigabyte_gv_n1656wf2oc_4gd_rev2_0_geforce_gtx_1650_windforce.html,0.0,0.0,1dd3af4a-cd65-4693-b6e7-44b722fe4d89
GIG1650O4,169.99,Waiting List Only,https://www.bhphotovideo.com/c/product/1543371-REG/gigabyte_gv_n1650oc_4gd_geforce_gtx_1650_oc.html,5.0,2.0,e277507c-ea24-4078-9c1e-0d7bdc5f6e2d
GIGFN3060E,459.99,Waiting List Only,https://www.bhphotovideo.com/c/product/1625933-REG/gigabyte_gv_n3060eagle_oc_12gd_geforce_rtx_3060_eagle.html,0.0,0.0,247604ac-ed8a-4094-9ff7-6819d69b65dd
GIGFN3060G,499.99,Waiting List Only,https://www.bhphotovideo.com/c/product/1625932-REG/gigabyte_gv_n3060gaming_oc_12gd_geforce_rtx_3060_gaming.html,5.0,7.0,27d93e37-08b2-495f-85eb-c8babe13b090
GIGF3060EOC,579.99,Waiting List Only,https://www.bhphotovideo.com/c/product/1606948-REG/gigabyte_gv_n306teagle_oc_8gd_rtx_3060_ti_eagle.html,4.0,1.0,c72de486-5c98-454e-8bed-55a3a54cc09b
GIR3060TGOP8,619.99,Waiting List Only,https://www.bhphotovideo.com/c/product/1631604-REG/gigabyte_gv_n306tgamingoc_pro_8gd_r2_geforce_rtx_3060_ti.html,5.0,2.0,adbff5a6-a437-4e9f-aa99-d50df22f7ee2
GIGFN3060V,499.99,Waiting List Only,https://www.bhphotovideo.com/c/product/1625931-REG/gigabyte_gv_n3060vision_oc_12gd_geforce_rtx_3060_vision.html,5.0,4.0,1c6a3bc0-9a93-4fd0-ac63-060b3f8a6285
GIR3070GOC8,749.99,Waiting List Only,https://www.bhphotovideo.com/c/product/1598689-REG/gigabyte_gv_n3070gaming_oc_8gd_geforce_rtx_3070_gaming.html,5.0,1.0,e900d109-de07-4a60-8ce1-6555a96653e5
GIG3070IAM8,979.99,Waiting List Only,https://www.bhphotovideo.com/c/product/1645563-REG/gigabyte_gv_n307taorus_m_8gd_geforce_rtx_3070_ti.html,0.0,0.0,3032c504-14b9-4fee-8863-900a557fd47a
GIG3070IE8,599.99,Waiting List Only,https://www.bhphotovideo.com/c/product/1645567-REG/gigabyte_gv_n307teagle_8gd_geforce_rtx_3070_ti.html,0.0,0.0,7071a6f5-e7b6-4864-9e04-07928a6fdd1b
GIG3070IEOC8,799.99,Waiting List Only,https://www.bhphotovideo.com/c/product/1645566-REG/gigabyte_gv_n307teagle_oc_8gd_geforce_rtx_3070_ti.html,0.0,0.0,e6a76279-d921-4ed2-909b-48415f3b187d
GIG3070IGOC8,849.99,Waiting List Only,https://www.bhphotovideo.com/c/product/1645565-REG/gigabyte_gv_n307tgaming_oc_8gd_geforce_rtx_3070_ti.html,3.5,3.0,b5b3b06d-73c4-44e8-9338-34ac8baecc77
GIG3070IVOC8,899.99,Waiting List Only,https://www.bhphotovideo.com/c/product/1645564-REG/gigabyte_gv_n307tvision_oc_8gd_geforce_rtx_3070_ti.html,0.0,0.0,e394d9ce-7863-47b1-9268-8def6ca8e028
GIGR3070VO8,779.99,Waiting List Only,https://www.bhphotovideo.com/c/product/1606695-REG/gigabyte_gv_n3070vision_oc_8gd_geforce_rtx_3070_vision.html,5.0,1.0,ae2b0141-b1c2-4e5d-a654-460ea388738c
GI3080GO10GD,1079.99,Waiting List Only,https://www.bhphotovideo.com/c/product/1593333-REG/gigabyte_gv_n3080gaming_oc_10gd_geforce_rtx_3080_gaming.html,5.0,2.0,42ad9415-8e50-4ff0-81ec-afeba501caf4
GIGVN308TAM,1599.99,Waiting List Only,https://www.bhphotovideo.com/c/product/1644578-REG/gigabyte_gv_n308taorus_m_12gd_geforce_rtx_3080_ti.html,0.0,0.0,24b3e46c-7576-4517-ad92-3c90707e8c4b
GIGVN308TAX,1649.99,Waiting List Only,https://www.bhphotovideo.com/c/product/1644577-REG/gigabyte_gv_n308taorus_x_12gd_geforce_rtx_3080_ti.html,0.0,0.0,9b65022e-84f9-4a18-8bdc-9941a13e6967
GIGVN308EOC,1429.99,Waiting List Only,https://www.bhphotovideo.com/c/product/1644581-REG/gigabyte_gv_n308teagle_oc_12gd_geforce_rtx_3080_ti.html,0.0,0.0,08d0c615-c420-4985-9c51-94fe4a313813
GIGVN308G,1479.99,Waiting List Only,https://www.bhphotovideo.com/c/product/1644579-REG/gigabyte_gv_n308tgaming_oc_12gd_geforce_rtx_3080_ti.html,0.0,0.0,588ffa0e-47f5-495b-a959-f17c0b417163
GIGVN308V,1529.99,Waiting List Only,https://www.bhphotovideo.com/c/product/1644580-REG/gigabyte_gv_n308tvision_oc_12gd_geforce_rtx_3080_ti.html,0.0,0.0,dc18f0ed-5c45-4c11-837f-2b4dc54afb6b
GIAGR3080X10,1129.99,Waiting List Only,https://www.bhphotovideo.com/c/product/1599835-REG/gigabyte_gv_n3080aorus_x_10gd_aorus_geforce_rtx_3080.html,5.0,1.0,31d6d01b-a6ba-49c0-bbf0-36aeb7f1ecb3
GI3090GGO24G,2129.99,Waiting List Only,https://www.bhphotovideo.com/c/product/1593335-REG/gigabyte_gv_n3090gaming_oc_24gd_geforce_rtx3090_gaming_oc.html,0.0,0.0,2836b4aa-61e6-4244-aabc-a77c26dbb459
GIGR3090VO24,2149.99,Waiting List Only,https://www.bhphotovideo.com/c/product/1606700-REG/gigabyte_gv_n3090vision_oc_24gd_geforce_rtx_3090_vision.html,5.0,3.0,59c281cf-2402-43a3-8171-b427ee5d73d5
GIR5500XTGO4,189.99,Waiting List Only,https://www.bhphotovideo.com/c/product/1543407-REG/gigabyte_gv_r55xtgaming_oc_4gd_radeon_rx_5500_xt.html,3.0,2.0,23161394-e147-449b-a612-d61612b7544b
GIR57XTGO8G2,419.99,Waiting List Only,https://www.bhphotovideo.com/c/product/1593336-REG/gigabyte_gv_r57xtgaming_oc_8gd_rev2_0_radeon_rx_5700_xt.html,5.0,1.0,cb621baa-82d7-4636-b3b3-3df3bcdb616f
GIRRX5808GR2,219.99,Waiting List Only,https://www.bhphotovideo.com/c/product/1559781-REG/gigabyte_gv_rx580gaming_8gd_rev2_0_radeon_rx_580_gaming_8g.html,5.0,4.0,9bf8ee6d-b072-431b-9df9-2aac900fdc38
GIAR67XTE12,1019.99,More on the Way,https://www.bhphotovideo.com/c/product/1632760-REG/gigabyte_gv_r67xtaorus_e_12gd_aorus_radeon_rx_6700.html,5.0,1.0,4a8c5fed-0979-4f3c-ae40-8654b30556c2
GIR67XTEAG12,889.99,More on the Way,https://www.bhphotovideo.com/c/product/1634373-REG/gigabyte_gv_r67xteagle_12gd_radeon_rx_6700_xt.html,5.0,3.0,e45b79af-9843-4ead-bce9-da4de71fa8e8
GIR67XTGOC12,959.99,More on the Way,https://www.bhphotovideo.com/c/product/1632761-REG/gigabyte_gv_r67xtgaming_oc_12gd_radeon_rx_6700_xt.html,5.0,1.0,715e8a2f-163e-4beb-9b84-136a14d721ce
HE3ME25AT,150.93,In Stock,https://www.bhphotovideo.com/c/product/1418017-REG/hp_3me25at_nvidia_quadro_p620_2gb.html,5.0,1.0,536a8074-43af-4fa7-8e3b-744f043f4342
HE3ME26AT,11999.0,Special Order,https://www.bhphotovideo.com/c/product/1418019-REG/hp_3me26at_nvidia_quadro_gv100_32gb.html,4.0,1.0,16e75d09-0615-436f-ac61-b69d01e0c9dd
HE5JW82AT,104.11,Special Order,https://www.bhphotovideo.com/c/product/1480558-REG/hp_5jw82at_amd_radeon_r7_430.html,0.0,0.0,4272ac11-98ea-4fdc-a6f2-2a3a9acc0175
HE1ZE81AT,6799.55,Special Order,https://www.bhphotovideo.com/c/product/1364902-REG/hp_1ze81at_nvidia_quadro_gp100_16gb.html,4.0,2.0,e73325cf-8cb8-411a-8156-0c71ee15ad8d
HET8W13AT,215.0,Special Order,https://www.bhphotovideo.com/c/product/1255728-REG/hp_t8w13at_nvidia_quadro_m1000m_2gb.html,0.0,0.0,751941fd-f067-4047-98eb-b19db489343b
HE1ME01AA,799.0,Special Order,https://www.bhphotovideo.com/c/product/1364893-REG/hp_1me01aa_nvidia_quadro_p1000_4gb.html,0.0,0.0,29603a5f-92ac-4f05-bd92-c3d406178c30
HE1ME01AT,315.02,More on the Way,https://www.bhphotovideo.com/c/product/1364894-REG/hp_1me01at_nvidia_quadro_p1000_4gb.html,0.0,0.0,ffca0b13-309a-4c53-b35c-0342d02c6b3a
HE6YT67AT,394.95,More on the Way,https://www.bhphotovideo.com/c/product/1512774-REG/hp_6yt67at_nvidia_quadro_p2200_5gb.html,0.0,0.0,c7aa1bf4-2497-4107-8dd1-c930625c9c97
HE1ME43AT,109.0,Special Order,https://www.bhphotovideo.com/c/product/1364898-REG/hp_1me43at_nvidia_quadro_p400_2gb.html,3.5,6.0,5224f870-1bc9-4699-9db1-64e398ee7bee
HE5JV89AT,1053.5,In Stock,https://www.bhphotovideo.com/c/product/1492619-REG/hp_5jv89at_nvidia_quadro_rtx4000_8gb.html,4.0,2.0,f27df7ac-a729-4e6e-b790-6a60acf85221
HE5JH81AT,2683.25,In Stock,https://www.bhphotovideo.com/c/product/1461739-REG/hp_5jh81at_nvidia_quadro_rtx5000_16gb.html,0.0,0.0,7e6bc043-571b-4a99-ad32-23e8c40f5f7a
HE5JH80AT,3999.0,More on the Way,https://www.bhphotovideo.com/c/product/1461737-REG/hp_5jh80at_nvidia_quadro_rtx6000_24gb.html,5.0,1.0,f87110b5-9a66-4703-babd-b1bd9cb17177
HERTX8000,5509.0,More on the Way,https://www.bhphotovideo.com/c/product/1497815-REG/hp_6nb51at_nvidia_quadro_rtx8000_48gb.html,5.0,2.0,fb383a6d-fe34-43cd-bba4-c3c06ee90eb3
HE9GC16AT,552.16,New Item - Coming Soon,https://www.bhphotovideo.com/c/product/1630594-REG/hp_9gc16at_smart_buy_amd_radeon.html,0.0,0.0,c4bc93de-33e4-43d6-8fc6-6aceb23d29cd
HE2TF08AA,299.0,Special Order,https://www.bhphotovideo.com/c/product/1400678-REG/hp_2tf08aa_radeon_pro_wx_3100.html,0.0,0.0,c2f31065-5023-4789-9ca1-652569a2c481
HE2TF08AT,212.62,Special Order,https://www.bhphotovideo.com/c/product/1400679-REG/hp_2tf08at_radeon_pro_wx_3100.html,0.0,0.0,0025ac02-ed95-4c01-8111-e3b5ebb48385
HE6YT68AT,229.5,Special Order,https://www.bhphotovideo.com/c/product/1512776-REG/hp_6yt68at_amd_radeon_pro_wx.html,0.0,0.0,1446dfc9-38f2-4587-b9dc-9e49f58a88b7
HEBM147UT,239.95,Special Order,https://www.bhphotovideo.com/c/product/1495072-REG/hp_5lh79at_amd_radeon_rx550_4gb.html,1.0,1.0,4e9240f7-6111-41e8-b4f6-34526ae1049a
HEZ0B14AA,975.0,Special Order,https://www.bhphotovideo.com/c/product/1304129-REG/hp_z0b14aa_radeon_pro_wx_7100.html,0.0,0.0,20091f5f-3789-4a24-8648-2ccdc9d2d0fe
LE4X60R60468,249.99,Special Order,https://www.bhphotovideo.com/c/product/1493879-REG/lenovo_4x60r60468_quadro_p620_graphic_card.html,5.0,1.0,5cd83c1e-a2cb-460a-85d6-3ab3c0324122
LE4X60N86661,401.65,Special Order,https://www.bhphotovideo.com/c/product/1428877-REG/lenovo_4x60n86661_thinkstation_nvidia_quadro_p1000.html,0.0,0.0,ddde6deb-5a51-42a5-b176-d17c71549afd
LE4X60N86660,401.65,Special Order,https://www.bhphotovideo.com/c/product/1428876-REG/lenovo_4x60n86660_thinkstation_nvidia_quadro_p1000.html,0.0,0.0,740bfe27-3025-425e-a5c6-4b7586aba8c8
LE4X60N86657,124.32,Special Order,https://www.bhphotovideo.com/c/product/1428874-REG/lenovo_4x60n86657_thinkstation_nvidia_quadro_p400.html,5.0,2.0,fa326df6-3f3b-4499-b4b5-1f46419ffd1a
LE4X60N86656,133.87,Special Order,https://www.bhphotovideo.com/c/product/1428873-REG/lenovo_4x60n86656_thinkstation_nvidia_quadro_p400.html,5.0,1.0,2e86ab4b-f17c-4160-8c58-fc4082c57059
MSN210MD1GD3,54.99,Special Order,https://www.bhphotovideo.com/c/product/1404335-REG/msi_n210_md1g_d3_geforce_210_1gb_ddr3.html,0.0,0.0,0cd9af7d-0b8a-4af6-8fc7-b983a42458e2
MSG103024PC,114.99,More on the Way,https://www.bhphotovideo.com/c/product/1622394-REG/msi_g103024pc_geforce_gt_1030_2gd4.html,4.0,1.0,d004160f-f447-4055-ab32-0e5ae1a4b080
MSG10302HPC,99.99,New Item - Coming Soon,https://www.bhphotovideo.com/c/product/1622395-REG/msi_g10302hpc_geforce_gt_1030_2gh.html,0.0,0.0,a2732133-fc76-4846-803c-ad89d7088822
MSGT7101GD3H,67.99,Back-Ordered,https://www.bhphotovideo.com/c/product/1234273-REG/msi_gt_710_1gd3h_lp_geforce_gtx_710_graphics.html,5.0,1.0,ae5659e6-5924-4ab9-bc9b-ffbd48d43a81
MSGTX1050TI,309.99,Waiting List Only,https://www.bhphotovideo.com/c/product/1292076-REG/msi_gtx_1050_ti_gaming_x_4g_geforce_gtx_1050_ti.html,5.0,1.0,9ac334b3-f98b-47fc-8e67-dd2d353b1351
MSG1650D6VXO,294.99,Waiting List Only,https://www.bhphotovideo.com/c/product/1609087-REG/msi_g165d6vxsc1_geforce_gtx_1650_d6.html,0.0,0.0,a9bab72a-fb09-405c-8fec-42c8ac75e5e4
MSG3060GX12,534.99,Waiting List Only,https://www.bhphotovideo.com/c/product/1622180-REG/msi_g3060gx12_geforce_rtx_3060_gaming.html,5.0,9.0,03667498-5524-4721-bb1c-1c467c271f9f
MSG3060GXT12,559.99,Waiting List Only,https://www.bhphotovideo.com/c/product/1622179-REG/msi_g3060gxt12_geforce_rtx_3060_gaming.html,5.0,9.0,c345b527-145b-445a-a550-afcbab76273d
MS3060TGZT8L,669.99,Waiting List Only,https://www.bhphotovideo.com/c/product/1660028-REG/msi_geforce_rtx_3060_ti.html,0.0,0.0,b6c4fc15-4730-4b0b-9194-f24b8d0fc563
MSG3060V2X12,504.99,Waiting List Only,https://www.bhphotovideo.com/c/product/1622182-REG/msi_g3060v2x12c_geforce_rtx_3060_ventus.html,0.0,0.0,a1c7b51e-efb3-4a14-af8d-3c82e186f79e
MSG3060V3X12,514.99,Waiting List Only,https://www.bhphotovideo.com/c/product/1622181-REG/msi_g3060v3x12c_geforce_rtx_3060_ventus.html,0.0,0.0,3ad9bff0-3d4b-450e-980b-9990950fbdc4
MSGR3070GXT,799.99,Waiting List Only,https://www.bhphotovideo.com/c/product/1601489-REG/msi_g3070gxt_geforce_rtx_3070_gaming.html,0.0,0.0,e05ecefd-1cd4-4235-be7f-bc97c6de1998
MSG3070GZTL,809.99,Waiting List Only,https://www.bhphotovideo.com/c/product/1660675-REG/msi_g3070gztl_geforce_rtx_3070_gaming.html,0.0,0.0,6729f417-e194-4eb4-a9ae-231a5e84e071
MSR3070TGXT8,929.99,Waiting List Only,https://www.bhphotovideo.com/c/product/1646809-REG/msi_geforce_rtx_3070_ti.html,4.0,1.0,912bd6d2-1ea6-4b86-a2cc-ff251730c362
MSG308TGXT12,1779.99,Waiting List Only,https://www.bhphotovideo.com/c/product/1643280-REG/msi_g308tgxt12_geforce_rtx_3080_ti.html,4.5,1.0,32bb0177-f842-4f14-87ef-cd6bd351d3d6
MSG308TV3X12,1749.99,Waiting List Only,https://www.bhphotovideo.com/c/product/1643279-REG/msi_g308tv3x12c_geforce_rtx_3080_ti.html,5.0,2.0,5642fb25-f2f0-4d24-87ab-663c642f496f
MSG3090GXT24,2279.99,Waiting List Only,https://www.bhphotovideo.com/c/product/1593994-REG/msi_g3090gxt24_geforce_rtx_3090_gaming.html,5.0,1.0,452d2196-6dd2-4503-b4fd-bfa5c7a07e43
MSR3090SPX24,2389.99,Waiting List Only,https://www.bhphotovideo.com/c/product/1605889-REG/msi_geforce_rtx_3090_suprim.html,0.0,0.0,d4fcfa42-4eab-468c-a06f-2f79d22373b7
MS6600XTGX8G,579.99,Waiting List Only,https://www.bhphotovideo.com/c/product/1660030-REG/msi_radeon_rx_6600_xt.html,0.0,0.0,b703f661-e23f-427a-ae90-410ed62bd81f
MSR6700XTGX,899.99,More on the Way,https://www.bhphotovideo.com/c/product/1631271-REG/msi_r6700xtgx_radeon_rx_6700_xt.html,5.0,1.0,cd514709-7fcd-40c3-8131-3f772af3b16b
MSR6800XTGXT,1329.99,More on the Way,https://www.bhphotovideo.com/c/product/1620004-REG/msi_r6800xtgxt16_radeon_rx_6800_xt.html,4.0,1.0,540985dc-9b9b-4fad-8f25-90d66b612fdb
MSR6900XTGXT,1934.99,More on the Way,https://www.bhphotovideo.com/c/product/1622136-REG/msi_r6900xtgxt16_radeon_rx_6900_xt.html,0.0,0.0,9332c98d-cead-4eff-87fc-7a19fb0ee11e
MAC4204GB,639.0,Special Order,https://www.bhphotovideo.com/c/product/1475558-REG/matrox_c420_e4gblaf_c420_graphic_card.html,0.0,0.0,49cfd831-f5b7-4ee5-a6bd-c86ab1606b19
MAG55MDDE32,219.0,Special Order,https://www.bhphotovideo.com/c/product/819837-REG/Matrox_G55_MDDE32F_G550_PCIe_x1_32_Bit.html,0.0,0.0,1ce01a8d-5333-43e3-a840-3f6ed2889575
MAM9120LA,299.0,Special Order,https://www.bhphotovideo.com/c/product/819817-REG/Matrox_M9120_E512LAU1F_M9120_512MB_PCI_Express.html,4.5,2.0,b2bd4559-a059-431c-8cfb-b362d9d3cd94
MAM9120F,249.0,Special Order,https://www.bhphotovideo.com/c/product/819816-REG/Matrox_M9120_E512F_M9120_512MB_PCI_Express.html,4.5,2.0,d82a3686-3e58-4985-9a35-8a6a5d3421f6
MAM91381024,399.95,Special Order,https://www.bhphotovideo.com/c/product/819831-REG/Matrox_M9138_E1024LAF_M9138_Low_Profile_PCIe.html,0.0,0.0,6652c4d3-cda9-4c9e-b4ca-48d26be6e556
MAM91400512,539.95,Special Order,https://www.bhphotovideo.com/c/product/819833-REG/Matrox_M9140_E512LAF_M9140_Low_Profile_PCIe.html,0.0,0.0,9009a937-5536-4f14-84ab-f7f3853df0d6
MAM91481024,599.0,Special Order,https://www.bhphotovideo.com/c/product/819835-REG/Matrox_M9148_E1024LAF_M9148_Low_Profile_PCIe.html,0.0,0.0,a7c04c1e-2e04-49fe-8536-33fbd58136d0
MA9188E2048F,1799.0,Special Order,https://www.bhphotovideo.com/c/product/893267-REG/Matrox_m9188_e2048f_M9188_PCIE_VID_CARD.html,0.0,0.0,e49ef279-0bca-4f43-9fa4-810d1d0b7f47
MIXBSS512WH,299.99,Waiting List Only,https://www.bhphotovideo.com/c/product/1600079-REG/microsoft_rrs_00001_xbox_series_s_512gb.html,0.0,0.0,f6920bd1-e968-40d5-b3e1-0c3f9a18b747
MIXBSX1BK,499.99,Waiting List Only,https://www.bhphotovideo.com/c/product/1600080-REG/microsoft_rrt_00001_xbox_series_x_1tb.html,0.0,0.0,fa1711e7-d840-4f12-b066-b2b2113e3a92
PNNDQ52KQ16G,5898.0,Special Order,https://www.bhphotovideo.com/c/product/1078281-REG/pny_technologies_vcqk5200sync_2k52kit_dual_nvida_quadro_k5200.html,0.0,0.0,e0f090d6-9c9a-4cc1-b85d-04582152998a
PNNDQ6KQS24G,12897.0,Special Order,https://www.bhphotovideo.com/c/product/1078280-REG/pny_technologies_vcqk6000sync_2k6kit_nvidia_quadro_k6000_ultra_high.html,0.0,0.0,d4b8084b-f154-473b-b12e-10af2102a294
PNGT10302,129.99,In Stock,https://www.bhphotovideo.com/c/product/1598670-REG/pny_technologies_vcggt10302pb_bb_geforce_gt_1030_2gb.html,4.0,1.0,76924df4-bee9-443d-85f9-c4b8e4da4525
PNGT7102PLP,69.99,More on the Way,https://www.bhphotovideo.com/c/product/1598671-REG/pny_technologies_vcggt7102xpb_bb_geforce_gt_710_2gb.html,0.0,0.0,b746e195-5eea-41ed-a2cd-aa7cd4c0197c
PNG1650SSFO,219.99,Waiting List Only,https://www.bhphotovideo.com/c/product/1598663-REG/pny_technologies_vcg16504ssfppb_o_geforce_gtx_1650_super.html,0.0,0.0,18053c44-e012-4eec-bd2e-d09aa311cd45
PNG16606GO,219.99,Waiting List Only,https://www.bhphotovideo.com/c/product/1598665-REG/pny_technologies_vcg16606sfppb_o_geforce_gtx_1660_6gb.html,0.0,0.0,67be3cf5-c2d2-464f-8840-bb6e07c80ac9
PNGR3060T8,621.99,Waiting List Only,https://www.bhphotovideo.com/c/product/1612141-REG/pny_technologies_vcg3060t8dfmpb_geforce_rtx_3060_ti.html,0.0,0.0,45676ec4-bbdf-4087-9d04-70404c43e8dc
PNR306012RED,499.99,Waiting List Only,https://www.bhphotovideo.com/c/product/1627141-REG/pny_technologies_vcg306012dfxppb_geforce_rtx_3060_12gb.html,5.0,3.0,c0d848e2-7bc4-4bd7-bf2c-ed66a34cb734
PNR306012RES,489.99,Waiting List Only,https://www.bhphotovideo.com/c/product/1627142-REG/pny_technologies_vcg306012sfxppb_geforce_rtx_3060_12gb.html,5.0,2.0,8b9cf919-3559-40ef-b26b-d22973569ec2
PNR3070T8RE,999.99,Waiting List Only,https://www.bhphotovideo.com/c/product/1647430-REG/pny_technologies_vcg3070t8tfxppb_geforce_rtx_3070_ti.html,0.0,0.0,86b315fd-d129-4e90-b543-38701d3f75af
PNGR30708GC,699.99,Waiting List Only,https://www.bhphotovideo.com/c/product/1595983-REG/pny_technologies_vcg30708dfmpb_geforce_rtx_3070_8gb.html,3.0,2.0,75dda970-2750-4d38-ab2e-a6cf4487d744
PNR3080T12RE,1999.99,Waiting List Only,https://www.bhphotovideo.com/c/product/1647431-REG/pny_technologies_vcg3080t12tfxppb_geforce_rtx_3080_ti.html,4.5,3.0,0e7d8eb6-88fc-4237-ad7b-873969faad2f
PNVCQK4000SP,5249.0,Special Order,https://www.bhphotovideo.com/c/product/995839-REG/pny_technologies_vcqk4000sdi_pb_nvidia_quadro_k4000_sdi.html,0.0,0.0,14b09fef-6932-495f-ba1d-5e341666c13c
PNVCQK4000S,8249.0,Special Order,https://www.bhphotovideo.com/c/product/995838-REG/pny_technologies_vcqk4000sdi_io_pb_nvidia_quadro_k4000_sdi.html,0.0,0.0,432e9df9-bdaa-4bff-bef7-75437e4a34f6
PNNQ4200IO4G,8249.0,Special Order,https://www.bhphotovideo.com/c/product/1078278-REG/pny_technologies_vcqk4200sdi_io_pb_nvidia_quadro_k4200_with.html,0.0,0.0,3e7c2eca-19cb-43b5-bb86-7fff1836d58a
PNVCQK5000S,8999.0,Special Order,https://www.bhphotovideo.com/c/product/995836-REG/pny_technologies_vcqk5000sdi_io_pb_nvidia_quadro_k5000_sdi.html,0.0,0.0,560e804c-f973-4c70-bb1f-e784dda4e0cc
PNNQ52008GB,5999.0,Special Order,https://www.bhphotovideo.com/c/product/1078277-REG/pny_technologies_vcqk5200sdi_pb_nvidia_quadro_k4200_graphics.html,0.0,0.0,813365f8-a70f-4639-86bd-d70e1954aa82
PNNQ5200S8GB,3399.0,Special Order,https://www.bhphotovideo.com/c/product/1078282-REG/pny_technologies_vcqk5200sync_pb_nvidia_quadro_k5200_graphics.html,0.0,0.0,e18ddb5e-edc0-4608-9b80-8cc2704ce892
PNNQ5200IO8G,8999.0,Special Order,https://www.bhphotovideo.com/c/product/1078276-REG/pny_technologies_vcqk5200sdi_io_pb_nvidia_quadro_k4200_with.html,0.0,0.0,d176f29e-28ca-408e-b4e3-a35ec681b4ee
PNNK6000IO,12998.0,Special Order,https://www.bhphotovideo.com/c/product/1052036-REG/pny_technologies_vcqk6000sdi_io_pb_nvidia_quadro_k6000_12gb.html,5.0,6.0,e80a7ff7-0c7c-4c9b-b4f3-667e8e90552e
PNNK6000SYNC,6898.0,Special Order,https://www.bhphotovideo.com/c/product/1052038-REG/pny_technologies_vcqk6000sync_pb_nvidia_quadro_sync_k6000.html,0.0,0.0,e38e80d0-8c71-4e78-ba4c-5cfb950e1d10
PNQRTX5000PB,2499.0,Special Order,https://www.bhphotovideo.com/c/product/1497882-REG/pny_technologies_vcqrtx5000_pb_nvidia_quadro_rtx_5000.html,5.0,1.0,54da7310-891b-4b80-b8ec-cafad3a08006
PNNQT1000,499.0,New Item - Coming Soon,https://www.bhphotovideo.com/c/product/1655101-REG/pny_technologies_vcnt1000_sb_nvidia_quadro_t1000_graphic.html,0.0,0.0,2f43221c-8dff-4968-ba4e-43a55cab9ea9
PNVCQGP100PB,8899.0,Special Order,https://www.bhphotovideo.com/c/product/1326544-REG/pny_technologies_vcqgp100_pb_nvidia_quadro_gp100.html,4.0,2.0,2254f25d-81e3-43da-afa0-640575338f0c
PNVCQGV100PB,10560.0,Special Order,https://www.bhphotovideo.com/c/product/1402941-REG/pny_technologies_vcqgv100_pb_quadro_gv100_graphic_card.html,4.0,1.0,c32b8ef4-be1b-4416-8434-c760d5685be0
PNQK6000,4399.99,Special Order,https://www.bhphotovideo.com/c/product/1007060-REG/pny_technologies_vcqk6000_pb_quadro_k6000_12gb_gddr5.html,5.0,6.0,b6451a2b-41d8-4a36-8d25-f57ff416927e
PNNQP1000V24,338.99,In Stock,https://www.bhphotovideo.com/c/product/1582968-REG/pny_technologies_vcqp1000v2_pb_nvidia_quadro_p1000_v2.html,0.0,0.0,a3bd702a-4f72-429c-b7bc-3f4bfb8a5922
PNNQP2200,489.99,In Stock,https://www.bhphotovideo.com/c/product/1514247-REG/pny_technologies_vcqp2200_sb_nvidia_quadro_p2200_graphics.html,5.0,5.0,d3b09307-80b8-4b3c-afba-a23d5f5df2bd
PNNQP400V22,144.99,More on the Way,https://www.bhphotovideo.com/c/product/1582969-REG/pny_technologies_vcqp400v2_pb_nvidia_quadro_p400_v2.html,3.5,2.0,ba2dee70-36d2-49d2-b71a-2ac95f9a9d5e
PNQRTX4000PB,1028.99,In Stock,https://www.bhphotovideo.com/c/product/1497881-REG/pny_technologies_vcqrtx4000_pb_nvidia_quadro_rtx_4000.html,5.0,5.0,be2432cc-f1e0-4e01-a566-2f7aa571608a
PNQRTX6000PB,4699.99,In Stock,https://www.bhphotovideo.com/c/product/1437880-REG/nvidia_vcqrtx6000_pb_quadro_rtx_6000_graphics.html,0.0,0.0,cfa53a80-16af-404c-8456-f9f17a07e6ef
PNQRTX8000PB,8899.0,Special Order,https://www.bhphotovideo.com/c/product/1497883-REG/pny_technologies_vcqrtx8000_pb_nvidia_quadro_rtx_8000.html,0.0,0.0,3b45d4e7-9987-44f1-99dd-c68558c8493c
PNR3060T8GRE,564.99,Waiting List Only,https://www.bhphotovideo.com/c/product/1609440-REG/pny_technologies_vcg3060t8dfxppb_geforce_rtx_3060_ti.html,0.0,0.0,9ab970c3-1916-4752-a247-45e2f9f543b2
PNNRA4000,1399.0,More on the Way,https://www.bhphotovideo.com/c/product/1644218-REG/pny_technologies_vcnrtxa4000_pb_nvidia_rtx_a4000_graphics.html,4.5,3.0,f1b531e2-3967-4ea6-abf2-c1674e4a39a1
PNNRA5000,2599.0,In Stock,https://www.bhphotovideo.com/c/product/1644219-REG/pny_technologies_vcnrtxa5000_pb_nvidia_rtx_a5000_graphics.html,0.0,0.0,a0a9281e-ed6e-4372-8904-b697afb8ab8c
PNNRA6000,6999.0,In Stock,https://www.bhphotovideo.com/c/product/1607840-REG/pny_technologies_vcnrtxa6000_pb_nvidia_rtx_a6000_graphic.html,3.0,2.0,4aed5e45-cd34-43cc-a4d0-51880291a2ec
PNRTXA6000SB,6999.0,In Stock,https://www.bhphotovideo.com/c/product/1654548-REG/pny_technologies_vcnrtxa6000_sb_quadro_rtx_a6000_48gb.html,3.0,2.0,3be3dd91-18b6-4fd9-befe-3a57ea385dd8
PNRTXA6000SY,7399.99,In Stock,https://www.bhphotovideo.com/c/product/1656646-REG/pny_technologies_vcnrtxa6000sync_pb_nvidia_quadro_rtx_a6000.html,0.0,0.0,3fbcbd8a-a26c-41d1-9a9b-2b4e884c751e
PNNT600,249.0,Special Order,https://www.bhphotovideo.com/c/product/1660423-REG/pny_technologies_vcnt600_pb_nvidia_t600_graphic_card.html,0.0,0.0,f433daa5-d1c7-4a3c-9983-14ce4da0b700
PNNQT600,249.0,More on the Way,https://www.bhphotovideo.com/c/product/1660424-REG/pny_technologies_vcnt600_sb_nvidia_quadro_t600_graphic.html,0.0,0.0,7a5c7380-b092-43f4-90ee-53e0d14ff4a1
PNNK6000PB,9998.0,Special Order,https://www.bhphotovideo.com/c/product/1052037-REG/pny_technologies_vcqk6000sdi_pb_nvidia_quadro_k6000_12gb.html,5.0,6.0,e09e7557-6dd3-46e9-bc28-a25ea8d6da6c
PNVCQ5000SDI,8999.0,Special Order,https://www.bhphotovideo.com/c/product/836966-REG/PNY_Technologies_VCQ5000SDI_IO_PB_NVIDIA_Quadro_5000_SDI.html,0.0,0.0,23bdc7e3-6173-4715-8e86-705371a8bdd5
PNVCQ6000PB,4599.99,Special Order,https://www.bhphotovideo.com/c/product/732172-REG/PNY_Technologies_VCQ6000_PB_nVIDIA_Quadro_6000_PCIE.html,0.0,0.0,781bf5a7-811c-42d5-bb24-ef4dfeddb865
PNQK5000BK,5999.0,Special Order,https://www.bhphotovideo.com/c/product/919449-REG/pny_technologies_vcqk5000sdi_pb_quadro_k5000_sdi_bundled.html,0.0,0.0,83ca0ecb-efc5-4dbb-9e61-8d675f4cf051
PNK5000,3399.0,Special Order,https://www.bhphotovideo.com/c/product/916052-REG/pny_technologies_vcqk5000sync_pb_quadro_k5000_sync_board.html,0.0,0.0,9b7f0ab2-5602-4dfa-b850-14eda884d15b
PAFZVGT551W,591.95,Special Order,https://www.bhphotovideo.com/c/product/1547561-REG/panasonic_fz_vgt551w_dedicated_graphics_xpak_for.html,0.0,0.0,e5fe76f6-1ffe-4a74-b71d-e9f2f6886ed3
SA100505852,1717.95,Special Order,https://www.bhphotovideo.com/c/product/1055246-REG/sapphire_100_505852_radeon_sky_900_graphic.html,0.0,0.0,081ab128-8b5e-4ade-8e6f-c3f5cbe70b3c
SMAPPRPXHD,1623.95,Special Order,https://www.bhphotovideo.com/c/product/673269-REG/Smart_AVI_APPR_PX_HD_PresenterPro_HD_Digital_Signage_Card.html,0.0,0.0,d14a504e-ad6f-4c3c-8572-d6f764ea573b
SMXP4RDS,1379.95,Special Order,https://www.bhphotovideo.com/c/product/570081-REG/Smart_AVI_XP4_RDS_Xpander_PCI_Quad_Display.html,0.0,0.0,638d40c4-0fe9-4e4a-b7c9-d767f58bc118
SMXP4XRD,1623.95,Special Order,https://www.bhphotovideo.com/c/product/570086-REG/Smart_AVI_XP4_XRD_Xpander_Xpress_Quad_PCI.html,0.0,0.0,7d8547d0-f054-498f-a397-0c869ac5e4bd
SOPS5CS,499.99,Waiting List Only,https://www.bhphotovideo.com/c/product/1595083-REG/sony_3005718_playstation_5_gaming_console.html,0.0,0.0,3a521b04-18f6-4148-9458-18b8ec447e10
VI54502GB,70.0,Special Order,https://www.bhphotovideo.com/c/product/1232707-REG/visiontek_900861_radeon_5450_graphics_card.html,5.0,1.0,c8f7dfb7-c2d8-4193-82c3-432b19f60930
VIH54PVH4H,179.99,Special Order,https://www.bhphotovideo.com/c/product/1302690-REG/visiontek_900901_hd_5570_4_port_vhdci.html,4.0,1.0,673a0761-70d8-4764-af05-e0393dbd7d29
VIRH55701GGC,185.06,Special Order,https://www.bhphotovideo.com/c/product/1068007-REG/visiontek_900345_radeon_hd_5570.html,4.0,1.0,4606db6b-24d9-4035-83dd-58e5fb2e8779
VIHD77505MGC,366.99,Special Order,https://www.bhphotovideo.com/c/product/1075304-REG/visiontek_900690_radeon_hd_7750_graphic.html,5.0,1.0,a511729d-3df9-4ac8-abb4-5a95817cd690
VIRHD7750GC,159.8,Special Order,https://www.bhphotovideo.com/c/product/1114130-REG/visiontek_900574_radeon_hd7750_small_form.html,5.0,1.0,5b042f44-6959-4e9f-854b-40d8642be6a2
XFRX66XT8LBD,479.99,Waiting List Only,https://www.bhphotovideo.com/c/product/1657927-REG/xfx_rx_66xt8lbdq_radeon_rx_6600_xt.html,4.5,1.0,c0f3a286-401e-4678-938c-8b1842fc0741
XFM319AR67XB,849.99,Waiting List Only,https://www.bhphotovideo.com/c/product/1630554-REG/xfx_force_rx_67xtytbdp_merc_319_amd_radeon.html,5.0,2.0,e005c9ac-98cb-4004-a463-96ea6974a181
XFR67XTYPBDP,849.99,More on the Way,https://www.bhphotovideo.com/c/product/1635707-REG/xfx_rx_67xtypbdp_speedster_qick_319_amd.html,5.0,5.0,3322e8a2-353c-4fb2-b908-5bd51f01d491
XFRX6800QBK,1099.99,Waiting List Only,https://www.bhphotovideo.com/c/product/1645075-REG/xfx_rx_68xlalbd9_rx_6800_qick_black.html,0.0,0.0,72f71851-0e86-4a32-8bf9-b2ef919a08ff
XFR68XLATBD9,1029.99,Waiting List Only,https://www.bhphotovideo.com/c/product/1609792-REG/xfx_force_rx_68xlatbd9_speedster_merc_319_amd.html,5.0,3.0,775c4aaa-9e71-45b1-9b93-6f8bec6da59e
XFR68XTACBD9,1499.99,Waiting List Only,https://www.bhphotovideo.com/c/product/1609793-REG/xfx_force_rx_68xtacbd9_speedster_merc_319_amd.html,5.0,3.0,cc639917-20b9-4963-b9ef-2f6d0f006143
XFARR6800XTC,1349.99,More on the Way,https://www.bhphotovideo.com/c/product/1630663-REG/xfx_rx_68xtalfd9_speedster_merc_319_amd.html,5.0,1.0,0d0da157-c7cb-4865-bab9-f28f3c7742f3
XFX69XTACBD9,1699.99,In Stock,https://www.bhphotovideo.com/c/product/1617771-REG/xfx_force_rx_69xtacbd9_amd_radeon_rx_6900.html,5.0,4.0,4fedc217-6712-46e8-9389-7369a05abf21
XFR69XTACUD9,1699.99,Waiting List Only,https://www.bhphotovideo.com/c/product/1622626-REG/xfx_force_rx_69xtacud9_speedster_merc_319_amd.html,0.0,0.0,b53d3e71-a46f-4236-8c4e-4f6804cdb7c3
ZOZTT16510F1,339.99,Waiting List Only,https://www.bhphotovideo.com/c/product/1522210-REG/zotac_zt_t16510f_10l_gaming_geforce_gtx_1650.html,5.0,1.0,01ce42c7-eb3f-4691-bdd7-a391779e882c
ZOT16600K10M,439.99,More on the Way,https://www.bhphotovideo.com/c/product/1507353-REG/zotac_zt_t16600k_10m_geforce_gtx_1660_mini.html,5.0,8.0,70daa65a-b450-4c3d-a23f-e820c8ed3601
ZOZTA30610E1,529.99,Waiting List Only,https://www.bhphotovideo.com/c/product/1608081-REG/zotac_zt_a30610e_10m_gaming_geforce_rtx_3060.html,5.0,1.0,07456699-3c1f-4765-b047-d2cba97d9583
ZOZTA30610H1,629.99,Waiting List Only,https://www.bhphotovideo.com/c/product/1608111-REG/zotac_zt_a30610h_10m_gaming_geforce_rtx_3060.html,5.0,5.0,e6da6e61-81da-408e-bc87-9560d297147d
ZOA30600H,519.99,Waiting List Only,https://www.bhphotovideo.com/c/product/1622922-REG/zotac_zt_a30600h_10m_gaming_geforce_rtx_3060.html,5.0,1.0,881ec1e0-8d91-4726-b10a-f4c4d4391785
ZOGR3070TEGC,619.99,Waiting List Only,https://www.bhphotovideo.com/c/product/1592968-REG/zotac_zt_a30700e_10p_gaming_geforce_rtx_3070.html,4.5,5.0,bf86ad4a-a6bc-4aed-ab57-0c88983bdef3
ZOZTA30700H,719.99,Waiting List Only,https://www.bhphotovideo.com/c/product/1600127-REG/zotac_zt_a30700h_10p_gaming_geforce_rtx_3070.html,5.0,3.0,2749900c-9188-49e1-aed5-fb77a29cb86e
ZOGT1030GC,139.99,More on the Way,https://www.bhphotovideo.com/c/product/1338646-REG/zotac_zt_p10300a_10l_geforce_gt_1030_2gb.html,4.5,6.0,1f726d71-8f43-48b0-b9e7-ded929e25306
ZOZT7130220L,59.99,More on the Way,https://www.bhphotovideo.com/c/product/1221866-REG/zotac_zt_71302_20l_geforce_gt_710_graphics.html,5.0,2.0,c21bb271-9458-4b77-a925-9ad1c0c5ebd6
ZOZT7130420L,59.99,More on the Way,https://www.bhphotovideo.com/c/product/1334574-REG/zotac_zt_71304_20l_geforce_gt_710_zone.html,4.0,4.0,99f4569e-ccaf-4fae-8db3-a81249d8e968
ZOGT730ZONGC,115.99,More on the Way,https://www.bhphotovideo.com/c/product/1365547-REG/zotac_zt_71115_20l_geforce_gt_730_zone.html,4.5,1.0,5d5ca9e3-8f5a-4b1e-8c7a-593541c88ba0
ZOGGR3090TO,2199.99,Waiting List Only,https://www.bhphotovideo.com/c/product/1622297-REG/zotac_zt_a30900j_10p_gaming_geforce_rtx_3090.html,5.0,1.0,e3ce059e-9e14-4f59-869d-ad65ce3b171b
