Name,price,rating,number_of_reviews,stock,url
Halo Infinite Steelbook Edition - Xbox Series X & Xbox One ,Not available,no ratings,no reviews,out of stock,https://www.amazon.com/Halo-Infinite-Steelbook-Xbox-One-X/dp/B09FC3BN36/ref=sr_1_1?dchild=1&keywords=Xbox+Series+X&qid=1634064922&sr=8-1
Xbox Series X ,845.99,4.2 out of 5 stars,50,Only 1 left in stock - order soon.,https://www.amazon.com/Xbox-X/dp/B08TVX3DVN/ref=sr_1_2?dchild=1&keywords=Xbox+Series+X&qid=1634064922&sr=8-2
NBA 2K22 - Xbox Series X ,68.08,4.5 out of 5 stars,17,out of stock,https://www.amazon.com/NBA-2K22-Xbox-X/dp/B098Y7HQ9T/ref=sr_1_3?dchild=1&keywords=Xbox+Series+X&qid=1634064922&sr=8-3
Xbox Series X ,Not available,4.9 out of 5 stars,"10,216",out of stock,https://www.amazon.com/Xbox-X/dp/B08H75RTZ8/ref=sr_1_4?dchild=1&keywords=Xbox+Series+X&qid=1634064922&sr=8-4
Seagate Storage Expansion Card for Xbox Series X|S 1TB Solid State Drive - NVMe Expansion SSD for Xbox Series X|S (STJR1000400) ,219.99,4.8 out of 5 stars,"48,306",out of stock,https://www.amazon.com/Seagate-Storage-Expansion-Solid-State/dp/B08K3S6WJM/ref=sr_1_5?dchild=1&keywords=Xbox+Series+X&qid=1634064922&sr=8-5
"Microsoft Xbox Series X 1TB - Backward Compatible with Thousands of Games, The Fast, Ultra High Speed HDMI Cable, Fine-Tuned Performance, True 4K Gaming - U Deal HDMI ",Not available,1.0 out of 5 stars,1,out of stock,https://www.amazon.com/Microsoft-Xbox-1TB-Compatible-Performance/dp/B09GRGDSLJ/ref=sr_1_6?dchild=1&keywords=Xbox+Series+X&qid=1634064922&sr=8-6
Xbox Series S - 512GB SSD Console with Wireless Controller - EU Version with US Power Cable ,394.99,4.7 out of 5 stars,"3,942",Only 3 left in stock - order soon.,https://www.amazon.com/Xbox-Console-Wireless-Controller-Version-S/dp/B087VM5XC6/ref=sr_1_7?dchild=1&keywords=Xbox+Series+X&qid=1634064922&sr=8-7
Xbox Series S ,Not available,4.7 out of 5 stars,"7,175",out of stock,https://www.amazon.com/Xbox-S/dp/B08G9J44ZN/ref=sr_1_8?dchild=1&keywords=Xbox+Series+X&qid=1634064922&sr=8-8
Marvel’s Guardians of the Galaxy - Xbox Series X ,59.99,,no reviews,out of stock,https://www.amazon.com/gp/slredirect/picassoRedirect.html/ref=pa_sp_mtf_aps_sr_pg1_1?ie=UTF8&adId=A06336281IUX0SXA7RBE7&url=%2FMarvels-Guardians-Galaxy-Xbox-X%2Fdp%2FB096WVGQMJ%2Fref%3Dsr_1_9_sspa%3Fdchild%3D1%26keywords%3DXbox%2BSeries%2BX%26qid%3D1634064922%26sr%3D8-9-spons%26psc%3D1&qualifier=1634064922&id=507996303448401&widgetName=sp_mtf
"Microsoft Xbox One X 1TB Console with Wireless Controller: Xbox One X Enhanced, HDR, Native 4K, Ultra HD (Renewed) (2017 Model) ",479.99,4.5 out of 5 stars,"3,229",Only 4 left in stock - order soon.,https://www.amazon.com/Microsoft-Xbox-One-Console-Wireless-Controller/dp/B07WDGB9P5/ref=sr_1_10?dchild=1&keywords=Xbox+Series+X&qid=1634064922&sr=8-10
"Xbox Wireless Controller – Electric Volt for Xbox Series X|S, Xbox One, and Windows 10 Devices ",59.0,4.7 out of 5 stars,"49,603",out of stock,https://www.amazon.com/Xbox-Wireless-Controller-Electric-Windows-Devices/dp/B08ZNQN1FP/ref=sr_1_11?dchild=1&keywords=Xbox+Series+X&qid=1634064922&sr=8-11
Elite Series 2 Controller - Black ,147.99,4.4 out of 5 stars,"22,427",out of stock,https://www.amazon.com/Elite-2-Controller-Black-Xbox-One/dp/B07SFKTLZM/ref=sr_1_12?dchild=1&keywords=Xbox+Series+X&qid=1634064922&sr=8-12
Venom Multi-Colour LED Light-up Console Stand (Xbox Series X) (Xbox Series X) ,24.24,3.7 out of 5 stars,28,out of stock,https://www.amazon.com/Venom-Multi-Colour-Light-up-Console-Stand-Xbox/dp/B08Z5BSJRT/ref=sr_1_13?dchild=1&keywords=Xbox+Series+X&qid=1634064922&sr=8-13
"Far Cry 6 Xbox Series X S, Xbox One Standard Edition ",59.99,3.7 out of 5 stars,16,out of stock,https://www.amazon.com/gp/slredirect/picassoRedirect.html/ref=pa_sp_mtf_aps_sr_pg1_1?ie=UTF8&adId=A0784704163TQTZHG1DOD&url=%2FFar-Cry-6-Xbox-One%2Fdp%2FB08CKL9K4Z%2Fref%3Dsr_1_14_sspa%3Fdchild%3D1%26keywords%3DXbox%2BSeries%2BX%26qid%3D1634064922%26sr%3D8-14-spons%26psc%3D1&qualifier=1634064922&id=507996303448401&widgetName=sp_mtf
"Vertical Cooling Stand Compatible with Xbox Series X, YUANHOT Charging Station Dock with 1400mAh Rechargeable Battery Pack and Dual Controller Charger Ports (NOT Compatible with Xbox One X/S) ",39.99,4.4 out of 5 stars,787,out of stock,https://www.amazon.com/Vertical-YUANHOT-Charging-Rechargeable-Controller/dp/B08VN2LB3B/ref=sr_1_15?dchild=1&keywords=Xbox+Series+X&qid=1634064922&sr=8-15
"Xbox Wireless Controller – 20th Anniversary Special Edition for Xbox Series X|S, Xbox One, and Windows ",Not available,no ratings,no reviews,out of stock,https://www.amazon.com/Xbox-Wireless-Controller-Anniversary-Special-x/dp/B09GHQVX3N/ref=sr_1_16?dchild=1&keywords=Xbox+Series+X&qid=1634064922&sr=8-16
Call of Duty: Vanguard ,69.99,,no reviews,out of stock,https://www.amazon.com/Call-Duty-Vanguard-Xbox-X/dp/B09D6QWQHD/ref=sr_1_17?dchild=1&keywords=Xbox+Series+X&qid=1634064922&sr=8-17
"Rechargeable Battery Packs for Xbox One/Xbox Series X|S, 4 X 1200mAh Xbox One Controller Battery Packs, Rechargeable Batteries with Charging Station for Xbox One/One S/One X/One Elite ",28.99,4.5 out of 5 stars,"4,830",out of stock,https://www.amazon.com/ESYWEN-Rechargeable-Battery-1200mAh-Controller/dp/B08CVB3Y8B/ref=sr_1_18?dchild=1&keywords=Xbox+Series+X&qid=1634064922&sr=8-18
"Diocall Travel Case Compatible with Xbox Series X, Portable Carry Bag for Xbox Series X and Accessories ",34.99,,no reviews,out of stock,https://www.amazon.com/gp/slredirect/picassoRedirect.html/ref=pa_sp_btf_aps_sr_pg1_1?ie=UTF8&adId=A03025811L4NH9V48DXFK&url=%2FDiocall-Compatible-Xbox-Portable-Accessories-X%2Fdp%2FB08Y8YMTFY%2Fref%3Dsr_1_19_sspa%3Fdchild%3D1%26keywords%3DXbox%2BSeries%2BX%26qid%3D1634064922%26sr%3D8-19-spons%26psc%3D1&qualifier=1634064922&id=507996303448401&widgetName=sp_btf
Xbox Series X With Xbox Night Ops Camo Controller 1TB SSD With Tyler 2 in1 Screen Cleaner New Xbox RRT-00001 WL3-00150 ,1097.0,1.0 out of 5 stars,1,Only 19 left in stock - order soon.,https://www.amazon.com/gp/slredirect/picassoRedirect.html/ref=pa_sp_btf_aps_sr_pg1_1?ie=UTF8&adId=A04691653A98DYA13UP65&url=%2FXbox-Controller-Screen-Cleaner-RRT-00001-WL3-00150%2Fdp%2FB09F89DMXK%2Fref%3Dsr_1_20_sspa%3Fdchild%3D1%26keywords%3DXbox%2BSeries%2BX%26qid%3D1634064922%26sr%3D8-20-spons%26psc%3D1&qualifier=1634064922&id=507996303448401&widgetName=sp_btf
Back 4 Blood Ultimate Edition - Xbox Series X Ultimate Edition ,99.99,5.0 out of 5 stars,1,out of stock,https://www.amazon.com/gp/slredirect/picassoRedirect.html/ref=pa_sp_btf_aps_sr_pg1_1?ie=UTF8&adId=A0432205K25RS87S52OI&url=%2FBack-Blood-Ultimate-Xbox-X%2Fdp%2FB08R21WNYD%2Fref%3Dsr_1_21_sspa%3Fdchild%3D1%26keywords%3DXbox%2BSeries%2BX%26qid%3D1634064922%26sr%3D8-21-spons%26psc%3D1&qualifier=1634064922&id=507996303448401&widgetName=sp_btf
Horizon Forbidden West Special Edition - PlayStation 5 ,79.99,,no reviews,out of stock,https://www.amazon.com/Horizon-Forbidden-West-Special-PlayStation-5/dp/B09FBGDHSC/ref=sr_1_1?dchild=1&keywords=Playstation+5&qid=1634064924&sr=8-1
PlayStation 5 Pulse 3D Wireless Headset ,99.95,4.6 out of 5 stars,"7,123",out of stock,https://www.amazon.com/PlayStation-Pulse-3D-Wireless-Headset/dp/B08H99878P/ref=sr_1_2?dchild=1&keywords=Playstation+5&qid=1634064924&sr=8-2
PlayStation 5 Digital Edition ,Not available,4.9 out of 5 stars,"6,631",out of stock,https://www.amazon.com/PlayStation-5-Digital/dp/B08FC6MR62/ref=sr_1_3?dchild=1&keywords=Playstation+5&qid=1634064924&sr=8-3
Madden NFL 22 - PlayStation 5 ,49.99,4.3 out of 5 stars,238,out of stock,https://www.amazon.com/Madden-NFL-22-PlayStation-5/dp/B096NGLW78/ref=sr_1_4?dchild=1&keywords=Playstation+5&qid=1634064924&sr=8-4
PlayStation DualSense Wireless Controller – Cosmic Red ,74.0,4.8 out of 5 stars,"33,590",out of stock,https://www.amazon.com/PlayStation-DualSense-Wireless-Controller-Cosmic-5/dp/B094WN6SY2/ref=sr_1_5?dchild=1&keywords=Playstation+5&qid=1634064924&sr=8-5
Playstation DualSense Wireless Controller ,67.0,4.8 out of 5 stars,"33,590",Only 2 left in stock - order soon.,https://www.amazon.com/DualSense-Wireless-Controller-PlayStation-5/dp/B08FC6C75Y/ref=sr_1_6?dchild=1&keywords=Playstation+5&qid=1634064924&sr=8-6
PlayStation PULSE 3D Wireless Headset – Midnight Black ,99.99,4.7 out of 5 stars,"9,612",out of stock,https://www.amazon.com/PlayStation-PULSE-3D-Wireless-Headset-5/dp/B09GBVLRLP/ref=sr_1_7?dchild=1&keywords=Playstation+5&qid=1634064924&sr=8-7
PlayStation DualSense Wireless Controller – Midnight Black ,69.0,4.8 out of 5 stars,"33,590",out of stock,https://www.amazon.com/PlayStation-DualSense-Wireless-Controller-Midnight-5/dp/B094WL86N5/ref=sr_1_8?dchild=1&keywords=Playstation+5&qid=1634064924&sr=8-8
Far Cry 6 PlayStation 5 Standard Edition ,59.88,4.1 out of 5 stars,12,out of stock,https://www.amazon.com/gp/slredirect/picassoRedirect.html/ref=pa_sp_mtf_aps_sr_pg1_1?ie=UTF8&adId=A078421214HAFPXUJKQQR&url=%2FFar-Cry-6-PlayStation-5-Standard%2Fdp%2FB08FS6BB8W%2Fref%3Dsr_1_9_sspa%3Fdchild%3D1%26keywords%3DPlaystation%2B5%26qid%3D1634064924%26sr%3D8-9-spons%26psc%3D1&qualifier=1634064924&id=8865292638937371&widgetName=sp_mtf
Oculus Quest 2 — Advanced All-In-One Virtual Reality Headset — 256 GB ,399.0,4.7 out of 5 stars,"1,497",out of stock,https://www.amazon.com/Oculus-Quest-Advanced-All-One-Virtual/dp/B09B8DQ26F/ref=sr_1_10?dchild=1&keywords=Playstation+5&qid=1634064924&sr=8-10
Ghost of Tsushima Director's Cut - PlayStation 5 ,69.99,4.9 out of 5 stars,230,out of stock,https://www.amazon.com/Ghost-Tsushima-Directors-Cut-PlayStation-5/dp/B098G34GBT/ref=sr_1_11?dchild=1&keywords=Playstation+5&qid=1634064924&sr=8-11
"PS5 Controller Charger Station, PS5 Charging Station with Fast Charging AC Adapter 5V/3A, Playstation 5 Dual Controller Charging Stand, OIVO Docking Station Replacement for DualSense Charging Station ",21.99,4.7 out of 5 stars,"2,024",out of stock,https://www.amazon.com/OIVO-Controller-Compatible-Playstation-Indicators/dp/B08LZGPPBH/ref=sr_1_12?dchild=1&keywords=Playstation+5&qid=1634064924&sr=8-12
Stranger of Paradise Final Fantasy Origin - PlayStation 5 ,59.99,,no reviews,out of stock,https://www.amazon.com/Stranger-Paradise-Final-Fantasy-Origin-PlayStation/dp/B09HFQVN75/ref=sr_1_13?dchild=1&keywords=Playstation+5&qid=1634064924&sr=8-13
"2020 Oculus Quest 2 All-in-One VR Headset, 256GB SSD, Glasses Compitble, 3D Audio, Mytrix Carrying Case, Oculus Link Cable (10 Ft), Grip Cover, Lens Cover ",649.99,5.0 out of 5 stars,2,Only 10 left in stock - order soon.,https://www.amazon.com/gp/slredirect/picassoRedirect.html/ref=pa_sp_mtf_aps_sr_pg1_1?ie=UTF8&adId=A00539671T8QXFOEVJVGA&url=%2FOculus-Headset-Glasses-Compitble-Carrying%2Fdp%2FB08V3W12LX%2Fref%3Dsr_1_14_sspa%3Fdchild%3D1%26keywords%3DPlaystation%2B5%26qid%3D1634064924%26sr%3D8-14-spons%26psc%3D1&qualifier=1634064924&id=8865292638937371&widgetName=sp_mtf
Lost Judgment - PlayStation 5 ,59.5,4.9 out of 5 stars,20,out of stock,https://www.amazon.com/Lost-Judgment-PlayStation-5/dp/B094F4RX8H/ref=sr_1_15?dchild=1&keywords=Playstation+5&qid=1634064924&sr=8-15
Gran Turismo 7 Launch Edition - PlayStation 5 - PlayStation 5 ,69.99,,no reviews,out of stock,https://www.amazon.com/Gran-Turismo-Launch-PlayStation-5/dp/B09GSP5GS7/ref=sr_1_16?dchild=1&keywords=Playstation+5&qid=1634064924&sr=8-16
NHL 22 - PlayStation 5 ,69.99,,no reviews,out of stock,https://www.amazon.com/NHL-22-PlayStation-5/dp/B09D1Z3TND/ref=sr_1_17?dchild=1&keywords=Playstation+5&qid=1634064924&sr=8-17
Sony PULSE 3D Wireless Headset ,95.96,4.7 out of 5 stars,"9,612",out of stock,https://www.amazon.com/PULSE-3D-Wireless-Headset-PlayStation-5/dp/B08FC6QLKN/ref=sr_1_18?dchild=1&keywords=Playstation+5&qid=1634064924&sr=8-18
KontrolFreek FPS Freek Battle Royale Nightfall for PlayStation 4 (PS4) and PlayStation 5 (PS5) | Performance Thumbsticks | 2 High-Rise Convex Black ,16.99,4.4 out of 5 stars,"2,493",out of stock,https://www.amazon.com/gp/slredirect/picassoRedirect.html/ref=pa_sp_btf_aps_sr_pg1_1?ie=UTF8&adId=A00579213PVRJ65H526VP&url=%2FKontrolFreek-Nightfall-PlayStation-Controller-Performance-Thumbsticks%2Fdp%2FB07N4C9YNM%2Fref%3Dsr_1_19_sspa%3Fdchild%3D1%26keywords%3DPlaystation%2B5%26qid%3D1634064924%26sr%3D8-19-spons%26psc%3D1%26smid%3DA1XOCBC637EZ46&qualifier=1634064924&id=8865292638937371&widgetName=sp_btf
"4K HDMI Cable 5ft,TESmart HDMI 2.0 High Speed 18Gbps Cable Supports 3D 4K@60Hz True HD Dolby 7.1 ARC HDCP 2.2 Compatible with UHD TV, PS5, PS4, Blu-ray, PC, Projector, Monitor（1.5m/5ft) ",7.99,4.7 out of 5 stars,573,out of stock,https://www.amazon.com/gp/slredirect/picassoRedirect.html/ref=pa_sp_btf_aps_sr_pg1_1?ie=UTF8&adId=A0689621EMH0A50JH0V8&url=%2FTESmart-Supports-Compatible-Projector-Monitor%25EF%25BC%25881-5m%2Fdp%2FB08FMFW2C1%2Fref%3Dsr_1_20_sspa%3Fdchild%3D1%26keywords%3DPlaystation%2B5%26qid%3D1634064924%26sr%3D8-20-spons%26psc%3D1%26smid%3DA3KA5K3AV7RR3X&qualifier=1634064924&id=8865292638937371&widgetName=sp_btf
Lost Judgment - PlayStation 5 ,59.5,4.9 out of 5 stars,20,out of stock,https://www.amazon.com/gp/slredirect/picassoRedirect.html/ref=pa_sp_btf_aps_sr_pg1_1?ie=UTF8&adId=A075778427FASCUMXNN16&url=%2FLost-Judgment-PlayStation-5%2Fdp%2FB094F4RX8H%2Fref%3Dsr_1_21_sspa%3Fdchild%3D1%26keywords%3DPlaystation%2B5%26qid%3D1634064924%26sr%3D8-21-spons%26psc%3D1&qualifier=1634064924&id=8865292638937371&widgetName=sp_btf
MSI NVIDIA GeForce RTX 3060 Gaming X LED 12GB GDDR6 VRAM Graphics Card Dual TORX 4.0 Fans 3584 CUDA Cores RGB Mystic Light PCIe 4.0 1xHDMI 3X DisplayPort 1.4a Mazepoly Accessories ,899.0,5.0 out of 5 stars,1,Only 3 left in stock - order soon.,https://www.amazon.com/gp/slredirect/picassoRedirect.html/ref=pa_sp_atf_aps_sr_pg1_1?ie=UTF8&adId=A06575581E52CU153PBNP&url=%2FMSI-Graphics-DisplayPort-Mazepoly-Accessories%2Fdp%2FB09GZHNKBP%2Fref%3Dsr_1_1_sspa%3Fdchild%3D1%26keywords%3D3060%2BGraphics%2BCard%26qid%3D1634064926%26sr%3D8-1-spons%26psc%3D1&qualifier=1634064926&id=3090987232345433&widgetName=sp_atf
MSI NVIDIA GeForce RTX 3060 Ti Gaming X LHR 8GB GDDR6 VRAM Graphics Card X RGB Dual TORX 4.0 Fans 4864 CUDA Cores PCIe 4.0 x 16 DirectX 12 3 x DisplayPort 1 x HDMI Mazepoly Accessory ,939.0,,no reviews,out of stock,https://www.amazon.com/gp/slredirect/picassoRedirect.html/ref=pa_sp_atf_aps_sr_pg1_1?ie=UTF8&adId=A0463736YQ5G95HV3BKF&url=%2FMSI-Graphics-DisplayPort-Mazepoly-Accessory%2Fdp%2FB09FVLSNZ2%2Fref%3Dsr_1_2_sspa%3Fdchild%3D1%26keywords%3D3060%2BGraphics%2BCard%26qid%3D1634064926%26sr%3D8-2-spons%26psc%3D1&qualifier=1634064926&id=3090987232345433&widgetName=sp_atf
"ZOTAC Gaming GeForce RTX 3060 Twin Edge OC 12GB GDDR6 192-bit 15 Gbps PCIE 4.0 Gaming Graphics Card, IceStorm 2.0 Cooling, Active Fan Control, Freeze Fan Stop ZT-A30600H-10M ",809.0,4.4 out of 5 stars,296,Only 14 left in stock - order soon.,https://www.amazon.com/ZOTAC-GeForce-Graphics-IceStorm-ZT-A30600H-10M/dp/B08W8DGK3X/ref=sr_1_3?dchild=1&keywords=3060+Graphics+Card&qid=1634064926&sr=8-3
"2021 Newest EV GA GeForce RTX 3060 XC Gaming, 12G-P5-3657-KR, 12GB GDDR6, Dual-Fan, Metal Backplate +AllyFlex HDMI ",Not available,4.3 out of 5 stars,50,out of stock,https://www.amazon.com/GeForce-RTX-3060-12G-P5-3657-KR-Backplate/dp/B092L2KTHD/ref=sr_1_4?dchild=1&keywords=3060+Graphics+Card&qid=1634064926&sr=8-4
"EVGA GeForce RTX 3060 XC Gaming, 12G-P5-3657-KR, 12GB GDDR6, Dual-Fan, Metal Backplate ",Not available,4.5 out of 5 stars,349,out of stock,https://www.amazon.com/EVGA-GeForce-12G-P5-3657-KR-Dual-Fan-Backplate/dp/B08WM28PVH/ref=sr_1_5?dchild=1&keywords=3060+Graphics+Card&qid=1634064926&sr=8-5
"ASUS TUF Gaming NVIDIA GeForce RTX 3060 V2 OC Edition Graphics Card (PCIe 4.0, 12GB GDDR6, HDMI 2.1, DisplayPort 1.4a, Dual Ball Fan Bearings, Military-Grade Certification, GPU Tweak II) ",Not available,4.6 out of 5 stars,6,out of stock,https://www.amazon.com/ASUS-Graphics-DisplayPort-Military-Grade-Certification/dp/B0985VND1G/ref=sr_1_6?dchild=1&keywords=3060+Graphics+Card&qid=1634064926&sr=8-6
MSI Gaming GeForce RTX 3060 12GB 15 Gbps GDRR6 192-Bit HDMI/DP PCIe 4 Tri-Frozr Torx Fan Ampere RGB OC Graphics Card (RTX 3060 Gaming X Trio 12G) ,Not available,4.2 out of 5 stars,31,out of stock,https://www.amazon.com/MSI-GeForce-192-Bit-Tri-Frozr-Graphics/dp/B08WT47L8B/ref=sr_1_7?dchild=1&keywords=3060+Graphics+Card&qid=1634064926&sr=8-7
"ZOTAC Gaming GeForce RTX 3060 Twin Edge 12GB GDDR6 192-bit 15 Gbps PCIE 4.0 Gaming Graphics Card, IceStorm 2.0 Cooling, Active Fan Control, Freeze Fan Stop, ZT-A30600E-10M ",843.0,4.2 out of 5 stars,35,Only 19 left in stock - order soon.,https://www.amazon.com/ZOTAC-GeForce-Graphics-IceStorm-ZT-A30600E-10M/dp/B08ZZW34T3/ref=sr_1_8?dchild=1&keywords=3060+Graphics+Card&qid=1634064926&sr=8-8
"ASUS TUF Gaming NVIDIA GeForce RTX 3060 OC Edition Graphics Card (PCIe 4.0, 12GB GDDR6, HDMI 2.1, DisplayPort 1.4a, Dual Ball Fan Bearings, Military-Grade Certification, GPU Tweak II) ",Not available,4.5 out of 5 stars,208,out of stock,https://www.amazon.com/ASUS-Graphics-DisplayPort-Military-Grade-Certification/dp/B08WHJPBFX/ref=sr_1_9?dchild=1&keywords=3060+Graphics+Card&qid=1634064926&sr=8-9
"GIGABYTE AORUS GeForce RTX 3060 Elite 12G (REV2.0) Graphics Card, 3X WINDFORCE Fans, 12GB 192-bit GDDR6, GV-N3060AORUS E-12GD REV2.0 Video Card ",849.97,4.5 out of 5 stars,12,Only 1 left in stock - order soon.,https://www.amazon.com/GIGABYTE-REV2-0-Graphics-WINDFORCE-GV-N3060AORUS/dp/B09719T6FT/ref=sr_1_10?dchild=1&keywords=3060+Graphics+Card&qid=1634064926&sr=8-10
"GIGABYTE Eagle GeForce RTX 3060 Ti Rev2.0 Graphics Card 8GB GDDR6 PCI Express 4.0 x16, LHR, WINDFORCE 2X Cooling RGB Fusion 2.0, 2X HDMI 2X DisplayPort w/ Mytrix_ HDMI 2.1 Cable(4k@120Hz/8K@60Hz) ",949.99,,no reviews,Only 2 left in stock - order soon.,https://www.amazon.com/gp/slredirect/picassoRedirect.html/ref=pa_sp_mtf_aps_sr_pg1_1?ie=UTF8&adId=A07142601AXRMG89BIE4T&url=%2FGIGABYTE-GeForce-Graphics-WINDFORCE-DisplayPort%2Fdp%2FB09DR6D4MK%2Fref%3Dsr_1_11_sspa%3Fdchild%3D1%26keywords%3D3060%2BGraphics%2BCard%26qid%3D1634064926%26sr%3D8-11-spons%26psc%3D1&qualifier=1634064926&id=3090987232345433&widgetName=sp_mtf
MSI NVIDIA GeForce RTX 3060 Ti Gaming X LHR 8GB GDDR6 VRAM Graphics Card X RGB Dual TORX 4.0 Fans 4864 CUDA Cores PCIe 4.0 x 16 DirectX 12 3 x DisplayPort 1 x HDMI Mazepoly Accessory ,939.0,,no reviews,out of stock,https://www.amazon.com/MSI-Graphics-DisplayPort-Mazepoly-Accessory/dp/B09FVLSNZ2/ref=sr_1_12?dchild=1&keywords=3060+Graphics+Card&qid=1634064926&sr=8-12
"ASUS Dual NVIDIA GeForce RTX 3060 V2 OC Edition 12GB GDDR6 Gaming Graphics Card (PCIe 4.0, 12GB GDDR6 Memory, HDMI 2.1, DisplayPort 1.4a, 2-Slot Design, Axial-tech Fan Design, 0dB Technology) ",772.88,5.0 out of 5 stars,2,Only 1 left in stock - order soon.,https://www.amazon.com/ASUS-Graphics-DisplayPort-Axial-tech-Technology/dp/B0985X2YR1/ref=sr_1_13?dchild=1&keywords=3060+Graphics+Card&qid=1634064926&sr=8-13
"GIGABYTE GeForce RTX 3060 Gaming OC 12G (REV2.0) Graphics Card, 3X WINDFORCE Fans, 12GB 192-bit GDDR6, GV-N3060GAMING OC-12GD REV2.0 Video Card ",894.11,4.6 out of 5 stars,22,Only 9 left in stock - order soon.,https://www.amazon.com/GIGABYTE-REV2-0-WINDFORCE-GV-N3060GAMING-OC-12GD/dp/B0971BG25M/ref=sr_1_14?dchild=1&keywords=3060+Graphics+Card&qid=1634064926&sr=8-14
MSI Gaming GeForce RTX 3060 Ti LHR Version Graphics Card 8GB GDDR6 PCIe 4.0 Dual-Fan Ampere Architecture Torx Fan 4.0 Zero Frozr 1 x HDMI 3x DisplayPort 1.4a w/ Mytrix_HDMI 2.1 Cable(4k@120Hz/8K@60Hz) ,949.99,4.6 out of 5 stars,5,Only 7 left in stock - order soon.,https://www.amazon.com/Graphics-Dual-Fan-Architecture-DisplayPort-Mytrix_HDMI/dp/B09GHZGD5X/ref=sr_1_15?dchild=1&keywords=3060+Graphics+Card&qid=1634064926&sr=8-15
MSI Gaming GeForce RTX 3060 Ti LHR Version Graphics Card 8GB GDDR6 PCIe 4.0 Dual-Fan Ampere Architecture Torx Fan 4.0 Zero Frozr 1 x HDMI 3x DisplayPort 1.4a w/ Mytrix_HDMI 2.1 Cable(4k@120Hz/8K@60Hz) ,949.99,4.6 out of 5 stars,5,Only 7 left in stock - order soon.,https://www.amazon.com/gp/slredirect/picassoRedirect.html/ref=pa_sp_mtf_aps_sr_pg1_1?ie=UTF8&adId=A09382251XJX5VXDW3X7Y&url=%2FGraphics-Dual-Fan-Architecture-DisplayPort-Mytrix_HDMI%2Fdp%2FB09GHZGD5X%2Fref%3Dsr_1_16_sspa%3Fdchild%3D1%26keywords%3D3060%2BGraphics%2BCard%26qid%3D1634064926%26sr%3D8-16-spons%26psc%3D1&qualifier=1634064926&id=3090987232345433&widgetName=sp_mtf
MSI Gaming GeForce RTX 3060 12GB 15 Gbps GDRR6 192-Bit HDMI/DP PCIe 4 Torx Triple Fan Ampere OC Graphics Card (RTX 3060 Ventus 3X 12G OC) ,Not available,4.0 out of 5 stars,10,out of stock,https://www.amazon.com/MSI-RTX-3060-OC-12G/dp/B08WTFG5BX/ref=sr_1_17?dchild=1&keywords=3060+Graphics+Card&qid=1634064926&sr=8-17
MSI Gaming GeForce RTX 3060 Ti LHR 8GB GDRR6 256-Bit HDMI/DP Nvlink Torx Fan 3 Ampere Architecture OC Graphics Card (RTX 3060 Ti Ventus 2X 8G OCV1 LHR) ,Not available,3.5 out of 5 stars,8,out of stock,https://www.amazon.com/MSI-GeForce-RTX-3060-OCV1/dp/B099N59B14/ref=sr_1_18?dchild=1&keywords=3060+Graphics+Card&qid=1634064926&sr=8-18
"GIGABYTE GeForce RTX 3060 Ti Gaming OC PRO 8G (REV3.0) Graphics Card, 3X WINDFORCE Fans, LHR, 8GB 256-bit GDDR6, GV-N306TGAMINGOC PRO-8GD R3 Video Card ",944.98,4.5 out of 5 stars,5,Only 1 left in stock - order soon.,https://www.amazon.com/GIGABYTE-REV3-0-WINDFORCE-GV-N306TGAMINGOC-PRO-8GD/dp/B098PJNWKD/ref=sr_1_19?dchild=1&keywords=3060+Graphics+Card&qid=1634064926&sr=8-19
PNY GeForce RTX 3060 12GB XLR8 Gaming Revel Epic-X RGB Dual Fan Graphics Card ,772.97,2.8 out of 5 stars,28,out of stock,https://www.amazon.com/PNY-GeForce-Gaming-Epic-X-Graphics/dp/B09979GS5W/ref=sr_1_20?dchild=1&keywords=3060+Graphics+Card&qid=1634064926&sr=8-20
MSI Gaming GeForce RTX 3060 Ti LHR Version Graphics Card 8GB GDDR6 PCIe 4.0 Dual-Fan Ampere Architecture Torx Fan 4.0 Zero Frozr 1 x HDMI 3X DisplayPort 1.4a w/ Mytrix_HDMI Cable ,949.99,,no reviews,Only 4 left in stock - order soon.,https://www.amazon.com/gp/slredirect/picassoRedirect.html/ref=pa_sp_btf_aps_sr_pg1_1?ie=UTF8&adId=A0938069PIBGUJ2TGPAS&url=%2FGraphics-Dual-Fan-Architecture-DisplayPort-Mytrix_HDMI%2Fdp%2FB09GJ5GXV7%2Fref%3Dsr_1_21_sspa%3Fdchild%3D1%26keywords%3D3060%2BGraphics%2BCard%26qid%3D1634064926%26sr%3D8-21-spons%26psc%3D1&qualifier=1634064926&id=3090987232345433&widgetName=sp_btf
MSI Gaming GeForce RTX 3080 OC Ventus 3X LHR Graphics Card 10GB GDRR6X 320-Bit PCI Express 4.0 x16 Torx Fan 3 Ampere Architecture 1x HDMI 2.1 3X DisplayPort 1.4a w/ Mytrix HDMI Cable ,1849.99,,no reviews,Only 7 left in stock - order soon.,https://www.amazon.com/gp/slredirect/picassoRedirect.html/ref=pa_sp_btf_aps_sr_pg1_1?ie=UTF8&adId=A072680826NRT0XEMLPLF&url=%2FGeForce-Graphics-320-Bit-Architecture-DisplayPort%2Fdp%2FB09F3W9RZK%2Fref%3Dsr_1_22_sspa%3Fdchild%3D1%26keywords%3D3060%2BGraphics%2BCard%26qid%3D1634064926%26sr%3D8-22-spons%26psc%3D1&qualifier=1634064926&id=3090987232345433&widgetName=sp_btf
MSI NVIDIA GeForce RTX 3070 Ventus 3X LHR Overclocked Triple Torx Fan Graphics Card 8GB GDDR6 PCIe 4.0 x 16 OpenGL Ampere Architecture OC DirectX 12 HDMI 3 x DisplayPort 1.4a Mazepoly Accessory ,1229.0,,no reviews,Only 17 left in stock - order soon.,https://www.amazon.com/gp/slredirect/picassoRedirect.html/ref=pa_sp_atf_aps_sr_pg1_1?ie=UTF8&adId=A041618613Z2MBX9YNVAJ&url=%2FMSI-Overclocked-Architecture-DisplayPort-Accessory%2Fdp%2FB09H3XGRBZ%2Fref%3Dsr_1_1_sspa%3Fdchild%3D1%26keywords%3D3070%2BGraphics%2BCard%26qid%3D1634064927%26sr%3D8-1-spons%26psc%3D1&qualifier=1634064927&id=8781790024814381&widgetName=sp_atf
"GIGABYTE GeForce RTX 3070 Gaming OC REV2.0 Graphics Card, 8G 256-bit GDDR6, PCIe 4.0 x16, 3X WINDFORCE Fans, Lite Hash Rate Version, RGB Fusion 2.0, 2X HDMI 2X DisplayPort w/ Mytrix_HDMI Cable ",1249.99,,no reviews,Only 5 left in stock - order soon.,https://www.amazon.com/gp/slredirect/picassoRedirect.html/ref=pa_sp_atf_aps_sr_pg1_1?ie=UTF8&adId=A08745942P5NPE0W9TM82&url=%2FGIGABYTE-Graphics-WINDFORCE-DisplayPort-Mytrix_HDMI%2Fdp%2FB09G998SNG%2Fref%3Dsr_1_2_sspa%3Fdchild%3D1%26keywords%3D3070%2BGraphics%2BCard%26qid%3D1634064927%26sr%3D8-2-spons%26psc%3D1&qualifier=1634064927&id=8781790024814381&widgetName=sp_atf
MSI Gaming GeForce RTX 3070 LHR 8GB GDRR6 256-Bit HDMI/DP Nvlink Torx Fan 4 RGB Ampere Architecture OC Graphics Card (RTX 3070 Gaming Z Trio 8G LHR) ,1185.0,4.5 out of 5 stars,2,out of stock,https://www.amazon.com/MSI-GeForce-RTX-3070-Architecture/dp/B097MYTZMW/ref=sr_1_3?dchild=1&keywords=3070+Graphics+Card&qid=1634064927&sr=8-3
Newest 2021 MSI Gaming GeForce RTX 3060 12GB 15 Gbps GDRR6 192-Bit HDMI/DP PCIe 4 Tri-Frozr Torx Fan Ampere RGB OC Graphics Card (RTX 3060 Gaming X Trio 12G) +AllyFlex HDMI ,1039.99,4.5 out of 5 stars,10,Only 1 left in stock - order soon.,https://www.amazon.com/MSI-GeForce-RTX-3060-Tri-Frozr/dp/B092C7VF2C/ref=sr_1_4?dchild=1&keywords=3070+Graphics+Card&qid=1634064927&sr=8-4
MSI Gaming GeForce RTX 3070 Ti 8GB GDRR6X 256-Bit HDMI/DP Nvlink Torx Fan 3 Ampere Architecture OC Graphics Card (RTX 3070 Ti Gaming X Trio 8G) ,1399.0,4.5 out of 5 stars,27,Only 14 left in stock - order soon.,https://www.amazon.com/MSI-Gaming-RTX-3070-Trio/dp/B096HJC18P/ref=sr_1_5?dchild=1&keywords=3070+Graphics+Card&qid=1634064927&sr=8-5
"EVGA GeForce RTX 3070 Ti FTW3 Ultra Gaming, 08G-P5-3797-KL, 8GB GDDR6X, iCX3 Technology, ARGB LED, Metal Backplate ",Not available,4.6 out of 5 stars,54,out of stock,https://www.amazon.com/EVGA-GeForce-08G-P5-3797-KL-Technology-Backplate/dp/B096WM6JFS/ref=sr_1_6?dchild=1&keywords=3070+Graphics+Card&qid=1634064927&sr=8-6
"ZOTAC Gaming GeForce RTX 3070 Twin Edge OC Low Hash Rate 8GB GDDR6 256-bit 14 Gbps PCIE 4.0 Gaming Graphics Card, IceStorm 2.0 Advanced Cooling, White LED Logo Lighting, ZT-A30700H-10PLHR ",Not available,4.7 out of 5 stars,6,out of stock,https://www.amazon.com/ZOTAC-Graphics-IceStorm-Advanced-ZT-A30700H-10PLHR/dp/B097YY2NL2/ref=sr_1_7?dchild=1&keywords=3070+Graphics+Card&qid=1634064927&sr=8-7
MSI Gaming GeForce RTX 3070 LHR 8GB GDRR6 256-Bit HDMI/DP Nvlink Triple Torx Fan 3 Ampere Architecture OC Graphics Card (RTX 3070 Ventus 3X 8G OC LHR) ,1099.99,no ratings,no reviews,out of stock,https://www.amazon.com/MSI-RTX-3070-LHR-Ventus/dp/B099NZHTQL/ref=sr_1_8?dchild=1&keywords=3070+Graphics+Card&qid=1634064927&sr=8-8
"GIGABYTE AORUS GeForce RTX 3070 Master 8G (REV2.0) Graphics Card, 3X WINDFORCE Fans, 8GB 256-bit GDDR6, GV-N3070AORUS M-8GD REV2.0 Video Card ",1327.99,5.0 out of 5 stars,1,Only 1 left in stock - order soon.,https://www.amazon.com/GIGABYTE-REV2-0-WINDFORCE-GV-N3070AORUS-M-8GD/dp/B09B2W2ZQ3/ref=sr_1_9?dchild=1&keywords=3070+Graphics+Card&qid=1634064927&sr=8-9
"ASUS ROG Strix NVIDIA GeForce RTX 3070 V2 OC Edition Gaming Graphics Card (PCIe 4.0, 8GB GDDR6, LHR, HDMI 2.1, DisplayPort 1.4a, Axial-tech Fan Design, 2.9-Slot, Super Alloy Power II, GPU Tweak II) ",1268.99,no ratings,no reviews,Only 1 left in stock - order soon.,https://www.amazon.com/ASUS-Graphics-DisplayPort-Axial-tech-2-9-Slot/dp/B0985S4F6J/ref=sr_1_10?dchild=1&keywords=3070+Graphics+Card&qid=1634064927&sr=8-10
ASUS Dual GeForce RTX 3070 Non-LHR Graphics Card 8GB GDDR6 PCI Express 4.0 Ampere Streaming Multiprocessors 2X HDMI 2.1 3X DisplayPort 1.4a w/ Mytrix_HDMI Cable - OEM Package (Renewed) ,1614.99,no ratings,no reviews,Only 2 left in stock - order soon.,https://www.amazon.com/gp/slredirect/picassoRedirect.html/ref=pa_sp_mtf_aps_sr_pg1_1?ie=UTF8&adId=A06439102F0U6WO7INTUS&url=%2FGraphics-Streaming-Multiprocessors-DisplayPort-Mytrix_HDMI%2Fdp%2FB09H3QSGYX%2Fref%3Dsr_1_11_sspa%3Fdchild%3D1%26keywords%3D3070%2BGraphics%2BCard%26qid%3D1634064927%26sr%3D8-11-spons%26psc%3D1&qualifier=1634064927&id=8781790024814381&widgetName=sp_mtf
PNY GeForce RTX 3070 8GB XLR8 Gaming Revel Epic-X RGB Triple Fan Graphics Card LHR ,1199.0,,no reviews,Only 5 left in stock - order soon.,https://www.amazon.com/PNY-GeForce-Gaming-Epic-X-Graphics/dp/B0971ZJBQY/ref=sr_1_12?dchild=1&keywords=3070+Graphics+Card&qid=1634064927&sr=8-12
"GIGABYTE GeForce RTX 3070 Ti Gaming OC 8G Graphics Card, WINDFORCE 3X Cooling System, 8GB 256-bit GDDR6X, GV-N307TGAMING OC-8GD Video Card ",Not available,5.0 out of 5 stars,3,out of stock,https://www.amazon.com/GIGABYTE-Graphics-WINDFORCE-GV-N307TGAMING-OC-8GD/dp/B097G7RBSZ/ref=sr_1_13?dchild=1&keywords=3070+Graphics+Card&qid=1634064927&sr=8-13
"ASUS ROG Strix NVIDIA GeForce RTX 3070 Ti OC Edition Gaming Graphics Card (PCIe 4.0, 8GB GDDR6X, HDMI 2.1, DisplayPort 1.4a, Axial-tech Fan Design, 2.9-Slot, Super Alloy Power II, GPU Tweak II) ",1629.0,4.5 out of 5 stars,27,out of stock,https://www.amazon.com/ASUS-Graphics-DisplayPort-Axial-tech-2-9-Slot/dp/B096YQ6WVW/ref=sr_1_14?dchild=1&keywords=3070+Graphics+Card&qid=1634064927&sr=8-14
"MSI Gaming GeForce RTX 3070 8GB GDRR6 256-Bit HDMI/DP TORX Fan 3.0 Ampere Architecture OC Graphics Card (RTX 3070 Ventus 2X OC), GeForce RTX 3070 Ventus 2X OC ",Not available,4.6 out of 5 stars,149,out of stock,https://www.amazon.com/MSI-GeForce-RTX-3070-Architecture/dp/B08KWPDXJZ/ref=sr_1_15?dchild=1&keywords=3070+Graphics+Card&qid=1634064927&sr=8-15
"GIGABYTE Eagle GeForce RTX 3070 Graphics Card Rev2.0 8GB GDDR6 PCIe 4.0 x16, LHR, WINDFORCE 3X Cooling RGB Fusion 2.0, 2X HDMI 2.1 2X DisplayPort 1.4a w/ Mytrix HDMI 2.1 Cable(4k@120Hz/8K@60Hz) ",1249.99,,no reviews,Only 5 left in stock - order soon.,https://www.amazon.com/gp/slredirect/picassoRedirect.html/ref=pa_sp_mtf_aps_sr_pg1_1?ie=UTF8&adId=A09735253033BXVTP1XB&url=%2FGIGABYTE-GeForce-Graphics-WINDFORCE-DisplayPort%2Fdp%2FB09CS2YXTY%2Fref%3Dsr_1_16_sspa%3Fdchild%3D1%26keywords%3D3070%2BGraphics%2BCard%26qid%3D1634064927%26sr%3D8-16-spons%26psc%3D1&qualifier=1634064927&id=8781790024814381&widgetName=sp_mtf
"GIGABYTE Eagle GeForce RTX 3070 Graphics Card Rev2.0 8GB GDDR6 PCIe 4.0 x16, LHR, WINDFORCE 3X Cooling RGB Fusion 2.0, 2X HDMI 2.1 2X DisplayPort 1.4a w/ Mytrix HDMI 2.1 Cable(4k@120Hz/8K@60Hz) ",1249.99,,no reviews,Only 5 left in stock - order soon.,https://www.amazon.com/GIGABYTE-GeForce-Graphics-WINDFORCE-DisplayPort/dp/B09CS2YXTY/ref=sr_1_17?dchild=1&keywords=3070+Graphics+Card&qid=1634064927&sr=8-17
"ZOTAC Gaming GeForce RTX 3070 Ti AMP Holo 8GB GDDR6X 256-bit 19 Gbps PCIE 4.0 Gaming Graphics Card, HoloBlack, IceStorm 2.0 Advanced Cooling, Spectra 2.0 RGB Lighting, ZT-A30710F-10P ",Not available,4.4 out of 5 stars,62,out of stock,https://www.amazon.com/ZOTAC-Graphics-HoloBlack-IceStorm-ZT-A30710F-10P/dp/B096TZHXYN/ref=sr_1_18?dchild=1&keywords=3070+Graphics+Card&qid=1634064927&sr=8-18
MSI NVIDIA GeForce RTX 3060 Ti Gaming X LHR 8GB GDDR6 VRAM Graphics Card X RGB Dual TORX 4.0 Fans 4864 CUDA Cores PCIe 4.0 x 16 DirectX 12 3 x DisplayPort 1 x HDMI Mazepoly Accessory ,939.0,,no reviews,out of stock,https://www.amazon.com/MSI-Graphics-DisplayPort-Mazepoly-Accessory/dp/B09FVLSNZ2/ref=sr_1_19?dchild=1&keywords=3070+Graphics+Card&qid=1634064927&sr=8-19
ZOTAC GAMING GeForce RTX 3070 AMP Holo 8GB GDDR6 256-bit 14 Gbps PCIE 4.0 Gaming Graphics Card ,1649.99,3.6 out of 5 stars,7,Only 2 left in stock - order soon.,https://www.amazon.com/ZOTAC-GAMING-GeForce-256-bit-Graphics/dp/B08W44ZLRP/ref=sr_1_20?dchild=1&keywords=3070+Graphics+Card&qid=1634064927&sr=8-20
MSI Gaming GeForce RTX 3080 OC Ventus 3X LHR Graphics Card 10GB GDRR6X 320-Bit PCIe4.0 Torx Fan 3 Ampere Architecture 1 x HDMI 2.1 3 x DisplayPort 1.4a w/ Mytrix_HDMI 2.1 Cable(4k@120Hz/8K@60Hz) ,1849.99,,no reviews,Only 8 left in stock - order soon.,https://www.amazon.com/gp/slredirect/picassoRedirect.html/ref=pa_sp_btf_aps_sr_pg1_1?ie=UTF8&adId=A0416669P6UHLV9HIWDK&url=%2FGeForce-Graphics-Architecture-DisplayPort-Mytrix_HDMI%2Fdp%2FB09GSD7N36%2Fref%3Dsr_1_21_sspa%3Fdchild%3D1%26keywords%3D3070%2BGraphics%2BCard%26qid%3D1634064927%26sr%3D8-21-spons%26psc%3D1&qualifier=1634064927&id=8781790024814381&widgetName=sp_btf
MSI Gaming GeForce RTX 3080 OC Ventus 3X LHR Graphics Card 10GB GDRR6X 320-Bit PCI Express 4.0 x16 Torx Fan 3 Ampere Architecture 1x HDMI 2.1 3X DisplayPort 1.4a w/ Mytrix HDMI Cable ,1849.99,,no reviews,Only 7 left in stock - order soon.,https://www.amazon.com/gp/slredirect/picassoRedirect.html/ref=pa_sp_btf_aps_sr_pg1_1?ie=UTF8&adId=A072680826NRT0XEMLPLF&url=%2FGeForce-Graphics-320-Bit-Architecture-DisplayPort%2Fdp%2FB09F3W9RZK%2Fref%3Dsr_1_22_sspa%3Fdchild%3D1%26keywords%3D3070%2BGraphics%2BCard%26qid%3D1634064927%26sr%3D8-22-spons%26psc%3D1&qualifier=1634064927&id=8781790024814381&widgetName=sp_btf
MSI Gaming GeForce RTX 3080 OC Ventus 3X LHR Graphics Card 10GB GDRR6X 320-Bit PCIe4.0 Torx Fan 3 Ampere Architecture 1 x HDMI 2.1 3 x DisplayPort 1.4a w/ Mytrix_HDMI 2.1 Cable(4k@120Hz/8K@60Hz) ,1849.99,,no reviews,Only 8 left in stock - order soon.,https://www.amazon.com/gp/slredirect/picassoRedirect.html/ref=pa_sp_atf_aps_sr_pg1_1?ie=UTF8&adId=A0416669P6UHLV9HIWDK&url=%2FGeForce-Graphics-Architecture-DisplayPort-Mytrix_HDMI%2Fdp%2FB09GSD7N36%2Fref%3Dsr_1_1_sspa%3Fdchild%3D1%26keywords%3D3080%2BGraphics%2BCard%26qid%3D1634064928%26sr%3D8-1-spons%26psc%3D1&qualifier=1634064928&id=1036698142160684&widgetName=sp_atf
"MSI Gaming GeForce RTX 3080 Ti OC Gaming Trio X Graphics Card, 12GB GDRR6X 320-Bit PCIe 4.0, Torx Fan 4.0 Ampere Architecture, DisplayPort x3 (v1.4) HDMI x1 w/ Mytrix_HDMI 2.1 Cable(4k@120Hz/8K@60Hz) ",2299.99,,no reviews,Only 5 left in stock - order soon.,https://www.amazon.com/gp/slredirect/picassoRedirect.html/ref=pa_sp_atf_aps_sr_pg1_1?ie=UTF8&adId=A07205811G2O2PR6C5XG7&url=%2FGeForce-Graphics-Architecture-DisplayPort-Mytrix_HDMI%2Fdp%2FB09GPX5SQJ%2Fref%3Dsr_1_2_sspa%3Fdchild%3D1%26keywords%3D3080%2BGraphics%2BCard%26qid%3D1634064928%26sr%3D8-2-spons%26psc%3D1&qualifier=1634064928&id=1036698142160684&widgetName=sp_atf
MSI Gaming GeForce RTX 3080 LHR 10GB GDRR6X 320-Bit HDMI/DP Nvlink Torx Fan 4 RGB Ampere Architecture OC Graphics Card (RTX 3080 Gaming Z Trio 10G LHR) ,1868.0,4.1 out of 5 stars,8,Only 19 left in stock - order soon.,https://www.amazon.com/MSI-GeForce-RTX-3080-LHR/dp/B0995S7548/ref=sr_1_3?dchild=1&keywords=3080+Graphics+Card&qid=1634064928&sr=8-3
"ZOTAC Gaming GeForce RTX 3080 Ti AMP Holo 12GB GDDR6X 384-bit 19 Gbps PCIE 4.0 Gaming Graphics Card, HoloBlack, IceStorm 2.0 Advanced Cooling, Spectra 2.0 RGB Lighting, ZT-A30810F-10P ",2065.0,3.9 out of 5 stars,20,Only 4 left in stock - order soon.,https://www.amazon.com/ZOTAC-Graphics-HoloBlack-IceStorm-ZT-A30810F-10P/dp/B08V1ZWGVR/ref=sr_1_4?dchild=1&keywords=3080+Graphics+Card&qid=1634064928&sr=8-4
2021 Newst GeForce RTX 3080 Founders Edition / AllyFlex HDMI ,2899.0,2.3 out of 5 stars,5,Only 2 left in stock - order soon.,https://www.amazon.com/2021-Newst-GeForce-Founders-AllyFlex/dp/B095XZMSPB/ref=sr_1_5?dchild=1&keywords=3080+Graphics+Card&qid=1634064928&sr=8-5
"EV GA GeForce RTX 3080 XC3 Black Gaming Video Card, 10G-P5-3881-KL, 10GB GDDR6X, iCX3 Cooling, ARGB LED, LHR ",1650.0,3.5 out of 5 stars,3,Only 9 left in stock - order soon.,https://www.amazon.com/GeForce-Gaming-10G-P5-3881-KL-GDDR6X-Cooling/dp/B09CLX9JB9/ref=sr_1_6?dchild=1&keywords=3080+Graphics+Card&qid=1634064928&sr=8-6
EVGA GeForce RTX 3080 Ti XC3 U ,Not available,4.0 out of 5 stars,20,out of stock,https://www.amazon.com/EVGA-GeForce-RTX-3080-XC3/dp/B0979GYMHP/ref=sr_1_7?dchild=1&keywords=3080+Graphics+Card&qid=1634064928&sr=8-7
AX Bundle RTX 3080 Ventus 10GB GDRR6X 320-Bit HDMI DP Nvlink Tri-Frozr 2 Ampere Architecture OC LHR Graphics Card and AX HDMI 2.1 UHD 48 Gbps (4k@120Hz/8K@60Hz) ,1739.99,,no reviews,Only 6 left in stock - order soon.,https://www.amazon.com/Bundle-320-Bit-Tri-Frozr-Architecture-Graphics/dp/B09DMX8M32/ref=sr_1_8?dchild=1&keywords=3080+Graphics+Card&qid=1634064928&sr=8-8
MSI Gaming GeForce RTX 3080 LHR 10GB GDRR6X 320-Bit HDMI/DP Nvlink Torx Fan 3 Ampere Architecture OC Graphics Card (RTX 3080 Ventus 3X 10G OC LHR) ,Not available,4.1 out of 5 stars,6,out of stock,https://www.amazon.com/MSI-GeForce-RTX-3080-LHR/dp/B0987CCX66/ref=sr_1_9?dchild=1&keywords=3080+Graphics+Card&qid=1634064928&sr=8-9
"EVGA GeForce RTX 3080 Ti FTW3 Ultra Gaming, 12G-P5-3967-KR, 12GB GDDR6X, iCX3 Technology, ARGB LED, Metal Backplate ",Not available,4.6 out of 5 stars,187,out of stock,https://www.amazon.com/EVGA-GeForce-12G-P5-3967-KR-Technology-Backplate/dp/B09622N253/ref=sr_1_10?dchild=1&keywords=3080+Graphics+Card&qid=1634064928&sr=8-10
MSI Gaming GeForce RTX 3080 OC Ventus 3X LHR Graphics Card 10GB GDRR6X 320-Bit PCI Express 4.0 x16 Torx Fan 3 Ampere Architecture 1x HDMI 2.1 3X DisplayPort 1.4a w/ Mytrix HDMI Cable ,1849.99,,no reviews,Only 7 left in stock - order soon.,https://www.amazon.com/gp/slredirect/picassoRedirect.html/ref=pa_sp_mtf_aps_sr_pg1_1?ie=UTF8&adId=A072680826NRT0XEMLPLF&url=%2FGeForce-Graphics-320-Bit-Architecture-DisplayPort%2Fdp%2FB09F3W9RZK%2Fref%3Dsr_1_11_sspa%3Fdchild%3D1%26keywords%3D3080%2BGraphics%2BCard%26qid%3D1634064928%26sr%3D8-11-spons%26psc%3D1&qualifier=1634064928&id=1036698142160684&widgetName=sp_mtf
"ASUS TUF Gaming NVIDIA GeForce RTX 3080 Ti OC Edition Graphics Card (PCIe 4.0, 12GB GDDR6X, HDMI 2.1, DisplayPort 1.4a, Dual Ball Fan Bearings, Military-Grade Certification, GPU Tweak II) ",Not available,3.9 out of 5 stars,24,out of stock,https://www.amazon.com/ASUS-Graphics-DisplayPort-Military-Grade-Certification/dp/B096L3GLYS/ref=sr_1_12?dchild=1&keywords=3080+Graphics+Card&qid=1634064928&sr=8-12
"ZOTAC Gaming GeForce RTX 3080 Trinity OC LHR 10GB GDDR6X 320-bit 19 Gbps PCIE 4.0 Gaming Graphics Card, IceStorm 2.0 Advanced Cooling, Spectra 2.0 RGB Lighting, ZT-A30800J-10PLHR ",Not available,4.6 out of 5 stars,12,out of stock,https://www.amazon.com/ZOTAC-Graphics-IceStorm-Advanced-ZT-A30800J-10PLHR/dp/B099ZCG8T5/ref=sr_1_13?dchild=1&keywords=3080+Graphics+Card&qid=1634064928&sr=8-13
"GIGABYTE AORUS GeForce RTX 3080 Xtreme 10G (REV2.0) Graphics Card, Max Covered Cooling, LHR, 10GB 320-bit GDDR6X, GV-N3080AORUS X-10GD REV2.0 Video Card ",1899.0,no ratings,no reviews,Only 1 left in stock - order soon.,https://www.amazon.com/GIGABYTE-REV2-0-Graphics-GV-N3080AORUS-X-10GD/dp/B098V1B88L/ref=sr_1_14?dchild=1&keywords=3080+Graphics+Card&qid=1634064928&sr=8-14
"GIGABYTE GeForce RTX 3080 Gaming OC 10G (REV2.0) Graphics Card, 3X WINDFORCE Fans, LHR, 10GB 320-bit GDDR6X, GV-N3080GAMING OC-10GD REV2.0 Video Card ",Not available,5.0 out of 5 stars,1,out of stock,https://www.amazon.com/GIGABYTE-GeForce-Graphics-WINDFORCE-GV-N3080GAMING/dp/B098TZ3RMZ/ref=sr_1_15?dchild=1&keywords=3080+Graphics+Card&qid=1634064928&sr=8-15
ASUS TUF Gaming GeForce RTX 3080 Ti OC Graphics Card 12GB GDDR6X PCIe 4.0  Dual Ball Fan Bearings Axial-Tech Fan Design 2X HDMI 2.1 3X DisplayPort 1.4a w/ Mytrix HDMI 2.1 Cable(4k@120Hz/8K@60Hz) ,2549.99,1.0 out of 5 stars,2,Only 1 left in stock - order soon.,https://www.amazon.com/gp/slredirect/picassoRedirect.html/ref=pa_sp_mtf_aps_sr_pg1_1?ie=UTF8&adId=A0368250TFAWJWFPKVV6&url=%2FGeForce-Graphics-Bearings-Axial-Tech-DisplayPort%2Fdp%2FB097NF8LZ7%2Fref%3Dsr_1_16_sspa%3Fdchild%3D1%26keywords%3D3080%2BGraphics%2BCard%26qid%3D1634064928%26sr%3D8-16-spons%26psc%3D1&qualifier=1634064928&id=1036698142160684&widgetName=sp_mtf
"ASUS ROG Strix NVIDIA GeForce RTX 3080 Ti OC Edition Gaming Graphics Card (PCIe 4.0, 12GB GDDR6X, HDMI 2.1, DisplayPort 1.4a, Axial-tech Fan Design, 2.9-Slot, Super Alloy Power II, GPU Tweak II) ",2399.0,3.5 out of 5 stars,13,Only 5 left in stock - order soon.,https://www.amazon.com/ASUS-Graphics-DisplayPort-Axial-tech-2-9-Slot/dp/B096L7M4XR/ref=sr_1_17?dchild=1&keywords=3080+Graphics+Card&qid=1634064928&sr=8-17
MSI Gaming GeForce RTX 3080 Ti 12GB GDRR6X 320-Bit HDMI/DP Nvlink Torx Fan 3 Ampere Architecture OC Graphics Card (RTX 3080 Ti Gaming X Trio 12G) ,Not available,4.0 out of 5 stars,68,out of stock,https://www.amazon.com/MSI-Gaming-RTX-3080-Trio/dp/B095VZ6F73/ref=sr_1_18?dchild=1&keywords=3080+Graphics+Card&qid=1634064928&sr=8-18
MSI Gaming GeForce RTX 3080 Ti 12GB GDRR6X 320-Bit HDMI/DP Nvlink Tri-Frozr 2 Ampere Architecture OC Graphics Card (RTX 3080 Ti Ventus 3X 12G OC) ,1969.97,4.2 out of 5 stars,12,Only 1 left in stock - order soon.,https://www.amazon.com/MSI-GeForce-RTX-3080-12G/dp/B095W3S3LF/ref=sr_1_19?dchild=1&keywords=3080+Graphics+Card&qid=1634064928&sr=8-19
"GIGABYTE AORUS GeForce RTX 3080 Ti Master 12G Graphics Card, Max Covered Cooling, 12GB 384-bit GDDR6X, GV-N308TAORUS M-12GD Video Card ",Not available,3.0 out of 5 stars,2,out of stock,https://www.amazon.com/Fashion-Carpet-Anti-Skid-Bedroom-Kitchen/dp/B083HZG3HK/ref=sr_1_20?dchild=1&keywords=3080+Graphics+Card&qid=1634064928&sr=8-20
"MSI Gaming GeForce RTX 3080 Ti OC Gaming Trio X Graphics Card, 12GB GDRR6X 320-Bit PCIe 4.0, Torx Fan 4.0 Ampere Architecture, DisplayPort x 3 (v1.4) HDMI x 1 w/ Mytrix_HDMI Cable ",2299.99,,no reviews,Only 5 left in stock - order soon.,https://www.amazon.com/gp/slredirect/picassoRedirect.html/ref=pa_sp_btf_aps_sr_pg1_1?ie=UTF8&adId=A0720425318KWOOW4LQFG&url=%2FGeForce-Graphics-Architecture-DisplayPort-Mytrix_HDMI%2Fdp%2FB09GPTQS7S%2Fref%3Dsr_1_21_sspa%3Fdchild%3D1%26keywords%3D3080%2BGraphics%2BCard%26qid%3D1634064928%26sr%3D8-21-spons%26psc%3D1&qualifier=1634064928&id=1036698142160684&widgetName=sp_btf
ASUS ROG Strix Gaming GeForce RTX 3080 Ti OC Edition Graphics Card 12GB GDDR6X PCIe 4.0 Axial-tech Fan Design 2.9-Slot Super Alloy Power II 2X HDMI 2.1 3X DisplayPort 1.4a w/ Mytrix_HDMI Cable ,2599.99,,no reviews,Only 8 left in stock - order soon.,https://www.amazon.com/gp/slredirect/picassoRedirect.html/ref=pa_sp_btf_aps_sr_pg1_1?ie=UTF8&adId=A09229182Z2L5AD7SGQ8A&url=%2FGraphics-Axial-tech-2-9-Slot-DisplayPort-Mytrix_HDMI%2Fdp%2FB09HJS8XQW%2Fref%3Dsr_1_22_sspa%3Fdchild%3D1%26keywords%3D3080%2BGraphics%2BCard%26qid%3D1634064928%26sr%3D8-22-spons%26psc%3D1&qualifier=1634064928&id=1036698142160684&widgetName=sp_btf
MSI Gaming GeForce RTX 3080 OC Ventus 3X LHR Graphics Card 10GB GDRR6X 320-Bit PCIe4.0 Torx Fan 3 Ampere Architecture 1 x HDMI 2.1 3 x DisplayPort 1.4a w/ Mytrix_HDMI 2.1 Cable(4k@120Hz/8K@60Hz) ,1849.99,,no reviews,Only 8 left in stock - order soon.,https://www.amazon.com/gp/slredirect/picassoRedirect.html/ref=pa_sp_atf_aps_sr_pg1_1?ie=UTF8&adId=A0416669P6UHLV9HIWDK&url=%2FGeForce-Graphics-Architecture-DisplayPort-Mytrix_HDMI%2Fdp%2FB09GSD7N36%2Fref%3Dsr_1_1_sspa%3Fdchild%3D1%26keywords%3D3090%2BGraphics%2BCard%26qid%3D1634064929%26sr%3D8-1-spons%26psc%3D1&qualifier=1634064929&id=792815206884448&widgetName=sp_atf
"MSI Gaming GeForce RTX 3080 Ti OC Gaming Trio X Graphics Card, 12GB GDRR6X 320-Bit PCIe 4.0, Torx Fan 4.0 Ampere Architecture, DisplayPort x3 (v1.4) HDMI x1 w/ Mytrix_HDMI 2.1 Cable(4k@120Hz/8K@60Hz) ",2299.99,,no reviews,Only 5 left in stock - order soon.,https://www.amazon.com/gp/slredirect/picassoRedirect.html/ref=pa_sp_atf_aps_sr_pg1_1?ie=UTF8&adId=A07205811G2O2PR6C5XG7&url=%2FGeForce-Graphics-Architecture-DisplayPort-Mytrix_HDMI%2Fdp%2FB09GPX5SQJ%2Fref%3Dsr_1_2_sspa%3Fdchild%3D1%26keywords%3D3090%2BGraphics%2BCard%26qid%3D1634064929%26sr%3D8-2-spons%26psc%3D1&qualifier=1634064929&id=792815206884448&widgetName=sp_atf
MSI Gaming GeForce RTX 3090 24GB GDRR6X 384-Bit HDMI/DP Nvlink Torx Fan 3 Ampere Architecture OC Graphics Card (RTX 3090 VENTUS 3X 24G OC) (Renewed) ,Not available,3.5 out of 5 stars,3,out of stock,https://www.amazon.com/MSI-3090-Architecture-3X-24G/dp/B094PSPVPC/ref=sr_1_3?dchild=1&keywords=3090+Graphics+Card&qid=1634064929&sr=8-3
"EVGA GeForce RTX 3090 FTW3 Ultra Gaming, 24GB GDDR6X, iCX3 Technology, ARGB LED, Metal Backplate, 24G-P5-3987-KR ",Not available,4.5 out of 5 stars,404,out of stock,https://www.amazon.com/EVGA-GeForce-Technology-Backplate-24G-P5-3987-KR/dp/B08J5F3G18/ref=sr_1_4?dchild=1&keywords=3090+Graphics+Card&qid=1634064929&sr=8-4
NVIDIA GeForce RTX 3090 Founders Edition Graphics Card ,3364.97,4.5 out of 5 stars,60,Only 2 left in stock - order soon.,https://www.amazon.com/NVIDIA-RTX-3090-Founders-Graphics/dp/B08HR6ZBYJ/ref=sr_1_5?dchild=1&keywords=3090+Graphics+Card&qid=1634064929&sr=8-5
MSI Ventus 3X GeForce RTX 3090 OC Graphics Card 24GB GDRR6X PCIe 4.0 x 16 Nvlink Torx Fan 3.0 Ray Tracing Ampere Architecture DLSS AI Acceleration 3X DisplayPort 1x HDMI 2.1 8K w/ Mytrix_HDMI Cable ,3649.99,3.0 out of 5 stars,2,Only 4 left in stock - order soon.,https://www.amazon.com/Graphics-Architecture-Acceleration-DisplayPort-Mytrix_HDMI/dp/B09CHC18N9/ref=sr_1_6?dchild=1&keywords=3090+Graphics+Card&qid=1634064929&sr=8-6
MSI GeForce RTX 3090 Trio DirectX 12 Graphics Card 24GB 384-Bit GDDR6X PCIe 4.0 HDCP Ready Tri-Frozr 2 Ampere Architecture DisplayPort x 3 (v1.4a) / HDMI 2.1 x 1 w/ Mytrix HDMI Cable ,Not available,3.7 out of 5 stars,6,out of stock,https://www.amazon.com/GeForce-Graphics-Tri-Frozr-Architecture-DisplayPort/dp/B097YZFT5K/ref=sr_1_7?dchild=1&keywords=3090+Graphics+Card&qid=1634064929&sr=8-7
MSI Gaming GeForce RTX 3090 24GB GDRR6X 384-Bit HDMI/DP Nvlink Tri-Frozr 2 Ampere Architecture OC Graphics Card (RTX 3090 GAMING X TRIO 24G) (Renewed) ,2807.65,1.0 out of 5 stars,1,Only 7 left in stock - order soon.,https://www.amazon.com/MSI-GeForce-Tri-Frozr-Architecture-Graphics/dp/B095M8QCNL/ref=sr_1_8?dchild=1&keywords=3090+Graphics+Card&qid=1634064929&sr=8-8
"ASUS TUF Gaming NVIDIA GeForce RTX 3090 OC Edition Graphics Card- PCIe 4.0, 24GB GDDR6X, HDMI 2.1, DisplayPort 1.4a, Dual Ball Fan Bearings ",Not available,4.5 out of 5 stars,89,out of stock,https://www.amazon.com/ASUS-GeForce-Graphics-DisplayPort-Bearings/dp/B08HJGNJ81/ref=sr_1_9?dchild=1&keywords=3090+Graphics+Card&qid=1634064929&sr=8-9
MSI Gaming X Trio GeForce RTX 3070 Ti OC Graphics Card 8GB GDRR6X 256-Bit PCIe 4.0 x16 Triple-Fan TRI FROZR 2 Ampere Architecture 1x HDMI 2.1 3X DisplayPort 1.4a w/ Mytrix_ HDMI Cable ,1649.99,1.0 out of 5 stars,1,Only 4 left in stock - order soon.,https://www.amazon.com/GeForce-Graphics-Triple-Fan-Architecture-DisplayPort/dp/B09D17W92Y/ref=sr_1_10?dchild=1&keywords=3090+Graphics+Card&qid=1634064929&sr=8-10
"ZOTAC Gaming GeForce RTX 3090 Trinity OC Graphics Card 24GB GDDR6X 384-bit PCIE 4.0, IceStorm 2.0 Advanced Cooling, Spectra 2.0 RGB Lighting, 3X DisplayPort 1.4a, 1x HDMI 2.1 w/ Mytrix_HDMI Cable ",3199.99,1.0 out of 5 stars,2,Only 1 left in stock - order soon.,https://www.amazon.com/gp/slredirect/picassoRedirect.html/ref=pa_sp_mtf_aps_sr_pg1_1?ie=UTF8&adId=A0816423111J0OGIECSZI&url=%2FGraphics-IceStorm-Advanced-DisplayPort-Mytrix_HDMI%2Fdp%2FB09F3W8DM8%2Fref%3Dsr_1_11_sspa%3Fdchild%3D1%26keywords%3D3090%2BGraphics%2BCard%26qid%3D1634064929%26sr%3D8-11-spons%26psc%3D1&qualifier=1634064929&id=792815206884448&widgetName=sp_mtf
"GIGABYTE AORUS GeForce RTX 3090 Xtreme WATERFORCE WB 24G Graphics Card, WATERFORCE Water Block Cooling System, 24GB 384-bit GDDR6X, GV-N3090AORUSX WB-24GD Video Card ",3345.99,3.4 out of 5 stars,3,Only 2 left in stock - order soon.,https://www.amazon.com/GIGABYTE-GeForce-WATERFORCE-Graphics-GV-N3090AORUSX/dp/B08R5J94WP/ref=sr_1_12?dchild=1&keywords=3090+Graphics+Card&qid=1634064929&sr=8-12
MSI Gaming GeForce RTX 3090 24GB GDRR6X 384-Bit HDMI/DP Nvlink Torx Fan 3 Ampere Architecture OC Graphics Card (RTX 3090 VENTUS 3X 24G OC) ,Not available,4.4 out of 5 stars,156,out of stock,https://www.amazon.com/MSI-GeForce-RTX-3090-VENTUS/dp/B08HR9D2JS/ref=sr_1_13?dchild=1&keywords=3090+Graphics+Card&qid=1634064929&sr=8-13
MSI Ventus 3X GeForce RTX 3090 OC Graphics Card 24GB GDRR6X PCIe 4.0 x 16 Ray Tracing Ampere Architecture DLSS AI Acceleration 3X DisplayPort 1x HDMI 2.1 8K w/ Mytrix_HDMI 2.1 Cable(4k@120Hz/8K@60Hz) ,Not available,no ratings,no reviews,out of stock,https://www.amazon.com/Graphics-Architecture-Acceleration-DisplayPort-Mytrix_HDMI/dp/B09CHF6R2Y/ref=sr_1_14?dchild=1&keywords=3090+Graphics+Card&qid=1634064929&sr=8-14
"GIGABYTE AORUS GeForce RTX 3090 Xtreme WATERFORCE 24G Graphics Card, WATERFORCE All-in-One Cooling System, 24GB 384-bit GDDR6X, GV-N3090AORUSX W-24GD Video Card ",3138.99,4.7 out of 5 stars,4,Only 1 left in stock - order soon.,https://www.amazon.com/GIGABYTE-GeForce-WATERFORCE-Graphics-GV-N3090AORUSX/dp/B08R5D3374/ref=sr_1_15?dchild=1&keywords=3090+Graphics+Card&qid=1634064929&sr=8-15
"MSI Gaming GeForce RTX 3080 Ti OC Gaming Trio X Graphics Card, 12GB GDRR6X 320-Bit PCIe 4.0, Torx Fan 4.0 Ampere Architecture, DisplayPort x 3 (v1.4) HDMI x 1 w/ Mytrix_HDMI Cable ",2299.99,,no reviews,Only 5 left in stock - order soon.,https://www.amazon.com/gp/slredirect/picassoRedirect.html/ref=pa_sp_mtf_aps_sr_pg1_1?ie=UTF8&adId=A0720425318KWOOW4LQFG&url=%2FGeForce-Graphics-Architecture-DisplayPort-Mytrix_HDMI%2Fdp%2FB09GPTQS7S%2Fref%3Dsr_1_16_sspa%3Fdchild%3D1%26keywords%3D3090%2BGraphics%2BCard%26qid%3D1634064929%26sr%3D8-16-spons%26psc%3D1&qualifier=1634064929&id=792815206884448&widgetName=sp_mtf
"ZOTAC Gaming GeForce RTX 3090 Trinity OC 24GB GDDR6X 384-bit 19.5 Gbps PCIE 4.0 Gaming Graphics Card, IceStorm 2.0 Advanced Cooling, Spectra 2.0 RGB Lighting, ZT-A30900J-10P ",Not available,4.2 out of 5 stars,22,out of stock,https://www.amazon.com/ZOTAC-Graphics-IceStorm-Advanced-ZT-A30900J-10P/dp/B08ZL6XD9H/ref=sr_1_17?dchild=1&keywords=3090+Graphics+Card&qid=1634064929&sr=8-17
"ZOTAC Gaming GeForce RTX 3080 Ti AMP Holo 12GB GDDR6X 384-bit 19 Gbps PCIE 4.0 Gaming Graphics Card, HoloBlack, IceStorm 2.0 Advanced Cooling, Spectra 2.0 RGB Lighting, ZT-A30810F-10P ",2065.0,3.9 out of 5 stars,20,Only 4 left in stock - order soon.,https://www.amazon.com/ZOTAC-Graphics-HoloBlack-IceStorm-ZT-A30810F-10P/dp/B08V1ZWGVR/ref=sr_1_18?dchild=1&keywords=3090+Graphics+Card&qid=1634064929&sr=8-18
"GIGABYTE AORUS GeForce RTX 3080 Ti Master 12G Graphics Card, Max Covered Cooling, 12GB 384-bit GDDR6X, GV-N308TAORUS M-12GD Video Card ",Not available,3.0 out of 5 stars,2,out of stock,https://www.amazon.com/Fashion-Carpet-Anti-Skid-Bedroom-Kitchen/dp/B083HZG3HK/ref=sr_1_19?dchild=1&keywords=3090+Graphics+Card&qid=1634064929&sr=8-19
"GIGABYTE AORUS GeForce RTX 3080 Ti Xtreme 10G Graphics Card, Max Covered Cooling, 12GB 384-bit GDDR6X, GV-N308TAORUS X-12GD Video Card ",2388.99,3.1 out of 5 stars,3,Only 1 left in stock - order soon.,https://www.amazon.com/Ladybugs-Colors-Anti-Skid-Bedroom-Kitchen/dp/B083HZFK45/ref=sr_1_20?dchild=1&keywords=3090+Graphics+Card&qid=1634064929&sr=8-20
MSI Gaming GeForce RTX 3080 OC Ventus 3X LHR Graphics Card 10GB GDRR6X 320-Bit PCI Express 4.0 x16 Torx Fan 3 Ampere Architecture 1x HDMI 2.1 3X DisplayPort 1.4a w/ Mytrix HDMI Cable ,1849.99,,no reviews,Only 7 left in stock - order soon.,https://www.amazon.com/gp/slredirect/picassoRedirect.html/ref=pa_sp_btf_aps_sr_pg1_1?ie=UTF8&adId=A072680826NRT0XEMLPLF&url=%2FGeForce-Graphics-320-Bit-Architecture-DisplayPort%2Fdp%2FB09F3W9RZK%2Fref%3Dsr_1_21_sspa%3Fdchild%3D1%26keywords%3D3090%2BGraphics%2BCard%26qid%3D1634064929%26sr%3D8-21-spons%26psc%3D1&qualifier=1634064929&id=792815206884448&widgetName=sp_btf
"GIGABYTE AORUS GeForce RTX 3090 Xtreme Graphics Card, 24GB 384-bit GDDR6X, PCIe 4.0 x16, Max Covered Cooling, Vapor Chamber & Heat Pipe, 3 x DisplayPort 1.4a 3X HDMI w/ Mytrix_HDMI Cable ",3449.99,,no reviews,Only 1 left in stock - order soon.,https://www.amazon.com/gp/slredirect/picassoRedirect.html/ref=pa_sp_btf_aps_sr_pg1_1?ie=UTF8&adId=A000439910JA5OS3TLCPR&url=%2FGIGABYTE-GeForce-Graphics-DisplayPort-Mytrix_HDMI%2Fdp%2FB09BZYT9BT%2Fref%3Dsr_1_22_sspa%3Fdchild%3D1%26keywords%3D3090%2BGraphics%2BCard%26qid%3D1634064929%26sr%3D8-22-spons%26psc%3D1&qualifier=1634064929&id=792815206884448&widgetName=sp_btf
ASRock Radeon RX 6900 XT Phantom Gaming D OC Graphics Card 16GB GDDR6 PCIe 4.0 AMD RDNA2 Triple Fan Polychrome SYNC 3X DisplayPort 1.4a DSC 1x HDMI 2.1VRR w/ Mytrix HDMI 2.1 Cable(4k@120Hz/8K@60Hz) ,2079.99,3.2 out of 5 stars,7,Only 1 left in stock - order soon.,https://www.amazon.com/gp/slredirect/picassoRedirect.html/ref=pa_sp_atf_aps_sr_pg1_1?ie=UTF8&adId=A01968767QFB4R224PK3&url=%2FASRock-Phantom-Graphics-Polychrome-DisplayPort%2Fdp%2FB093NBMV17%2Fref%3Dsr_1_1_sspa%3Fdchild%3D1%26keywords%3DRadeon%2BRX%2B6900%2BXT%26qid%3D1634064930%26sr%3D8-1-spons%26psc%3D1&qualifier=1634064930&id=3383337948062289&widgetName=sp_atf
"MSI Gaming GeForce RTX 3080 Ti OC Gaming Trio X Graphics Card, 12GB GDRR6X 320-Bit PCIe 4.0, Torx Fan 4.0 Ampere Architecture, DisplayPort x3 (v1.4) HDMI x1 w/ Mytrix_HDMI 2.1 Cable(4k@120Hz/8K@60Hz) ",2299.99,,no reviews,Only 5 left in stock - order soon.,https://www.amazon.com/gp/slredirect/picassoRedirect.html/ref=pa_sp_atf_aps_sr_pg1_1?ie=UTF8&adId=A07205811G2O2PR6C5XG7&url=%2FGeForce-Graphics-Architecture-DisplayPort-Mytrix_HDMI%2Fdp%2FB09GPX5SQJ%2Fref%3Dsr_1_2_sspa%3Fdchild%3D1%26keywords%3DRadeon%2BRX%2B6900%2BXT%26qid%3D1634064930%26sr%3D8-2-spons%26psc%3D1&qualifier=1634064930&id=3383337948062289&widgetName=sp_atf
"XFX Speedster MERC319 AMD Radeon RX 6900 XT Black Gaming Graphics Card with 16GB GDDR6, HDMI 2,1, 2xDP, USB-C, AMD RDNA 2 RX-69XTACBD9 ",1699.99,4.1 out of 5 stars,59,out of stock,https://www.amazon.com/XFX-Speedster-MERC319-Graphics-RX-69XTACBD9/dp/B08SVZNFWR/ref=sr_1_3?dchild=1&keywords=Radeon+RX+6900+XT&qid=1634064930&sr=8-3
Sapphire Technology Nitro+ AMD Radeon RX 6900 XT Special Edition PCIe 4.0 Gaming Graphics Card with 16GB GDDR6 (11308-03-20G) ,1849.0,4.5 out of 5 stars,12,out of stock,https://www.amazon.com/Sapphire-Technology-Special-Graphics-11308-03-20G/dp/B094DYSQQL/ref=sr_1_4?dchild=1&keywords=Radeon+RX+6900+XT&qid=1634064930&sr=8-4
"GIGABYTE AORUS Radeon RX 6900 XT Master 16G Graphics Card, MAX-Covered Cooling, 16GB 256-bit GDDR6, GV-R69XTAORUS M-16GD Video Card ",2009.0,no ratings,no reviews,Only 7 left in stock - order soon.,https://www.amazon.com/GIGABYTE-Graphics-MAX-Covered-GV-R69XTAORUS-M-16GD/dp/B083HZ3M1X/ref=sr_1_5?dchild=1&keywords=Radeon+RX+6900+XT&qid=1634064930&sr=8-5
"PowerColor Red Devil AMD Radeon RX 6900 XT Ultimate Gaming Graphics Card with 16GB GDDR6 Memory, Powered by AMD RDNA 2, HDMI 2.1 ",1799.99,3.8 out of 5 stars,19,out of stock,https://www.amazon.com/PowerColor-Radeon-Ultimate-Graphics-Powered/dp/B09258PCFS/ref=sr_1_6?dchild=1&keywords=Radeon+RX+6900+XT&qid=1634064930&sr=8-6
MSI Gaming Radeon RX 6900 XT Gaming Z Trio 16G 16GB GDDR6 256-Bit HDMI/DP Nvlink Torx Fan 4 AMD Graphics Card (RX 6900 XT Gaming Z Trio 16G) ,1899.99,4.0 out of 5 stars,1,out of stock,https://www.amazon.com/MSI-Radeon-RX-6900-16G/dp/B096M7NPNP/ref=sr_1_7?dchild=1&keywords=Radeon+RX+6900+XT&qid=1634064930&sr=8-7
"PowerColor Red Devil AMD Radeon RX 6900 XT Gaming Graphics Card with 16GB GDDR6 Memory, Powered by AMD RDNA 2, Raytracing, PCI Express 4.0, HDMI 2.1, AMD Infinity Cache ",1749.99,4.2 out of 5 stars,66,out of stock,https://www.amazon.com/PowerColor-Graphics-Powered-Raytracing-Infinity/dp/B08Q2R71CS/ref=sr_1_8?dchild=1&keywords=Radeon+RX+6900+XT&qid=1634064930&sr=8-8
"PowerColor Liquid Devil AMD Radeon RX 6900 XT Ultimate Gaming Graphics Card with 16GB GDDR6 Memory, Powered by AMD RDNA 2, HDMI 2.1 ",2299.99,3.3 out of 5 stars,3,out of stock,https://www.amazon.com/PowerColor-Liquid-Ultimate-Graphics-Powered/dp/B09257F463/ref=sr_1_9?dchild=1&keywords=Radeon+RX+6900+XT&qid=1634064930&sr=8-9
"GIGABYTE AORUS Radeon RX 6900 XT Xtreme WATERFORCE WB 16G Graphics Card, WATERFORCE Water Block Cooling System, 16GB 256-bit GDDR6, GV-R69XTAORUSX WB-16GD Video Card ",2259.99,3.9 out of 5 stars,4,out of stock,https://www.amazon.com/GIGABYTE-WATERFORCE-Graphics-GV-R69XTAORUSX-WB-16GD/dp/B097FYBRXH/ref=sr_1_10?dchild=1&keywords=Radeon+RX+6900+XT&qid=1634064930&sr=8-10
MSI Gaming GeForce RTX 3080 OC Ventus 3X LHR Graphics Card 10GB GDRR6X 320-Bit PCI Express 4.0 x16 Torx Fan 3 Ampere Architecture 1x HDMI 2.1 3X DisplayPort 1.4a w/ Mytrix HDMI Cable ,1849.99,,no reviews,Only 7 left in stock - order soon.,https://www.amazon.com/gp/slredirect/picassoRedirect.html/ref=pa_sp_mtf_aps_sr_pg1_1?ie=UTF8&adId=A072680826NRT0XEMLPLF&url=%2FGeForce-Graphics-320-Bit-Architecture-DisplayPort%2Fdp%2FB09F3W9RZK%2Fref%3Dsr_1_11_sspa%3Fdchild%3D1%26keywords%3DRadeon%2BRX%2B6900%2BXT%26qid%3D1634064930%26sr%3D8-11-spons%26psc%3D1&qualifier=1634064930&id=3383337948062289&widgetName=sp_mtf
"ASUS ROG Strix LC AMD Radeon RX 6900 XT TOP Edition Gaming Graphics Card (AMD RDNA 2, PCIe 4.0, 16GB GDDR6, HDMI 2.1, DisplayPort 1.4a, Full-coverage cold plate, 240mm radiator, 600mm tubing) ",2196.41,4.6 out of 5 stars,3,out of stock,https://www.amazon.com/ASUS-Graphics-DisplayPort-Full-coverage-radiator/dp/B0966YJGLT/ref=sr_1_12?dchild=1&keywords=Radeon+RX+6900+XT&qid=1634064930&sr=8-12
MSI Gaming Radeon RX 6900 XT Boost Clock Up to 2340 MHz 256-bit 16GB GDDR6 DP/HDMI Triple Torx 4.0 Fans FreeSync DirectX 12 VR Ready RGB Graphics Card (RX 6900 XT Gaming X Trio 16G) ,2089.0,3.7 out of 5 stars,11,out of stock,https://www.amazon.com/MSI-Gaming-6900-Trio-16G/dp/B08W2GPR62/ref=sr_1_13?dchild=1&keywords=Radeon+RX+6900+XT&qid=1634064930&sr=8-13
"ASUS ROG Strix LC AMD Radeon RX 6900 XT TOP Edition Gaming Graphics Card AMD RDNA 2, PCIe 4.0, 16GB GDDR6 (Renewed) ",Not available,no ratings,no reviews,out of stock,https://www.amazon.com/ASUS-Radeon-Gaming-Graphics-Renewed/dp/B098PHHKSY/ref=sr_1_14?dchild=1&keywords=Radeon+RX+6900+XT&qid=1634064930&sr=8-14
"ASUS ROG Strix LC AMD Radeon RX 6900 XT OC Edition Gaming Graphics Card (PCIe 4.0, 16GB GDDR6, HDMI 2.1, DisplayPort 1.4a, Full-Coverage Cold Plate, 240mm Radiator, 600mm tubing, GPU Tweak II) ",2379.0,3.9 out of 5 stars,11,out of stock,https://www.amazon.com/ASUS-Graphics-DisplayPort-Full-Coverage-Radiator/dp/B08S6Z2HGW/ref=sr_1_15?dchild=1&keywords=Radeon+RX+6900+XT&qid=1634064930&sr=8-15
"MSI Gaming GeForce RTX 3080 Ti OC Gaming Trio X Graphics Card, 12GB GDRR6X 320-Bit PCIe 4.0, Torx Fan 4.0 Ampere Architecture, DisplayPort x 3 (v1.4) HDMI x 1 w/ Mytrix_HDMI Cable ",2299.99,,no reviews,Only 5 left in stock - order soon.,https://www.amazon.com/gp/slredirect/picassoRedirect.html/ref=pa_sp_mtf_aps_sr_pg1_1?ie=UTF8&adId=A0720425318KWOOW4LQFG&url=%2FGeForce-Graphics-Architecture-DisplayPort-Mytrix_HDMI%2Fdp%2FB09GPTQS7S%2Fref%3Dsr_1_16_sspa%3Fdchild%3D1%26keywords%3DRadeon%2BRX%2B6900%2BXT%26qid%3D1634064930%26sr%3D8-16-spons%26psc%3D1&qualifier=1634064930&id=3383337948062289&widgetName=sp_mtf
ASRock Radeon RX 6900 XT Phantom Gaming D OC Graphics Card 16GB GDDR6 PCIe 4.0 AMD RDNA2 Triple Fan Polychrome SYNC 3X DisplayPort 1.4a DSC 1x HDMI 2.1VRR w/ Mytrix HDMI 2.1 Cable(4k@120Hz/8K@60Hz) ,2079.99,3.2 out of 5 stars,7,Only 1 left in stock - order soon.,https://www.amazon.com/ASRock-Phantom-Graphics-Polychrome-DisplayPort/dp/B093NBMV17/ref=sr_1_17?dchild=1&keywords=Radeon+RX+6900+XT&qid=1634064930&sr=8-17
"GIGABYTE Radeon RX 6900 XT Gaming OC 16G Graphics Card, WINDFORCE 3X Cooling System, 16GB 256-bit GDDR6, GV-R69XTGAMING OC-16GD Video Card ",2049.0,,no reviews,Only 1 left in stock - order soon.,https://www.amazon.com/GIGABYTE-Graphics-WINDFORCE-GV-R69XTGAMING-OC-16GD/dp/B08ZFYDH66/ref=sr_1_18?dchild=1&keywords=Radeon+RX+6900+XT&qid=1634064930&sr=8-18
"XFX Speedster MERC319 AMD Radeon RX 6900 XT Black Gaming Graphics Card with 16GB GDDR6, HDMI 2,1, 2xDP, USB-C, AMD RDNA 2 RX-69XTACBD9 (Renewed) ",Not available,no ratings,no reviews,out of stock,https://www.amazon.com/XFX-Speedster-MERC319-Graphics-RX-69XTACBD9/dp/B097YWV6VP/ref=sr_1_19?dchild=1&keywords=Radeon+RX+6900+XT&qid=1634064930&sr=8-19
"ASUS TUF Gaming AMD Radeon RX 6900 XT OC Edition Graphics Card (PCIe 4.0, 16GB GDDR6, HDMI 2.1, DisplayPort 1.4a, Dual Ball Fan Bearings, All-Aluminum Shroud, Reinforced Frame, GPU Tweak II) ",Not available,4.8 out of 5 stars,14,out of stock,https://www.amazon.com/ASUS-Graphics-DisplayPort-All-Aluminum-Reinforced/dp/B08R81J62G/ref=sr_1_20?dchild=1&keywords=Radeon+RX+6900+XT&qid=1634064930&sr=8-20
"MSI Radeon RX 6800 Trio OC DirectX 12 Ultimate Graphics Card, 16GB 256-Bit GDDR6, PCI Express 4.0, HDCP Ready, RDNA 2 Architecture, DisplayPort x 3 (v1.4a) / HDMI 2.1 x 1 w/ Mytrix HDMI Cable ",2049.99,3.2 out of 5 stars,3,Only 1 left in stock - order soon.,https://www.amazon.com/gp/slredirect/picassoRedirect.html/ref=pa_sp_btf_aps_sr_pg1_1?ie=UTF8&adId=A084393931JFSTLWUE5P7&url=%2FDirectX-Ultimate-Graphics-Architecture-DisplayPort%2Fdp%2FB08T6JZDNY%2Fref%3Dsr_1_21_sspa%3Fdchild%3D1%26keywords%3DRadeon%2BRX%2B6900%2BXT%26qid%3D1634064930%26sr%3D8-21-spons%26psc%3D1&qualifier=1634064930&id=3383337948062289&widgetName=sp_btf
MSI Gaming GeForce RTX 3060 Ti LHR Version Graphics Card 8GB GDDR6 PCIe 4.0 Dual-Fan Ampere Architecture Torx Fan 4.0 Zero Frozr 1 x HDMI 3x DisplayPort 1.4a w/ Mytrix_HDMI 2.1 Cable(4k@120Hz/8K@60Hz) ,949.99,4.6 out of 5 stars,5,Only 7 left in stock - order soon.,https://www.amazon.com/gp/slredirect/picassoRedirect.html/ref=pa_sp_btf_aps_sr_pg1_1?ie=UTF8&adId=A0975377GW3UW3UOTTA&url=%2FGraphics-Dual-Fan-Architecture-DisplayPort-Mytrix_HDMI%2Fdp%2FB09GHZGD5X%2Fref%3Dsr_1_22_sspa%3Fdchild%3D1%26keywords%3DRadeon%2BRX%2B6900%2BXT%26qid%3D1634064930%26sr%3D8-22-spons%26psc%3D1&qualifier=1634064930&id=3383337948062289&widgetName=sp_btf
"MSI Radeon RX 6800 Trio OC DirectX 12 Ultimate Graphics Card, 16GB 256-Bit GDDR6, PCI Express 4.0, HDCP Ready, RDNA 2 Architecture, DisplayPort x 3 (v1.4a) / HDMI 2.1 x 1 w/ Mytrix HDMI Cable ",2049.99,3.2 out of 5 stars,3,Only 1 left in stock - order soon.,https://www.amazon.com/gp/slredirect/picassoRedirect.html/ref=pa_sp_atf_aps_sr_pg1_1?ie=UTF8&adId=A084393931JFSTLWUE5P7&url=%2FDirectX-Ultimate-Graphics-Architecture-DisplayPort%2Fdp%2FB08T6JZDNY%2Fref%3Dsr_1_1_sspa%3Fdchild%3D1%26keywords%3Dradeon%2Brx%2B6800xt%26qid%3D1634064932%26sr%3D8-1-spons%26psc%3D1&qualifier=1634064932&id=7001399150690833&widgetName=sp_atf
"ASUS TUF Gaming AMD Radeon RX 6800 XT OC Edition Graphics Card (PCIe 4.0, 16GB GDDR6, HDMI 2.1, DisplayPort 1.4a, Dual Ball Fan Bearings, All-Aluminum Shroud, Reinforced Frame, GPU Tweak II) ",1646.95,4.1 out of 5 stars,12,Only 1 left in stock - order soon.,https://www.amazon.com/ASUS-Graphics-DisplayPort-All-Aluminum-Reinforced/dp/B08P3ZN62G/ref=sr_1_2?dchild=1&keywords=radeon+rx+6800xt&qid=1634064932&sr=8-2
"PowerColor Red Devil AMD Radeon RX 6800 XT Gaming Graphics Card with 16GB GDDR6 Memory, Powered by AMD RDNA 2, Raytracing, PCI Express 4.0, HDMI 2.1, AMD Infinity Cache ",1489.99,4.3 out of 5 stars,67,out of stock,https://www.amazon.com/PowerColor-Graphics-Powered-Raytracing-Infinity/dp/B08T9H18TJ/ref=sr_1_3?dchild=1&keywords=radeon+rx+6800xt&qid=1634064932&sr=8-3
"GIGABYTE AMD Radeon RX 6800 XT Gaming OC 16G Graphics Card, 16GB of GDDR6 Memory, Powered by AMD RDNA 2, HDMI 2.1, WINDFORCE 3X Cooling System, GV-R68XTGAMING OC-16GD ",Not available,4.4 out of 5 stars,20,out of stock,https://www.amazon.com/GIGABYTE-Graphics-Powered-WINDFORCE-GV-R68XTGAMING/dp/B08PFX6PZ6/ref=sr_1_4?dchild=1&keywords=radeon+rx+6800xt&qid=1634064932&sr=8-4
XFX Speedster MERC319 AMD Radeon RX 6800 XT CORE Gaming Graphics Card with 16GB GDDR6 HDMI 3xDP RX-68XTALFD9 ,1499.99,4.1 out of 5 stars,39,out of stock,https://www.amazon.com/XFX-Speedster-MERC319-Graphics-RX-68XTALFD9/dp/B08TJ2BHCQ/ref=sr_1_5?dchild=1&keywords=radeon+rx+6800xt&qid=1634064932&sr=8-5
"ASUS ROG Strix LC AMD Radeon RX 6800 XT OC Edition Gaming Graphics Card ( PCIe 4.0, 16GB GDDR6, HDMI 2.1, DisplayPort 1.4a, Full-Coverage Cold Plate, 240mm Radiator, 600mm tubing, GPU Tweak II) ",1899.99,4.7 out of 5 stars,5,Only 1 left in stock - order soon.,https://www.amazon.com/ASUS-Graphics-DisplayPort-Full-Coverage-Radiator/dp/B08NWHKGS9/ref=sr_1_6?dchild=1&keywords=radeon+rx+6800xt&qid=1634064932&sr=8-6
"PowerColor Red Dragon AMD Radeon RX 6800 Gaming Graphics Card with 16GB GDDR6 Memory, Powered by AMD RDNA 2, Raytracing, PCI Express 4.0, HDMI 2.1, AMD Infinity Cache ",Not available,4.3 out of 5 stars,40,out of stock,https://www.amazon.com/PowerColor-Graphics-Powered-Raytracing-Infinity/dp/B08P2C8XXH/ref=sr_1_7?dchild=1&keywords=radeon+rx+6800xt&qid=1634064932&sr=8-7
ASRock AMD Radeon RX 6800 Phantom Gaming D Overclocked Graphics Card 16GB GDDR6 PCI Express 4.0 x16 AMD RDNA 2 Polychrome SYNC 1x HDMI 2.1 VRR 3X DisplayPort 1.4 with DSC w/ Mytrix HDMI Cable ,Not available,3.0 out of 5 stars,6,out of stock,https://www.amazon.com/Phantom-Overclocked-Graphics-Polychrome-DisplayPort/dp/B092DVPC77/ref=sr_1_8?dchild=1&keywords=radeon+rx+6800xt&qid=1634064932&sr=8-8
XFX Speedster MERC319 Radeon RX 6800XT Black 16GB GDDR6 HDMI DisplayPort USB-C PCIe 4.0 Gaming Graphics Card RX-68XTACBD9 ,Not available,4.7 out of 5 stars,70,out of stock,https://www.amazon.com/XFX-Speedster-DisplayPort-Graphics-RX-68XTACBD9/dp/B08NX14LV1/ref=sr_1_9?dchild=1&keywords=radeon+rx+6800xt&qid=1634064932&sr=8-9
ASRock Radeon RX 6900 XT Phantom Gaming D OC Graphics Card 16GB GDDR6 PCIe 4.0 AMD RDNA2 Triple Fan Polychrome SYNC 3X DisplayPort 1.4a DSC 1x HDMI 2.1VRR w/ Mytrix HDMI 2.1 Cable(4k@120Hz/8K@60Hz) ,2079.99,3.2 out of 5 stars,7,Only 1 left in stock - order soon.,https://www.amazon.com/gp/slredirect/picassoRedirect.html/ref=pa_sp_mtf_aps_sr_pg1_1?ie=UTF8&adId=A069995726V30QZ7F3H8D&url=%2FASRock-Phantom-Graphics-Polychrome-DisplayPort%2Fdp%2FB093NBMV17%2Fref%3Dsr_1_10_sspa%3Fdchild%3D1%26keywords%3Dradeon%2Brx%2B6800xt%26qid%3D1634064932%26sr%3D8-10-spons%26psc%3D1&qualifier=1634064932&id=7001399150690833&widgetName=sp_mtf
"PowerColor Red Dragon AMD Radeon RX 6800 XT Gaming Graphics Card with 16GB GDDR6 Memory, Powered by AMD RDNA 2, Raytracing, PCI Express 4.0, HDMI 2.1, AMD Infinity Cache ",Not available,4.5 out of 5 stars,14,out of stock,https://www.amazon.com/PowerColor-Graphics-Powered-Raytracing-Infinity/dp/B08V1WK4LB/ref=sr_1_11?dchild=1&keywords=radeon+rx+6800xt&qid=1634064932&sr=8-11
"AORUS Radeon RX 6800 XT Master 16G Graphics Card, MAX-Covered Cooling, 16GB 256-bit GDDR6, GV-R68XTAORUS M-16GD Video Card ",Not available,5.0 out of 5 stars,4,out of stock,https://www.amazon.com/Beautiful-African-Anti-Skid-Bedroom-Kitchen/dp/B083GT6Q25/ref=sr_1_12?dchild=1&keywords=radeon+rx+6800xt&qid=1634064932&sr=8-12
Sapphire 11304-03-20G Pulse AMD Radeon RX 6800 XT PCIe 4.0 Gaming Graphics Card with 16GB GDDR6 ,1799.99,5.0 out of 5 stars,5,out of stock,https://www.amazon.com/Sapphire-11304-03-20G-Radeon-Gaming-Graphics/dp/B08NXYNLMR/ref=sr_1_13?dchild=1&keywords=radeon+rx+6800xt&qid=1634064932&sr=8-13
"PowerColor Red Devil AMD Radeon RX 6700 XT Gaming Graphics Card with 12GB GDDR6 Memory, Powered by AMD RDNA 2, Raytracing, PCI Express 4.0, HDMI 2.1, AMD Infinity Cache ",849.99,4.3 out of 5 stars,170,out of stock,https://www.amazon.com/PowerColor-Graphics-Powered-Raytracing-Infinity/dp/B08Y934HZQ/ref=sr_1_14?dchild=1&keywords=radeon+rx+6800xt&qid=1634064932&sr=8-14
"GIGABYTE Eagle GeForce RTX 3070 Graphics Card Rev2.0 8GB GDDR6 PCIe 4.0 x16, LHR, WINDFORCE 3X Cooling RGB Fusion 2.0, 2X HDMI 2.1 2X DisplayPort 1.4a w/ Mytrix HDMI 2.1 Cable(4k@120Hz/8K@60Hz) ",1249.99,,no reviews,Only 5 left in stock - order soon.,https://www.amazon.com/gp/slredirect/picassoRedirect.html/ref=pa_sp_mtf_aps_sr_pg1_1?ie=UTF8&adId=A09478622Z8RGUQCGYNTT&url=%2FGIGABYTE-GeForce-Graphics-WINDFORCE-DisplayPort%2Fdp%2FB09CS2YXTY%2Fref%3Dsr_1_15_sspa%3Fdchild%3D1%26keywords%3Dradeon%2Brx%2B6800xt%26qid%3D1634064932%26sr%3D8-15-spons%26psc%3D1&qualifier=1634064932&id=7001399150690833&widgetName=sp_mtf
"XFX Speedster QICK319 AMD Radeon RX 6700 XT Black Gaming Graphics Card with 12GB GDDR6 HDMI 3xDP, AMD RDNA 2 RX-67XTYPBDP ",899.99,4.7 out of 5 stars,82,out of stock,https://www.amazon.com/XFX-Speedster-QICK319-Graphics-RX-67XTYPBDP/dp/B091ZKN2RV/ref=sr_1_16?dchild=1&keywords=radeon+rx+6800xt&qid=1634064932&sr=8-16
"GIGABYTE Radeon RX 6600 XT Gaming OC 8G Graphics Card, WINDFORCE 3X Cooling System, 8GB 128-bit GDDR6, GV-R66XTGAMING OC-8GD Video Card ",Not available,1.0 out of 5 stars,1,out of stock,https://www.amazon.com/GIGABYTE-Graphics-WINDFORCE-GV-R66XTGAMING-OC-8GD/dp/B09BWZH46V/ref=sr_1_17?dchild=1&keywords=radeon+rx+6800xt&qid=1634064932&sr=8-17
"ASUS ROG Strix AMD Radeon RX 6700 XT OC Edition Gaming Graphics Card AMD RDNA 2, PCIe 4.0, 12GB GDDR6, HDMI 2.1, DisplayPort 1.4a, Axial-tech Fan Design, 2.9-Slot, Super Alloy Power II, GPU Tweak II ",1249.99,4.6 out of 5 stars,32,Only 1 left in stock - order soon.,https://www.amazon.com/ASUS-Graphics-DisplayPort-Axial-tech-2-9-Slot/dp/B08YWZHJDZ/ref=sr_1_18?dchild=1&keywords=radeon+rx+6800xt&qid=1634064932&sr=8-18
"XFX Speedster MERC319 AMD Radeon RX 6900 XT Black Gaming Graphics Card with 16GB GDDR6, HDMI 2,1, 2xDP, USB-C, AMD RDNA 2 RX-69XTACBD9 ",1699.99,4.1 out of 5 stars,59,out of stock,https://www.amazon.com/XFX-Speedster-MERC319-Graphics-RX-69XTACBD9/dp/B08SVZNFWR/ref=sr_1_19?dchild=1&keywords=radeon+rx+6800xt&qid=1634064932&sr=8-19
"AMD Radeon RX 560 Graphics Card, 1275MHz, 4GB 128-Bit GDDR5 PCIe 3.0 x8, DP/HDMI/DVI-D, DirectX 12, AMD FreeSync/Eyefinity Technology, Computer GPU, Desktop Gaming Video Card, Support 4K ",249.99,4.0 out of 5 stars,1,Only 12 left in stock - order soon.,https://www.amazon.com/gp/slredirect/picassoRedirect.html/ref=pa_sp_btf_aps_sr_pg1_1?ie=UTF8&adId=A087924428EQ1HOUXBKUY&url=%2FRX-560-Graphics-Eyefinity-Technology%2Fdp%2FB09G6KPHKN%2Fref%3Dsr_1_20_sspa%3Fdchild%3D1%26keywords%3Dradeon%2Brx%2B6800xt%26qid%3D1634064932%26sr%3D8-20-spons%26psc%3D1&qualifier=1634064932&id=7001399150690833&widgetName=sp_btf
MSI Ventus 3X GeForce RTX 3090 OC Graphics Card 24GB GDRR6X PCIe 4.0 x 16 Nvlink Torx Fan 3.0 Ray Tracing Ampere Architecture DLSS AI Acceleration 3X DisplayPort 1x HDMI 2.1 8K w/ Mytrix_HDMI Cable ,3649.99,3.0 out of 5 stars,2,Only 4 left in stock - order soon.,https://www.amazon.com/gp/slredirect/picassoRedirect.html/ref=pa_sp_btf_aps_sr_pg1_1?ie=UTF8&adId=A09155583T12ILIHM6KLP&url=%2FGraphics-Architecture-Acceleration-DisplayPort-Mytrix_HDMI%2Fdp%2FB09CHC18N9%2Fref%3Dsr_1_21_sspa%3Fdchild%3D1%26keywords%3Dradeon%2Brx%2B6800xt%26qid%3D1634064932%26sr%3D8-21-spons%26psc%3D1&qualifier=1634064932&id=7001399150690833&widgetName=sp_btf
"GIGABYTE Eagle GeForce RTX 3070 Graphics Card Rev2.0 8GB GDDR6 PCI Express 4.0 x16, LHR, WINDFORCE 3X Cooling, RGB Fusion 2.0 3D Active Fan, 2X HDMI 2.1 2X DisplayPort 1.4a w/ Mytrix_ HDMI Cable ",1249.99,,no reviews,Only 5 left in stock - order soon.,https://www.amazon.com/gp/slredirect/picassoRedirect.html/ref=pa_sp_btf_aps_sr_pg1_1?ie=UTF8&adId=A09480181YJMK5LQYK87&url=%2FGIGABYTE-GeForce-Graphics-WINDFORCE-DisplayPort%2Fdp%2FB09CS1BJW9%2Fref%3Dsr_1_22_sspa%3Fdchild%3D1%26keywords%3Dradeon%2Brx%2B6800xt%26qid%3D1634064932%26sr%3D8-22-spons%26psc%3D1&qualifier=1634064932&id=7001399150690833&widgetName=sp_btf
