Product_Name,MicroCenter_SKU,BestBuy_SKU,GameStop_SKU,Adorama_SKU,BH_SKU,Amazon_SKU,UUID
MSI AMD Radeon RX 6600 XT Gaming X 8GB GDDR6 PCIe 4.0 Graphics Card,308312.0,6476227,,,MS6600XTGX8G,,b703f661-e23f-427a-ae90-410ed62bd81f
MSI NVIDIA GeForce RTX 3060 Ti Gaming X 8GB GDDR6 PCIe 4.0 Graphics Card,303883.0,6480291,242883,,MSG3060GX12,B09FVLSNZ2,03667498-5524-4721-bb1c-1c467c271f9f
Gigabyte NVIDIA GeForce RTX 3080 Ti Gaming OC 12GB GDDR6 PCIe 4.0 Graphics Card,284331.0,6466561,,,GIGVN308G,B096J1VD14,588ffa0e-47f5-495b-a959-f17c0b417163
Gigabyte NVIDIA GeForce RTX 3070 Ti Gaming OC 8GB GDDR6X PCIe 4.0 Graphics Card,287243.0,6467779,,,GIG3070IGOC8,B097G7RBSZ,b5b3b06d-73c4-44e8-9338-34ac8baecc77
EVGA NVIDIA GeForce RTX 3080 Ti FTW3 Ultra Gaming 12GB GDDR6X PCIe 4.0 Graphics Card,283739.0,6467808,309408,EV12G53967KR,,B09622N253,31956b7f-8691-454d-b809-2ce66ff91517
MSI NVIDIA GeForce RTX 3070 Gaming Z Trio 8GB GDDR6 PCIe 4.0 Graphics Card,301291.0,6471285,,,MSG3070GZTL,,6729f417-e194-4eb4-a9ae-231a5e84e071
EVGA NVIDIA GeForce RTX 3060 XC Gaming 12GB GDDR6 PCIe 4.0 Graphics Card,240093.0,6454329,309405,EV12GP5357KR,,B08WM28PVH,f0185fd4-6724-454f-9258-49a5253af00d
MSI NVIDIA GeForce RTX 3080 Gaming Z Trio 10GB GDDR6X PCIe 4.0 Graphics Card,298505.0,6480289,242877,,MSG308TGXT12,B0995S7548,32bb0177-f842-4f14-87ef-cd6bd351d3d6
MSI NVIDIA GeForce RTX 3060 Ventus 2x OC 12GB GDDR6 PCIe 4.0 Graphics Card,234849.0,6462173,,,MSG3060V2X12,,a1c7b51e-efb3-4a14-af8d-3c82e186f79e
EVGA NVIDIA GeForce RTX 3070 FTW3 Ultra Gaming 8GB GDDR6 PCIe 4.0 Graphics Card,291567.0,6477077,309403,EV8GP53767KL,,,ea45437e-d6ce-49f0-842b-d71d93efc066
MSI NVIDIA GeForce RTX 3070 Ti Gaming X Trio 8GB GDDR6X PCIe 4.0 Graphics Card,287011.0,6467497,,MSIG307TGXT8,MSR3070TGXT8,B09D17W92Y,912bd6d2-1ea6-4b86-a2cc-ff251730c362
Gigabyte GeForce RTX 3090 Gaming OC 24GB GDDR6X PCIe 4.0 Graphics Card,174151.0,6430623,,,GI3090GGO24G,B08HJRF2CN,2836b4aa-61e6-4244-aabc-a77c26dbb459
Gigabyte NVIDIA GeForce RTX 3070 AORUS Master OC 8GB GDDR6 PCIe 4.0 Graphics Card,303826.0,6479685,,,GIAGR3070M8,B09B2W2ZQ3,7255c8cc-a596-40ec-b01b-bf126ceebb98
MSI NVIDIA GeForce RTX 3060 Ventus 3X OC 12GB GDDR6 PCIe 4.0 Graphics Card,234856.0,6452940,,,MSG3060V3X12,,3ad9bff0-3d4b-450e-980b-9990950fbdc4
Gigabyte AMD Radeon RX 6800 XT Gaming OC 16GB GDDR6 PCIe 4.0 Graphics Card,213710.0,6453897,,,GIR5500XTGO4,B08PFX6PZ6,23161394-e147-449b-a612-d61612b7544b
Gigabyte NVIDIA GeForce RTX 3080 Ti AORUS XTREME OC 12GB GDDR6X PCIe 4.0 Graphics Card,299099.0,6468933,,,GIGVN308TAX,B083HZFK45,9b65022e-84f9-4a18-8bdc-9941a13e6967
Gigabyte NVIDIA GeForce RTX 3060 Ti Gaming Pro LHC OC 8GB GDDR6 PCIe 4.0 Graphics Card,298141.0,6479688,,,GIGFN3060G,,27d93e37-08b2-495f-85eb-c8babe13b090
Gigabyte AMD Radeon RX 6600 XT Gaming Pro OC 8GB GDDR6 PCIe 4.0 Graphics Card,311910.0,6475148,,,AMRPVII,B09BWZH46V,8c7e5f3b-48a6-48ce-998d-a33bca7818a3
EVGA NVIDIA GeForce RTX 3060 Ti FTW3 Ultra Gaming 8GB GDDR6 PCIe 4.0 Graphics Card,297275.0,6479524,252772,EV8GP53667,,,554f3b2f-9a7f-41cc-b09b-072ef18a33b4
Gigabyte NVIDIA GeForce GT 1030 Low Profile D4 2GB GDDR4 PCIe 3.0 Graphics Card,283358.0,6468926,,,GIGT1030LD42,,850f9629-cdbe-4a8f-9546-b3ca96e0a8db
ASUS NVIDIA GeForce RTX 3060 ROG Strix V2 OC 12GB GDDR6 PCIe 4.0 Graphics Card,295022.0,6475224,294751,AS9YVGC2M0AA,ASRSR3060O2G,B08WGTL4CW,1495ede7-1b39-4135-be47-a319175718cb
Gigabyte AMD Radeon RX 6700 XT Eagle 12GB GDDR6 PCIe 4.0 Graphics Card,255380.0,6457994,,,GIR67XTEAG12,,e45b79af-9843-4ead-bce9-da4de71fa8e8
Gigabyte AMD Radeon RX 6600 XT Eagle OC 8GB GDDR6 PCIe 4.0 Graphics Card,311902.0,6475154,,,,,01af5d8f-52de-43a1-8d48-59b398526e60
MSI NVIDIA GeForce RTX 3070 Ti Ventus 3X OC 8GB GDDR6X PCIe 4.0 Graphics Card,287029.0,6467500,,MSIG37TV3X8C,,,c2e10fbf-4ffa-437c-b9df-ec20df0f719d
MSI GeForce RTX 3090 Ventus 3X OC 24GB GDDR6X PCIe 4.0 Graphics Card,172999.0,6472646,,,,B09CHC18N9,fb33da53-3f31-46b9-9bc8-b9515db72056
ASUS NVIDIA GeForce RTX 3060 Ti TUF Gaming V2 OC 8GB GDDR6 PCIe 4.0 Graphics Card,295030.0,6475223,284701,,ASTR3060TO2G,,4c601129-2cc8-47ba-93bb-1ebb6c1cebd9
Gigabyte NVIDIA GeForce RTX 3060 Gaming Rev 2 OC 12GB GDDR6 PCIe 4.0 Graphics Card,287714.0,6468910,,,,B0971BG25M,011cfa4c-cddc-4468-a4fd-77803e5af8a9
Gigabyte AMD Radeon RX 6700 XT Gaming OC 12GB GDDR6 PCIe 4.0 Graphics Card,255364.0,6457993,,,GIR67XTGOC12,,715e8a2f-163e-4beb-9b84-136a14d721ce
Gigabyte NVIDIA GeForce RTX 3090 VISION OC 24GB GDDR6X PCIe 4.0 Graphics Card,210864.0,6445108,,,GIGR3090VO24,B083GS45CR,59c281cf-2402-43a3-8171-b427ee5d73d5
Gigabyte NVIDIA GeForce RTX 3080 AORUS Master OC 10GB GDDR6X PCIe 4.0 Graphics Card,298620.0,6471954,,,,,fc3ab0c0-c047-467e-a8f9-265037285af8
MSI NVIDIA GeForce RTX 3080 Ventus OC 10GB GDDR6X PCIe 4.0 Graphics Card,306407.0,6471287,,,,,6e25a6bc-42cc-4abc-a0b5-4bc2ee4f6342
ASUS GeForce RTX 3090 TUF Gaming OC 24GB GDDR6X PCIe 4.0 Graphics Card,173120.0,6432446,,AST3090O24G,ASTR3090O24G,B08HJGNJ81,023db2b7-2ed4-4d33-9c9b-9801003a2bb3
Gigabyte NVIDIA GeForce RTX 3080 Ti AORUS Master OC 12GB GDDR6X PCIe 4.0 Graphics Card,299115.0,6468932,,,GIGVN308TAM,,24b3e46c-7576-4517-ad92-3c90707e8c4b
ASUS GeForce RTX 3090 Strix OC 24GB GDDR6X PCIe 4.0 Graphics Card,177071.0,6432447,,,ASR3090O24GG,,72ea6e4b-8c7a-4927-af47-6ea3e9a58af6
ASUS GeForce GTX 1660 Super TUF OC 6GB GDDR6 PCIe 3.0 Graphics Card,55160.0,6405063,,,ASDG166SO6GE,,191e02e0-d00d-48b4-8190-aecfcc220639
Gigabyte AMD Radeon RX 6900 XT Gaming OC 16GB GDDR6 PCIe 4.0 Graphics Card,276071.0,6453896,,,,B08R6M3JPS,9f99669a-6530-46f4-8e3c-ffa8454bcf57
MSI GeForce RTX 3090 Gaming X Trio 24GB GDDR6X PCIe 4.0 Graphics Card,173005.0,6468863,242870,MSIG390GXT24,MSG3090GXT24,B097YZFT5K,452d2196-6dd2-4503-b4fd-bfa5c7a07e43
ASUS NVIDIA GeForce RTX 3080 ROG Strix V2 Gaming OC 10GB GDDR6X PCIe 4.0 Graphics Card,307330.0,6432445,234466,ASRX3080O10G,ASRSR3080OW2,,7b7ab666-8307-4a9b-bf6d-d1d49ef8dae7
Gigabyte NVIDIA GeForce RTX 3070 Ti AORUS Master OC 8GB GDDR6X PCIe 4.0 Graphics Card,287250.0,6467788,,,GIG3070IAM8,,3032c504-14b9-4fee-8863-900a557fd47a
EVGA GeForce RTX 3080 XC3 Ultra Gaming 10GB GDDR6X PCIe 4.0 Graphics Card,173047.0,6432400,,EV10G53881KR,,B09CLX9JB9,b481058c-eebf-4abd-b77a-bfaeeec6b156
MSI AMD Radeon RX 6800 XT GAMING X TRIO OC 16GB GDDR6 PCIe 4.0 Graphics Card,220525.0,6442077,,MSIR6800GX16,MSR6800XTGXT,,540985dc-9b9b-4fad-8f25-90d66b612fdb
MSI NVIDIA GeForce RTX 3060 Ti VENTUS 2X OC 8GB GDDR6 PCIe 4.0 Graphics Card,297143.0,6441172,,,,,61e89ebc-79cc-4de2-b4bc-037fe81d3410
MSI GeForce GTX 1660 Super Gaming X OC PCIe 3.0 Graphics Card,42028.0,6389333,,,,,34bb230c-5afe-4c01-935d-2b41ec8b024f
Gigabyte GeForce RTX 3090 Eagle OC 24GB GDDR6X PCIe 4.0 Graphics Card,174128.0,6430624,,,,,314fee2b-df3a-4075-b484-72930f0ab653
Gigabyte AMD Radeon RX 6900 XT AORUS Master OC 16GB GDDR6 PCIe 4.0 Graphics Card,278903.0,6453894,,,,B083HZ3M1X,282fcfad-85ec-42c7-86be-ed3d24dd630c
MSI AMD Radeon RX 6900 XT Gaming X Trio 16GB GDDR6 PCIe 4.0 Graphics Card,239541.0,6444358,,,MSR6900XTGXT,B096M7NPNP,9332c98d-cead-4eff-87fc-7a19fb0ee11e
Gigabyte GeForce RTX 3070 Gaming OC 8GB GDDR6 PCIe 4.0 Graphics Card,194647.0,6437909,,,GIR3070GOC8,B09G998SNG,e900d109-de07-4a60-8ce1-6555a96653e5
Gigabyte NVIDIA GeForce RTX 3080 Ti Eagle OC 12GB GDDR6X PCIe 4.0 Graphics Card,307306.0,6430621,,,GIGVN308EOC,,08d0c615-c420-4985-9c51-94fe4a313813
MSI NVIDIA GeForce RTX 3060 Gaming X OC 12GB GDDR6 PCIe 4.0 Graphics Card,234864.0,6476229,314689,MSIG3060GX12,,B09GZHNKBP,3cb44b35-5377-4344-b7cd-fc2fbcc13fc7
MSI NVIDIA GeForce RTX 3070 Ventus 2X OC 8GB GDDR6 PCIe 4.0 Graphics Card,311027.0,6462266,,,,,c8fd117f-2a20-4c9d-a569-49df2145a5e8
MSI GeForce RTX 3070 Gaming X Trio 8GB GDDR6 PCIe 4.0 Graphics Card,193243.0,6438279,242881,,MSGR3070GXT,B097MYTZMW,e05ecefd-1cd4-4235-be7f-bc97c6de1998
MSI GeForce GTX 1660 Ti Gaming X OC 6GB GDDR6 PCIe 3.0 Graphics Card,897272.0,6330461,314676,,,,9e1e2570-6ac7-46f7-8217-e0fa1b3b8785
MSI AMD Radeon RX 6800 GAMING X TRIO OC 16GB GDDR6 PCIe 4.0 Graphics Card,220517.0,6447182,,,,,c27c07f7-f22a-44d0-a784-f871b875a221
MSI AMD Radeon RX 6700 XT MECH 2X OC 12GB GDDR6 PCIe 4.0 Graphics Card,250027.0,6457632,,,,,39065793-2e17-40c3-bdb6-6ceeec89cde6
Gigabyte AMD Radeon RX 6600 XT Gaming OC 8GB GDDR6 PCIe 4.0 Graphics Card,311894.0,6475153,,,,,1e8cbf51-64ff-4cb7-9283-4a6a683757fd
ASUS NVIDIA GeForce RTX 3060 TUF Gaming V2 OC 12GB GDDR6 PCIe 4.0 Graphics Card,294991.0,6460665,,AS90YV0GC0M0,AST3060O122G,B0985VND1G,5ba4a1ce-8a4e-4774-9e8b-bf3aab34e811
EVGA NVIDIA GeForce RTX 3060 Ti XC Gaming 8GB GDDR6 PCIe 4.0 Graphics Card,291583.0,6444444,,EV8GP53663KL,,,4b491804-8ee3-4f73-adc7-5c610400df8d
Gigabyte NVIDIA GeForce RTX 3060 Ti Gaming Rev 2 OC 8GB GDDR6 PCIe 4.0 Graphics Card,309930.0,6442484,,,GIR3060TGOP8,,adbff5a6-a437-4e9f-aa99-d50df22f7ee2
MSI GeForce RTX 3070 Ventus 2X OC 8GB GDDR6 PCIe 4.0 Graphics Card,193268.0,6438278,,,,,4d629223-ffc8-4d35-90e7-ba84f5f872cf
ASUS NVIDIA GeForce RTX 3080 ROG Strix V2 Gaming OC 10GB GDDR6X PCIe 4.0 Graphics Card,307348.0,6475238,,ASRX3080O10G,,,122973be-4b69-4670-94b7-e97520b5ce38
MSI AMD Radeon RX 6700 XT MECH 2X 12GB GDDR6 PCIe 4.0 Graphics Card,250035.0,6456926,,,,,898ff394-3258-4f33-9a92-b4e0dd69ac6f
MSI NVIDIA GeForce RTX 3080 Ti Ventus 3X OC 12GB GDDR6X PCIe 4.0 Graphics Card,283721.0,6472637,,,MSG308TV3X12,,5642fb25-f2f0-4d24-87ab-663c642f496f
PNY XLR8 Gaming Single Fan NVIDIA GeForce GTX 1660 SUPER Overclocked Edition 6GB GDDR6 PCIe 3.0 Graphics Card ,,6407309,263328,,PNG16606GO,,67be3cf5-c2d2-464f-8840-bb6e07c80ac9
NVIDIA GeForce Founder Edition RTX 3060 Ti 8GB GDDR6 PCIe 4.0 Graphics Card ,,6439402,,,,,efe34dde-be68-4963-a6d0-a3f2c1cc2198
XFX SPEEDSTER QICK308 AMD Radeon RX 6600 XT 8GB GDDR6 PCIe 4.0 Gaming Graphics Card ,,6478369,,,XFRX66XT8LBD,,c0f3a286-401e-4678-938c-8b1842fc0741
NVIDIA GeForce Founder Edition RTX 3080 10GB GDDR6X PCIe 4.0 Graphics Card ,,6429440,,,,B095XZMSPB,10468c4d-8957-45cf-b254-b9fb4c5b1e54
NVIDIA GeForce Founder Edition RTX 3080 Ti 12GB GDDR6X PCIe 4.0 Graphics Card ,,6462956,,,,,a78ddfa3-7ea5-4b54-a1f9-e4ed27d2e26a
MSI NVIDIA Geforce RTX 3060TI VENTUS3X 8G OC 8GB GDDR6 PCIe 4.0 Graphic Card ,,6480307,,,,,92ff5762-3e9d-4ee5-b948-fa646559a6a2
MSI NVIDIA Geforce RTX 3060 Ti VENTUS 2X 8G OCV1 8GB GDDR6 PCIe 4.0 Graphics Card ,,6471286,,,,,ed959ad4-ceaa-43f7-b8f5-0854f5b4687e
GIGABYTE NVIDIA GeForce RTX 3060 Ti EAGLE OC 8G GDDR6 PCIe 4.0 Graphics Card,,6471951,,,GIGF3060EOC,B09DR6D4MK,c72de486-5c98-454e-8bed-55a3a54cc09b
GIGABYTE NVIDIA GeForce RTX 3060 Ti AORUS EAGLE 8G GDDR6 PCIe 4.0 Graphics Card,,6479686,,,,,e3b8b6fd-44cd-4b8b-b049-838f6b2cc6be
ASUS NVIDIA GeForce RTX 3080TI 12GB GDDR6 PCIe 4.0 Graphics Card ,,6466931,,,,,18022997-8839-4e0c-82cd-ce6e55718bd8
NVIDIA GeForce Founder Edition RTX 3090 24GB GDDR6X PCIe 4.0 Graphics Card ,,6429434,,,,B08HR6ZBYJ,e238d9ed-555e-48d8-bfa0-4abb27ab2b2b
XFX Speedster MERC319 AMD Radeon RX 6900 XT 16GB GDDR6 PCIe 4.0 Gaming Graphics Card ,,6449499,,,XFM319AR67XB,B08SVZNFWR,e005c9ac-98cb-4004-a463-96ea6974a181
XFX Speedster QICK319 AMD Radeon RX 6700 XT 12GB GDDR6 PCIe 4.0 Gaming Graphics Card ,,6460664,,,XFR67XTYPBDP,B091ZKN2RV,3322e8a2-353c-4fb2-b908-5bd51f01d491
NVIDIA GeForce Founder Edition RTX 3070 Ti 8GB GDDR6X PCIe 4.0 Graphics Card ,,6465789,,,,,73ea77e8-0e51-418c-b3bf-273f7482d0fe
PNY NVIDIA GeForce RTX 3060 12GB XLR8 Gaming REVEL EPIC X RGB Single Fan Graphics Card,,6454318,,,PNR306012RES,,8b9cf919-3559-40ef-b26b-d22973569ec2
MSI NVIDIA Geforce RTX 3080 VENTUS 3X PLUS 10G OC 10GB GDDR6X PCIe 4.0 Graphic Card ,,6480306,,,,B09F3W9RZK,4abc5f5f-5b0e-4dc9-99a2-f60d0e2e4594
NVIDIA GeForce Founder Edition RTX 3070 8GB GDDR6 PCIe 4.0 Graphics Card ,,6429442,,,,B092C6MHMX,52c5d4f1-e686-44ae-830f-bfa3ffbc4c41
GIGABYTE NVIDIA GeForce RTX 3080 Ti VISION OC 12GB GDDR6X PCIe 4.0 Graphics Card,,6466564,,,GIGVN308V,,dc18f0ed-5c45-4c11-837f-2b4dc54afb6b
GIGABYTE NVIDIA GeForce RTX 3070TI VISION OC 8GB GDDR6X PCIe 4.0 Graphics Card ,,6467785,,,GIG3070IVOC8,,e394d9ce-7863-47b1-9268-8def6ca8e028
PNY GeForce GT1030 2GB PCI E 3.0 Graphics Card ,,5901353,263325,,PNGT10302,,76924df4-bee9-443d-85f9-c4b8e4da4525
XFX Speedster MERC319 AMD Radeon RX 6700 XT 12GB GDDR6 PCIe 4.0 Gaming Graphics Card ,,6457619,,,,,4125d4da-67aa-4ed4-82b8-4a068a1d19ef
EVGA RTX 3080 XC3 ULTRA GAMING 10G P5 3885 KH PCIe 4.0 ,,6471615,,,,,9f743822-0e9e-4108-a788-cdb034a4230f
PNY GeForce GT 710 2GB PCIe 2.0 Graphics Card ,,5092306,,,,,dec3c747-0b42-4c53-8a37-a59aebc78942
GIGABYTE NVIDIA GeForce RTX 3060 Ti GAMING OC PRO 8G GDDR6 PCIe 4.0 Graphics Card,,6471952,,,,B098PJNWKD,b9e2549e-b23e-4434-9595-0782d68f3e3e
ASUS TUF RTX3060TI V2 8GB GDDR6 PCIe 4.0 Graphics Card,,6475237,,,,,5c735f44-713f-4c07-baaa-512eb8308676
PNY GeForce GT 730 2GB DDR3 Single Fan Graphics Card,,6471621,,,,,f4953b5b-2e65-4716-841d-c7ae7fc3c55d
ASUS NVIDIA GeForce TUF RTX3070 V2 8GB GDDR6 PCIe 4.0 Graphics Card ,,6475226,264501,ASTR3070O8G,,,d57254a4-c2b5-4b63-b5d3-cb54e9c20170
GIGABYTE NVIDIA GeForce RTX 3080 GAMING OC 10GB GDDR6X PCIe 4.0 Graphics Card,,6471960,,,GI3080GO10GD,B098TZ3RMZ,42ad9415-8e50-4ff0-81ec-afeba501caf4
EVGA GeForce RTX 3090 XC3 ULTRA GAMING 24GB GDDR6 PCIe 4.0 Graphics Card,,6434198,,EV24GP5975KR,,,81f39c7e-e527-4449-a96c-36cb6b3c1119
ASUS TUF RTX3070TI 8GB GDDR6X PCIe 4.0 Graphics Card ,,6467840,,,,,e16b1bf2-3aef-4c47-b708-6047c40b6539
GIGABYTE NVIDIA GeForce RTX 3070TI EAGLE 8GB GDDR6X PCIe 4.0 Graphics Card ,,6467782,,,,,965cc723-e3a3-4459-a2f1-90a03fd22a46
MSI NVIDIA Geforce RTX 3070 VENTUS 2X 8G OC 8GB GDDR6 PCIe 4.0 Graphic Card ,,6480308,,,,,a66ac326-014a-49e9-a884-7d6b1b38ab3b
ASUS TUF RTX3080TI 12GB GDDR6 PCIe 4.0 Graphics Card ,,6466932,,,,,bd36a939-82e6-4728-8923-b1111f03052c
MSI NVIDIA Geforce RTX 3080 Ti Gaming X Trio 12GB GDDR6X PCIe 4.0 Graphic Card,,6465803,,,,B095VZ6F73,03af4909-9083-4e0d-81e9-e8f3d463d060
XFX SPEEDSTER MERC308 AMD Radeon RX 6600 XT 8GB GDDR6 PCIe 4.0 Gaming Graphics Card ,,6474545,,,,,9baccd46-ed23-4107-9ef5-ba3136a6e1d6
GIGABYTE NVIDIA GeForce RTX 3080 VISION OC 10GB GDDR6X PCIe 4.0 Graphics Card,,6471957,,,,,4e7632c8-8a27-41c0-ad25-d40723c20379
ASUS NVIDIA GeForce RTX 3070TI 8GB GDDR6X PCIe 4.0 Graphics Card ,,6467838,,,,,87b85bc3-5a92-4755-a628-86668562a22d
ASUS TUF Gaming NVIDIA® GeForce RTX™ 3060 12GB GDDR6 PCIe 4.0 Graphics Card ,,6460666,,,,,3544aac4-1bb6-4de2-8749-6cb74ec9d9ba
XFX SPEEDSTER SWFT210 AMD Radeon RX 6600 XT 8GB GDDR6 PCIe 4.0 Gaming Graphics Card ,,6474557,,,,,742dd328-913e-4f6b-805a-a852967439a8
EVGA SUPER SC ULTRA GAMING NVIDIA GeForce GTX 1650 SUPER 4GB GDDR6 PCIe 3.0 Graphics Card ,,6412939,310450,,,,d88fa60c-7a7e-4515-a005-2ae330ebee68
EVGA GeForce RTX 3070 XC3 ULTRA GAMING 8GB GDDR6 PCIe 4.0 Graphics Card,,6439299,310452,EV08GP53751K,,,f7d7c0fd-5c78-4955-88ff-5477aa86f427
GIGABYTE NVIDIA GeForce GTX 1650 4GB GDDR5 PCIe 3.0 Graphics Card ,,6409179,,,GIG1650O4,,e277507c-ea24-4078-9c1e-0d7bdc5f6e2d
MSI AMD Radeon RX 5500 XT 8GB GDDR6 PCIe 4.0 Graphics Card ,,6397797,,,,,a786f1af-195f-4459-9708-92bf3da8cfbe
NVIDIA GeForce Founder Edition RTX NVLINK BRIDGE for 3090 Cards Space Gray,,6441554,,,,,e0901fc4-fe6d-486d-b0e4-a6b9e914f47f
XFX AMD Radeon RX 6700 XT 12GB GDDR6 PCIe 4.0 Gaming Graphics Card Gray/,,6457624,,,,,c464aef0-a907-4a6e-b69e-3cdd243bd226
GIGABYTE NVIDIA GeForce GTX 1660 SUPER OC Edition 6GB GDDR6 PCIe 3.0 Graphics Card ,,6409171,,,,,482aeb2a-b840-4218-9cec-71b5cc3d5d38
ASUS TUF RTX3060TI 8GB GDDR6 PCIe 4.0 Graphics Card,,6452573,,,,,2d8091f5-1323-4a27-aa24-bc5ff87f23ea
GIGABYTE NVIDIA GeForce GT 1030 2GB GDDR5 PCIe 3.0 Graphics Card ,,6409183,,,,,121884b6-b819-4c4a-ac03-b1d43b250998
GIGABYTE NVIDIA GeForce GTX 1650 SUPER OC Edition 4GB GDDR6 PCIe 3.0 Graphics Card ,,6409188,,,GIG1650O4R2G,,84fca766-45a5-4340-8d2a-c4b1c621cf78
GIGABYTE NVIDIA GeForce RTX 3070 EAGLE 8GB GDDR6 PCIe 4.0 Graphics Card,,6437912,,,GIG3070IE8,B09CS2YXTY,7071a6f5-e7b6-4864-9e04-07928a6fdd1b
PNY NVIDIA GeForce GTX 1060 6GB GDDR5 PCIe 3.0 Graphics Card ,,5507806,,,,,2dfd46cf-a49b-44e1-89c6-309942788570
GIGABYTE NVIDIA GeForce GTX 1660 Ti 6GB GDDR6 PCIe 3.0 Graphics Card ,,6409180,,,,,0cf683fe-8f4f-41dc-8406-04522cf0abd2
MSI NVIDIA GeForce GTX 1650 SUPER 4GB GDDR6 PCIe 3.0 Graphics Card ,,6397798,314682,,,,91cbfa1b-be6b-479c-bcc8-6ac810948ece
MSI NVIDIA Geforce RTX 3080 VENTUS 3X 10G OC BV GDDR6X PCIe 4.0 Graphic Card ,,6430175,242868,,,,667bbc37-a75b-4eb3-88cb-94a406b84764
ASUS NVIDIA GeForce ROG STRIX RTX3070 V2 8GB GDDR6 PCIe 4.0 Graphics Card ,,6475228,264495,,,B0985S4F6J,39cdd677-2d51-4e78-984a-2cdc6bb3c174
PNY GeForce RTX 3080 Ti 12GB XLR8 Gaming REVEL EPIC X RGB Triple Fan Graphics Card,,6467289,,,PNR3080T12RE,,0e7d8eb6-88fc-4237-ad7b-873969faad2f
GIGABYTE NVIDIA GeForce RTX 3070 EAGLE OC 8GB GDDR6 PCIe 4.0 Graphics Card,,6471958,,,GIG3070IEOC8,,e6a76279-d921-4ed2-909b-48415f3b187d
GIGABYTE NVIDIA GeForce RTX 3060 GAMING OC 12GB GDDR6 PCIe 4.0 Graphics Card,,6454688,,,,,694f6498-be13-48e3-8e8a-5e60e890d56d
GIGABYTE NVIDIA GeForce RTX 3060 EAGLE OC 12GB GDDR6 PCIe 4.0 Graphics Card,,6454689,,,GIGFN3060E,,247604ac-ed8a-4094-9ff7-6819d69b65dd
GIGABYTE AMD Radeon RX 6800 XT AORUS MASTER 16GB GDDR6 PCIe 4.0 Graphics Card,,6453895,,,,B083GT6Q25,bb80bf34-3379-4c11-a6d5-fd026d04a6d8
MSI AMD Radeon RX 6900 XT 16G GDDR6 PCIe 4.0 Graphics Card ,,6444716,,,,B08W2GPR62,6159b137-67c6-4907-8ce0-866852e315c3
ASUS NVIDIA GeForce TUF RTX3070 8GB GDDR6 PCIe 4.0 Graphics Card ,,6439128,,,,,44637e77-d48c-4f78-91e5-e9161d1db252
GIGABYTE NVIDIA GeForce RTX 3070 VISION OC 8GB GDDR6 PCIe 4.0 Graphics Card,,6439385,,,GIGR3070VO8,,ae2b0141-b1c2-4e5d-a654-460ea388738c
XFX AMD Radeon™ RX 6800XT 16GB GDDR6 PCIe 4.0 Gaming Graphics Card ,,6441226,,,,,8614c5de-95b5-4aa1-b07d-a17032cd5599
GIGABYTE AMD Radeon RX 6900 XT 16G GAMING OC GDDR6 PCIe 4.0 Graphics Card ,,6468934,,,,,b5cf595e-5931-4edf-9b8b-dade76852c2c
ASUS NVIDIA GeForce ROG STRIX RTX3070 8GB GDDR6 PCIe 4.0 Graphics Card ,,6439127,,,,,644f2aa5-ff5e-47b4-b656-e03524ba2aa4
MSI AMD Radeon RX 6800 16G 16GB GDDR6 PCIe 4.0 Graphics Card ,,6441020,,,,,1bd20b0c-733c-4a63-ae51-c37c609d76f2
GIGABYTE NVIDIA GeForce RTX 3090 AORUS MASTER 24GB GDDR6X PCIe 4.0 Graphics Card,,6437910,,,,B08R5D3374,5adf9830-24fb-4282-8a74-14cc057010c5
MSI AMD Radeon RX 6800 XT 16G 16GB GDDR6 PCIe 4.0 Graphics Card ,,6440913,,,,B08RJ6YBH5,fb6723d6-8b7e-4dc3-8005-b03851073c3c
MSI AMD Radeon RX 5600 XT MECH OC 6GB GDDR6 PCIe 4.0 Graphics card ,,6430143,,,,,c1ccd1be-9592-419e-bc3f-0028b712b2c8
GIGABYTE NVIDIA GeForce GTX 1660 OC Edition 6GB GDDR5 PCIe 3.0 Graphics Card ,,6409181,,,,,7a2b13fe-15e3-4326-a824-b36b781c76e2
XFX Speedster QICK 319 AMD Radeon RX 6800 16GB GDDR6 PCIe 4.0 Gaming Graphics Card ,,6453267,,,XFRX6800QBK,,72f71851-0e86-4a32-8bf9-b2ef919a08ff
GIGABYTE NVIDIA GeForce RTX 3060 Ti EAGLE OC 8G GDDR6 PCIe 4.0 Graphics Card ,,6442485,,,,,18f44d8e-25ee-45ae-ac85-2e72eaace9bb
XFX Merc 319 AMD Radeon™ RX 6800XT 16GB GDDR6 PCIe 4.0 Gaming Graphics Card ,,6442585,,,XFR68XTACBD9,,cc639917-20b9-4963-b9ef-2f6d0f006143
XFX Speedster MERC319 AMD Radeon™ RX 6800 16GB GDDR6 PCIe 4.0 Gaming Graphics Card ,,6444357,,,XFR68XLATBD9,B08NX14LV1,775c4aaa-9e71-45b1-9b93-6f8bec6da59e
MSI MECH OC AMD Radeon RX 5700 XT 8GB GDDR6 PCIe 4.0 Graphics Card ,,6374966,,,,,b406457a-3dd8-4893-8487-3ec2325cdc53
XFX AMD Radeon RX 570 RS Edition 8GB GDDR5 PCIe 3.0 Graphics Card /Red,,6202343,,,,,b5469163-3bd0-437e-befb-259eedd02d23
MSI NVIDIA Geforce RTX 3060ti Gaming Z 8G 8GB GDDR6 PCIe 4.0 Graphics Card ,,6476230,,,,,c4ae63ca-72f7-412c-9b14-318de3d8bf13
XFX AMD Radeon RX 5600 XT RAW II PRO 6GB GDDR6 PCIe 4.0 Graphics Card,,6398005,,,,,e9319ec6-d7f2-4d21-831b-6bc86e2aafb8
XFX Speedster SWFT309 AMD Radeon RX 6700 XT 12GB GDDR6 PCIe 4.0 Gaming Graphics Card ,,6457626,,,,,68425c63-a3a1-45c5-b09e-432b46dc9ade
XFX AMD Radeon RX 580 GTS Edition 8GB GDDR5 PCIe 3.0 Graphics Card ,,6092641,,,,,d048547e-2f01-40ea-8526-28ab9f43093a
XFX THICC II Pro AMD Radeon RX 5500 XT 8GB GDDR6 PCIe 4.0 Graphics Card ,,6395411,,,,,227ec984-2682-49a4-a51e-2a1ff53c48a4
XFX Speedster MERC319 AMD Radeon RX 6800 XT CORE 16GB GDDR6 PCIe 4.0 Gaming Graphics Card ,,6453268,,,XFARR6800XTC,B08TJ2BHCQ,0d0da157-c7cb-4865-bab9-f28f3c7742f3
XFX Speedster MERC319 AMD Radeon RX 6900 XT Ultra 16GB GDDR6 PCIe 4.0 Gaming Graphics Card ,,6445157,,,XFR69XTACUD9,B08Q9SCPGD,b53d3e71-a46f-4236-8c4e-4f6804cdb7c3
XFX Speedster SWFT 319 AMD Radeon RX 6900 XT 16GB GDDR6 PCIe 4.0 Gaming Graphics Card ,,6482512,,,XFX69XTACBD9,,4fedc217-6712-46e8-9389-7369a05abf21
GIGABYTE NVIDIA GeForce RTX 3070TI EAGLE OC 8GB GDDR6X PCIe 4.0 Graphics Card ,,6467781,,,,,be44ef70-2661-49ea-9ad4-00000297c89d
EVGA SC ULTRA GAMING NVIDIA GeForce GTX 1660 Ti 6GB GDDR6 PCIe 3.0 Graphics Card ,,6373500,,,,,0e2733ca-eec0-4309-830c-f563fb6ce8e8
GIGABYTE NVIDIA GeForce RTX 3080 AORUS MASTER 10GB (Rev 2.0) GDDR6X PCIe 4.0 Graphics Card,,6462198,,,,,cb27752d-4a5d-45e7-ab21-7f7287860a60
XFX AMD Radeon RX 5700 XT RAW II 8GB GDDR6 PCIe 4.0 Graphics Card with Zero dB ,,6375963,,,,,afdf5e64-c563-4cd2-951e-08be2a68036a
PNY XLR8 Gaming Single Fan NVIDIA GeForce GTX 1650 SUPER Overclocked Edition 4GB GDDR6 PCIe 3.0 Graphics Card ,,6407305,263327,,PNG1650SSFO,,18053c44-e012-4eec-bd2e-d09aa311cd45
EVGA GeForce RTX 2080 XC GAMING 8GB GDDR6 PCIe 3.0 Graphics Card with Dual HDB Fans &amp RGB LED,,6290681,,,,,fcf3f403-1d7c-4ca7-806b-e1e1fd228c26
Package XFX AMD Radeon RX 5600 XT RAW II PRO 6GB GDDR6 PCIe 4.0 Graphics Card and Valve Steam Wallet 50 Gift Card Multi,,None,,,,,b32f3977-732f-4f7a-96e7-143efab13e0d
ASUS NVIDIA GeForce RTX 3060 Ti V2 Mini OC 8GB GDDR6 PCIe 4.0 Graphics Card,319236.0,,,,ASDR3060TOG2,,c9d7e5c1-4bdf-4d41-8198-9e52e71cc61e
Zotac NVIDIA GeForce RTX 3080 Ti AMP Holo 12GB GDDR6X PCIe 4.0 Graphics Card,286245.0,,,,,B08V1ZWGVR,a262bde6-0c27-440a-8425-c3fc9b888bd1
ASUS NVIDIA GeForce RTX 3060 Ti ROG Strix OC 8GB GDDR6 PCIe 4.0 Graphics Card,310193.0,,,,ASR3060TO82G,,dd4df5ff-9578-4312-95dd-839262d12baf
ASUS NVIDIA GeForce RTX 3090 ROG Strix OC 24GB GDDR6X PCIe 4.0 Graphics Card,213793.0,,233678,ASRX3090O24G,,,dbd45899-3bba-4aa1-a662-6be093519065
EVGA GeForce RTX 3090 FTW3 Ultra 24GB GDDR6X PCIe 4.0 Graphics Card,177923.0,,,EV24GP5987KR,,B09HJS8XQW,b6b56db1-9bc3-4db3-b5d7-c4af7a3cc2bb
ASUS NVIDIA GeForce RTX 3080 Ti ROG Strix LC OC Hybrid Cooled 12GB GDDR6 PCIe 4.0 Graphics Card,292763.0,,,,,,1faa594e-be99-4131-8a17-3f327c22973f
ASUS NVIDIA GeForce RTX 3070 ROG Strix V2 OC 8GB GDDR6 PCIe 4.0 Graphics Card,295014.0,,,,,,bbe28e0b-b659-4532-a5ad-3746e28acc9e
PowerColor AMD Radeon RX 6700 XT Red Devil 12GB GDDR6 PCIe 4.0 Graphics Card,247882.0,,,,,B08Y934HZQ,664e0e0a-85b7-4d44-9969-63b7e241e439
EVGA NVIDIA GeForce RTX 3070 Ti FTW3 Ultra Gaming 8GB GDDR6X PCIe 4.0 Graphics Card,287342.0,,304747,EV8GP53797KL,,,5d7d7b26-d49e-455f-b94f-178b5511f76d
Gigabyte NVIDIA GeForce RTX 3080 Xtreme OC 10GB GDDR6X PCIe 4.0 Graphics Card,300525.0,,,,GIAGR3080X10,,31d6d01b-a6ba-49c0-bbf0-36aeb7f1ecb3
ASUS NVIDIA GeForce RTX 3070 Ti ROG Strix OC 8GB GDDR6X PCIe 4.0 Graphics Card,283184.0,,,AS90YV0GWMAA,ASROGRTX3070,B096YQ6WVW,35712d9b-61a0-43c4-b281-a09cf3ab6d3c
ASUS NVIDIA GeForce RTX 3060 Ti KO OC 8GB GDDR6 PCIe 4.0 Graphics Card,310201.0,,,,,,8549d88a-e9d0-43f6-90ad-13f36624dbff
PowerColor AMD Radeon 6800 XT Red Devil OC 16GB GDDR6 PCIe 4.0 Graphics Card,228130.0,,,,,B08T9H18TJ,9be8163b-9ccb-42d9-9e3e-ce6ae359927d
ASUS GeForce RTX 2060 Dual OC 6GB GDDR6 PCIe 3.0 Graphics Card,40196.0,,,,ASDR2060O6GE,,de5d5f14-5a55-4edc-a8cf-cf3d3b3ad2fb
ASUS AMD Radeon RX 6700 XT TUF OC 12GB GDDR6 PCIe 4.0 Graphics Card,248781.0,,264499,AS90YVG80MAA,ASTUFRX6700X,,87643409-9f6a-4bb4-8b6c-6bbe6ecdbb77
ASUS Radeon RX 6800 XT TUF Gaming OC 16GB GDDR6 PCIe 4.0 Graphics Card,210351.0,,,,ASTFRX68O16G,B08P3ZN62G,145f175e-cc45-4bed-9b48-f124d328e9ca
PowerColor AMD Radeon RX 6700 XT Fighter 12GB GDDR6 PCIe 4.0 Graphics Card,247940.0,,,,,,413f139d-317a-4268-ae5b-6df845d9c369
MSI GeForce GTX 1650 Ventus XS OC 4GB GDDR5 PCIe 3.0 Graphics Card,935700.0,,314685,,MSG1650D6VXO,,a9bab72a-fb09-405c-8fec-42c8ac75e5e4
ASUS NVIDIA GeForce RTX 3070 Dual OC 8GB GDDR6 PCIe 4.0 Graphics Card,310185.0,,,,,,ad276969-ae8b-4bb9-bf2d-1afde39d211b
ASUS AMD Radeon RX 6600 XT Dual OC 8GB GDDR6 PCIe 4.0 Graphics Card,308361.0,,,,,,1a0d55b2-75a1-4bbe-aa95-91024d0b7ac5
PowerColor AMD Radeon RX 6900 XT Red Devil OC 16GB GDDR6 PCIe 4.0 Graphics Card,221085.0,,,,,B08Q2R71CS,af4952b6-34f9-4917-b149-ddc0978d6230
Sapphire Technology AMD Radeon RX 6700 XT Pulse OC 12GB GDDR6 PCIe 4.0 Graphics Card,320739.0,,,,,,fe9514d6-2481-4b48-a900-f4990b59f651
Zotac NVIDIA GeForce GTX 1660 Twin Fan 6GB GDDR5 PCIe 3.0 Graphics Card,324103.0,,,,ZOT16600K10M,,70daa65a-b450-4c3d-a23f-e820c8ed3601
PowerColor AMD Radeon RX 6900 XT Ultimate Red Devil OC 16GB GDDR6 PCIe 4.0 Graphics Card,264374.0,,,,,B09258PCFS,c3cb8d3d-fded-4d1d-85a4-9ddf20730af9
ASUS NVIDIA GeForce RTX 3070 TUF Gaming V2 OC 8GB GDDR6 PCIe 4.0 Graphics Card,294983.0,,264493,,,,a6def6f3-ee36-4029-8b07-a72652435b6a
Sapphire Technology AMD Radeon RX 6600 XT Nitro Plus OC 8GB GDDR6 PCIe 4.0 Graphics Card,308320.0,,,,,,c4b94cb9-4196-44f9-abe3-afcfde47dfdf
Sapphire Technology AMD Radeon RX 6600 XT Pulse OC 8GB GDDR6 PCIe 4.0 Graphics Card,308338.0,,,,,,4ff90039-47d7-4b50-8ba0-02166e7918e2
ASUS GeForce GTX 1650 TUF Gaming OC 4GB GDDR6 PCIe 3.0 Graphics Card,167668.0,,,,,,393cdf8f-8e2a-4154-8ccc-4883b94a338b
ASUS NVIDIA GeForce RTX 3070 ROG Strix V2 OC 8GB GDDR6 PCIe 4.0 Graphics Card,319194.0,,,,,,25a38022-0f35-454e-9f6d-623cd248920b
MSI GeForce RTX 3090 SUPRIM X OC 24GB GDDR6X PCIe 4.0 Graphics Card,207779.0,,,,MSR3090SPX24,,d4fcfa42-4eab-468c-a06f-2f79d22373b7
ASUS NVIDIA GeForce RTX 3070 KO V2 OC 8GB GDDR6 PCIe 4.0 Graphics Card,307314.0,,,ASKOR37O8GV2,,,20e99032-c794-4abf-949a-414518796cc9
PNY 4ro P2200 5GB GDDR5X PCIe 3.0 Graphics Card,182022.0,,,,PNNQP2200,,d3b09307-80b8-4b3c-afba-a23d5f5df2bd
ASUS NVIDIA GeForce RTX 3080 Ti ROG Strix OC 12GB GDDR6X PCIe 4.0 Graphics Card,279869.0,,,ASTRIX3080TI,ASROGRTX3080,B09HJS8XQW,5bd8fcc6-a2cf-42ec-af41-7225b51b7f9c
ASUS NVIDIA GeForce GTX 1660 Phoenix OC 6GB GDDR5 PCIe 3.0 Graphics Card,292771.0,,,,ASPHG1660O6G,,2fb2b839-a3d0-43bd-9e44-87295b825364
MSI NVIDIA GeForce GTX 1050 Ti OC 4GB GDDR5 PCIe 3.0 Graphics Card,222364.0,,,,,,219d0424-0384-4f9d-8c3d-b1fbd2b874fd
ASUS GeForce GTX 1650 SUPER TUF GAMING OC 4GB GDDR6 PCIe 3.0 Graphics Card,57810.0,,,,ASTUFGTX1650,,80b811c2-bde4-4b3a-bc8c-ebdddfae17cf
Sapphire Technology AMD Radeon RX 6900 XT Nitro OC 16GB GDDR6 PCIe 4.0 Graphics Card,220053.0,,,,,B08QQFW9YS,989b8061-cc81-4769-a683-e69720fd63bb
ASRock AMD Radeon RX 6700 XT Challenger D OC 12GB GDDR6 PCIe 4.0 Graphics Card,295618.0,,,,,,3e7add53-1334-4883-a0b4-a9914f56cda6
PNY 4ro P1000 V2 4GB GDDR5 PCIe 3.0 Graphics Card,181941.0,,,,PNNQP1000V24,,a3bd702a-4f72-429c-b7bc-3f4bfb8a5922
PNY 4ro RTX 4000 8GB GDDR6 PCIe 3.0 Graphics Card,181990.0,,,,PNNRA4000,,f1b531e2-3967-4ea6-abf2-c1674e4a39a1
ASUS NVIDIA GeForce RTX 3080 Ti TUF OC 12GB GDDR6X PCIe 4.0 Graphics Card,279877.0,,,AS90YV0GU1,ASTUFRTX3080,B096L3GLYS,d6f7ff6a-290c-4ebd-9b2a-2ac6aa6d1942
ASUS NVIDIA GTX 1650 Dual OC 4GB GDDR6 PCIe 3.0 Graphics Card,246843.0,,,,,,3fe53c37-802d-478e-b003-78883f5f4fff
PowerColor AMD Radeon RX 6800 Red Dragon OC 16GB GDDR6 PCIe 4.0 Graphics Card,217679.0,,,,,B08P2C8XXH,55e037d3-a97b-4c08-af59-b87e9fb853e3
PNY 4ro P620 V2 2GB GDDR5 PCIe 3.0 Graphics Card,181974.0,,,,,,8bac98b7-f873-4789-b1cd-3a8898498894
MSI GAMING X GeForce GTX 1050 Ti OC 4GB GDDR5 PCIe Video Card,176057.0,,,,MSGTX1050TI,,9ac334b3-f98b-47fc-8e67-dd2d353b1351
PNY 4ro RTX 5000 16GB GDDR6 PCIe 3.0 Graphics Card,181933.0,,,,PNQRTX5000PB,,54da7310-891b-4b80-b8ec-cafad3a08006
ASRock AMD Radeon RX 6900 XT Formula OC 16GB GDDR6 PCIe 4.0 Graphics Card,282228.0,,,,,B093NBMV17,b147e1f5-69ba-4f42-ae93-f225a103d432
PowerColor AMD Radeon RX 6900 XT Liquid Devil Ultimate OC Liquid Cooled 16GB GDDR6 PCIe 4.0 Graphics Card,264366.0,,,,,B09257F463,b5085745-3df3-493a-965c-0a4e0b3bcb2e
ASUS AMD Radeon RX 6700 XT ROG Strix OC 12GB GDDR6 PCIe 4.0 Graphics Card,249276.0,,,AS90YVG81MAA,ASROGRX6700X,B08YWZHJDZ,f355083a-c6da-408d-9d9f-3b0c0bdd857d
ASUS NVIDIA GeForce RTX 3060 Dual V2 OC 12GB GDDR6 PCIe 4.0 Graphics Card,295071.0,,294752,AS90YV0GB4,ASDR3060O122,,af90e27a-d5bf-42aa-b1c0-34924d8ff5f8
ASUS GeForce GT 1030 Phoenix OC 2GB GDDR5 PCIe 3.0 Graphics Card,344911.0,,,,ASPHGT1030O2,,c5afcf0a-1414-4b3b-ac5f-164918ad2d92
Gigabyte GeForce GTX 1050 Ti 4GB GDDR5 PCIe Video Card,178954.0,,,,GIGVN105TD54,,aaa405ab-bfe0-452e-ac50-298a34f9a122
PNY 4ro P400 V2 2GB GDDR5 PCIe 3.0 Graphics Card,181966.0,,,,PNNQP400V22,,ba2dee70-36d2-49d2-b71a-2ac95f9a9d5e
Sapphire Technology AMD Radeon RX 6700 XT Nitro Plus 12GB GDDR6 PCIe 4.0 Graphics Card,250050.0,,,,,B08YN79ZW2,774e3c49-3c45-49ff-a6c5-b7795464a71c
Gigabyte NVIDIA GeForce RTX 3060 Ti Aorus Elite OC 8GB GDDR6 PCIe 4.0 Graphics Card,309435.0,,,,GIGFN3060A,,1fb5b296-f6fd-4433-a052-f76a322c36f9
ASUS GeForce GT 710 Low Profile Passive 1GB GDDR5 PCIe 2.0 Graphics Card,388249.0,,,,PNGT7102PLP,,b746e195-5eea-41ed-a2cd-aa7cd4c0197c
ASUS AMD Radeon RX 6900 XT ROG Strix LC OC Hybrid Cooled 16GB GDDR6 PCIe 4.0 Graphics Card,291849.0,,,,,B0966YJGLT,10b5190b-0735-49ac-bd91-5ca60b85f398
Sapphire Technology AMD Radeon RX 6900 XT Nitro Plus OC 16GB GDDR6 PCIe 4.0 Graphics Card,268482.0,,,,,B094DYSQQL,b4592e8b-bc66-4bd1-a9e2-8bd07c90df32
ASUS Phoenix GeForce GTX 1050 Ti 4GB GDDR5 PCIe Video Card,194621.0,,,,ASPGTX1050T4,,33c6c810-04e6-42c7-bae6-dfe64f1e26ba
Gigabyte NVIDIA GeForce RTX 3060 AORUS Elite Rev 2 OC 12GB GDDR6 PCIe 4.0 Graphics Card,287722.0,,,,,B09719T6FT,21eec95e-07c8-4ba7-b84a-29b3e8174e9c
Sapphire Technology AMD Radeon RX 6900 XT Toxic OC Hybrid Cooled 16GB GDDR6 PCIe 4.0 Graphics Card,269720.0,,,,,,2f849379-87e4-4b03-ad47-089edea3a918
PowerColor AMD Radeon RX 6600 XT Hellhound OC 8GB GDDR6 PCIe 4.0 Graphics Card,306472.0,,,,,,86d68bd9-3d8d-4649-8c4d-6ab5a56763f7
MSI NVIDIA GeForce RTX 3060 Ti Ventus 3X OC 8GB GDDR6 PCIe 4.0 Graphics Card,304592.0,,,,,,5a0429db-4d0a-4705-b8ef-2581e2f3865a
ASUS NVIDIA GeForce RTX 3070 Ti TUF Gaming OC 8GB GDDR6X PCIe 4.0 Graphics Card,283176.0,,,AS90YV0GYMAA,ASTUFRTX3070,,b4d5ea5f-4a8c-4d42-830e-4c4b9da976a7
PowerColor AMD Radeon RX 6800 XT Liquid Devil 16GB GDDR6 PCIe 4.0 Graphics Card,239202.0,,,,,,9c2d9d33-a97e-4572-bc13-0520c51af666
ASUS GeForce GT 710 Low Profile Passive 2GB GDDR5 PCIe Graphics Card,360297.0,,,,,,8edeea46-043c-440e-a51b-fa2360034639
MSI NVIDIA GeForce RTX 3060 Gaming X Trio OC 12GB GDDR6 PCIe 4.0 Graphics Card,234807.0,,314686,,MSG3060GXT12,,c345b527-145b-445a-a550-afcbab76273d
ASUS AMD Radeon RX 6900 XT TUF Gaming OC 16GB GDDR6 PCIe 4.0 Graphics Card,217331.0,,,,ASR6900XO16G,B0932RTBT2,1a9fd169-8a5b-40c4-9f51-5b8868f34611
PowerColor AMD Radeon RX 6600 XT Fighter 8GB GDDR6 PCIe 4.0 Graphics Card,309443.0,,,,,,985f06ed-a29e-4183-8ee2-a582e5219a48
MSI NVIDIA GeForce GT 730 N730K 4GD3/OCV1 OC 4GB DDR3 PCIe 2.0 Graphics Card,289488.0,,314671,,,,141df57a-495c-42ef-af60-20eb008906d4
MSI NVIDIA GeForce 210 N210 MD1G/D3 1GB DDR3 PCIe 2.0 Graphics Card,287391.0,,,,MSN210MD1GD3,,0cd9af7d-0b8a-4af6-8fc7-b983a42458e2
Visiontek SFF Radeon 7750 2GB GDDR5 PCIe 3.0 Graphics Card,10199.0,,,,VIHD77505MGC,,a511729d-3df9-4ac8-abb4-5a95817cd690
MSI NVIDIA GeForce GT 1030 2GD4 LP OC 2GB GDDR4 PCIe 3.0 Graphics Card,251686.0,,,,MSG103024PC,,d004160f-f447-4055-ab32-0e5ae1a4b080
MSI GeForce GTX 1660 Super Ventus XS OC 6GB GDDR6 PCIe 3.0 Graphics Card,42036.0,,314681,,,,dc374b58-a056-4a37-9b2e-2e9e95916809
Visiontek Radeon RX 560 4GB GDDR5 PCIe 3.0 Graphics Card,60939.0,,,,,B09G6KPHKN,1ddf6069-e0c9-45c7-98f8-35105f260691
Visiontek Radeon HD 5450 Low Profile Passive Cooled 1GB DDR3 PCIe 2.1 Graphics Card,10207.0,,,,VI54502GB,,c8f7dfb7-c2d8-4193-82c3-432b19f60930
MSI NVIDIA GeForce RTX 3060 Ti Gaming Z Trio 8GB GDDR6 PCIe 4.0 Graphics Card,313999.0,,,,MS3060TGZT8L,B09GHZGD5X,b6c4fc15-4730-4b0b-9194-f24b8d0fc563
MSI Radeon RX 5700 XT Gaming X 8GB GDDR6 PCIe 4.0 Graphics Card,42135.0,,,,,,496f3d90-a75c-478e-ba9f-b0e105eff162
MSI AMD Radeon RX 6600 XT Mech 2X OC 8GB GDDR6 PCIe 4.0 Graphics Card,308304.0,,,,,,e42b9daa-4de1-4580-92ad-bd9b7f4a40bd
Visiontek Radeon HD 5450 Low Profile Passive Cooled 2GB DDR3 PCIe 2.1 Graphics Card,10223.0,,,,DIHD5450,,ef097238-c70c-4573-b138-9e6dee7a1179
MSI GeForce GT 710 Low Profile Passive Cooled 1GB DDR3 PCIe 2.0 Graphics Card,963231.0,,,,MSGT7101GD3H,,ae5659e6-5924-4ab9-bc9b-ffbd48d43a81
Sapphire Technology Radeon RX 5700 XT NITRO+ OC 8GB GDDR6 PCIe 4.0 Graphics Card,998559.0,,,,,,9a8d89e5-3746-4c90-8080-5d45ac823cb3
PowerColor AMD Radeon RX 6600 XT Red Devil 8GB GDDR6 PCIe 4.0 Graphics Card,309641.0,,,,,,71d33d0f-0b5a-4c93-8a12-7c49d243962d
ASUS GeForce GT 1030 Passive 2GB GDDR5 PCIe Graphics Card,329623.0,,,,AST10302GCSM,,4a99d028-dc24-4818-bfe0-67ee68c8ece7
ASUS GeForce GT 710 Passive Cooled 2GB GDDR5 PCIe 2.0 Graphics Card,154088.0,,,,,,1f8b299b-8864-4a7d-a478-56f0a5a160d5
Visiontek Radeon HD 7750 Low Profile 2GB GDDR5 PCIe 3.0 Graphics Card,10124.0,,,,VIRHD7750GC,,5b042f44-6959-4e9f-854b-40d8642be6a2
PowerColor AMD Radeon RX 6700 XT Hellhound Spectral 12GB GDDR6 PCIe 4.0 Graphics Card,280016.0,,,,,,f7af4498-0e79-491d-b14a-d2a09657a2c3
MSI NVIDIA GeForce RTX 3070 SUPRIM X 8GB GDDR6 PCIe 4.0 Graphics Card,310169.0,,242879,,,,9921cc82-2feb-4f01-9b27-f8812b28b7b4
MSI GeForce RTX 3080 Ventus 3X OC 10GB GDDR6X PCIe 4.0 Graphics Card,172973.0,,,,,,55739e4c-512e-456a-b221-1ec7e18f587a
EVGA NVIDIA GeForce RTX 3080 FTW3 Ultra Gaming 10GB GDDR6X PCIe 4.0 Graphics Card,294058.0,,310451,EV1GP53897KL,,,161d0cd1-1233-4bf8-b73e-496724546f70
MSI GeForce GT 710 Low Profile Passive Cooled 2GB DDR3 PCIe 3.0 Graphics Card,963264.0,,314675,,,,4b9f15e5-9aed-4762-8222-57ca071a784a
ASUS NVIDIA GeForce RTX 3080 TUF Gaming V2 OC 10GB GDDR6X PCIe 4.0 Graphics Card,299594.0,,226285,ASRTX3080V2,ASTGR3080V2O,B097NF8LZ7,1e6c0443-56a6-45b2-aa0a-44d7caa0f32e
MSI NVIDIA GeForce RTX 3060 Gaming Z Trio OC 12GB GDDR6 PCIe 4.0 Graphics Card,322289.0,,,,,,c4d0b73a-2d47-4530-9dfd-3597a1da18b0
EVGA GeForce RTX 3080 FTW3 Ultra Gaming 10GB GDDR6X PCIe 4.0 Graphics Card,173013.0,,,EV1GP53897KL,,,440e08a0-e14a-4812-a01e-5aee4cf9301b
PowerColor AMD Radeon RX 6700 XT Hellhound 12GB GDDR6 PCIe 4.0 Graphics Card,247932.0,,,,,,0e74908a-2764-4e98-8eec-f7de39a86685
Sapphire Technology AMD Radeon RX 6700 XT Nitro Plus 12GB GDDR6 PCIe 4.0 Graphics Card (Refurbished),309765.0,,,,,,f56c1e85-449e-4689-bf72-9094ab062254
MSI NVIDIA GeForce GT 1030 LP OC 2GB GDDR5 PCIe 3.0 Graphics Card,234872.0,,,,MSG10302HPC,,a2732133-fc76-4846-803c-ad89d7088822
ASUS Radeon RX 5700 XT ROG Strix OC 8GB GDDR6 PCIe 4.0 Graphics Card,70995.0,,,ASRSRX57XTO8,,,c2fdecb9-569e-41ca-8a8a-fa351f16e126
ASUS GeForce RTX 3070 Dual OC 8GB GDDR6 PCIe 4.0 Graphics Card,196279.0,,,,,B09H3QSGYX,209b6528-b51d-41ae-a283-f7be620cb20f
ASUS NVIDIA GeForce RTX 2060 ROG Strix EVO V2 Gaming 6GB GDDR6 PCIe 3.0 Graphics Card,282210.0,,,,,,4a1b165f-16b0-4700-9ece-ebafe4e4ee4b
Gigabyte GeForce RTX 2060 OC 6GB GDDR6 PCIe 3.0 Graphics Card,925362.0,,,,,,fbfabe72-9fa3-4ae5-8748-9533d0eaee3f
PowerColor AMD Radeon RX 6800 Fighter OC 16GB GDDR6 PCIe 4.0 Graphics Card,217729.0,,,,,,271b5b93-68bb-4f2d-9104-4f5b7336e31a
Sapphire Technology Radeon RX 5700 XT Pulse OC 8GB GDDR6 PCIe 4.0 Graphics Card,978486.0,,,,,,741f1b32-a318-4ef8-b911-588e693c7b1d
ASUS NVIDIA GeForce GT 730 Low Profile Passive Cooled 2GB GDDR5 PCIe 3.0 Graphics Card,324053.0,,,,,,1539eed2-8724-464d-9a93-d014b31ee80d
ASUS GeForce RTX 3080 TUF Gaming OC 10GB GDDR6X PCIe 4.0 Graphics Card,173096.0,,,,,,da200194-f0bd-45f2-bc5e-c18b3af333b1
ASUS GeForce GTX 1660 Super Advance ROG Strix OC 6GB GDDR6 PCIe 3.0 Graphics Card,71092.0,,,,,,9fcdc8b8-f618-4392-9afc-746fc40de119
MSI GeForce RTX 3070 Ventus 3X OC 8GB GDDR6 PCIe 4.0 Graphics Card,193326.0,,,,,B09H3XGRBZ,58c857eb-a0a0-40d3-92bf-9f72b6f6b3fa
MSI NVIDIA GeForce GT 730 N730K 2GD3H/LPV1 Passive Cooled 2GB DDR3 PCIe 2.0 Graphics Card,289496.0,,,,,,d80216d1-f40a-43d9-aa03-3ba80dd3b859
Sapphire Technology AMD Radeon RX 6900 XT Toxic Gaming Limited Edition OC Hybrid Cooled 16GB GDDR6 PCIe 4.0 Graphics Card,324061.0,,,,,,85cb649c-ffc0-4fb1-98b7-03afa3d86c1e
MSI GeForce GTX 1660 Ti Ventus XS OC 6GB GDDR6 PCIe 3.0 Graphics Card,897280.0,,314677,,,,067c6a67-de01-491d-a68a-257e32515bab
Sapphire Technology AMD Radeon RX 6700 XT Nitro Plus OC 12GB GDDR6 PCIe 4.0 Graphics Card (Refurbished),309781.0,,,,,,8c6bcb37-eedc-475e-85ac-53a0b522d0c1
MSI Radeon RX 5500 XT Mech OC 8GB GDDR6 PCIe 4.0 Graphics Card,60996.0,,,,,,8e3c1c2b-0b5a-47aa-b3d9-17a874ce7bf5
Gigabyte GeForce GT 1030 Low Profile 2GB GDDR5 PCIe 3.0 Graphics Card,329185.0,,,,,,8789f0b4-538b-4675-a14e-f0db3474eedf
MSI AMD Radeon RX 6700 XT Gaming X 12GB GDDR6 PCIe 4.0 Graphics Card,250043.0,,,,MSR6700XTGX,,cd514709-7fcd-40c3-8131-3f772af3b16b
MSI NVIDIA GeForce GT 710 2GD3 LP 2GB DDR3 PCIe 2.0 Graphics Card,287227.0,,263326,,,,479d644b-3074-4578-9e91-793785631528
PowerColor AMD Radeon RX 6900 XT Liquid Devil OC Liquid Cooled 16GB GDDR6 PCIe 4.0 Graphics Card,239616.0,,,,,,3176fa34-4085-466e-b292-414bc442104b
EVGA NVIDIA GeForce RTX 3080 Ti 12GB GDDR6X Graphics Card,,,304749,MSIG38TGXT12,,,28272f83-405c-461f-b7e9-fa74b7ffd395
NVIDIA GeForce RTX 3090 FTW3 Ultra Gaming Graphics Card,,,252769,,,,8ff2698e-866a-47e6-b5a0-f6bf8b2e7351
EVGA NVIDIA GeForce GTX 1660 SUPER SC ULTRA 6GB GDDR6 PCIe 3.0 Graphics Card,,,310449,,,,9fe2efab-2189-4862-9b79-12a2c51ca55a
NVIDIA GeForce RTX 3080 10 GB GDDR6X Suprim X Graphic Card,,,309410,,,,347f4e23-97eb-4f9d-955b-f4dde1593ad2
EVGA GeForce RTX 3060 Ti FTW3 8GB GDDR6 Gaming Graphics Card W/X17 Gaming Mouse,,,,EV08GP53667B,,,229b28c4-cb19-44a7-96eb-f3627433d789
EVGA GeForce RTX 3080 Ti XC3 Ultra 12GB GDDR6X Gaming Graphics Card W/Keyboard,,,,EV12GP5395KA,,B0979GYMHP,37274ea4-775b-43a8-bb3d-ac6eb936eb8b
EVGA GeForce RTX 3070 Ti XC3 Gaming 8GB GDDR6X Graphic Card,,,,EV8GP53785KL,,,6e9aae44-e953-42fe-819e-960605570ea3
ASUS TUF Gaming NVIDIA RTX 3080 V2 OC Edition 10GB GDDR6X Graphics Card W/Mouse,,,,ASRTX3080V2A,,,f6f051fd-6506-4c6d-902e-5cfd5366a7a2
GeForce RTX 3070 XC3 Ultra 8GB GDDR6 Gaming Graphics Card With X17 Gaming Mouse,,,,EV08G5375KLA,,,34a27919-cef5-4dff-8e56-e7064bd81d1d
PNY GeForce RTX 3060 12GB XLR8 Gaming Graphics Card ,,,,PNVC12DFXPPB,PNR306012RED,,c0d848e2-7bc4-4bd7-bf2c-ed66a34cb734
EVGA GeForce RTX 3070 Ti FTW3 Ultra Gaming 8GB GDDR6X Graphics Card W/X17 Mouse,,,,EV8GP53797KA,,,cd50fdd7-a583-400d-bec8-a811f8aa9d0e
ASUS TUF Gaming NVIDIA GeForce RTX 3080 OC Edition 10GB GDDR6X Graphics Card,,,,ASTR3080O10G,,B08WHJPBFX,c4021a77-2a84-4d2c-95cb-039021858503
EVGA GeForce RTX 3090 FTW3 U 24GB GDDR6X Graphics Card W/X17 Mouse,,,,EV24GP5987KB,,,78aea1bd-dfd4-4b4a-a4b5-f87f78248ce4
EVGA GeForce RTX 3080 Ti FTW3 Gaming 12GB GDR6X Graphics Card W/X17 Gaming Mouse,,,,EV12G5396KRB,,,be3e2701-40f9-4106-8586-3943f7dd8679
PNY GeForce RTX 3060 Ti 8GB XLR8 Gaming EPIC-X Graphics Card,,,,PNVCG8DFXPPB,PNR3060T8GRE,,9ab970c3-1916-4752-a247-45e2f9f543b2
PNY GeForce RTX 3080 10GB XLR8 EPIC-X Graphics Card ,,,,PNG30801TFXB,,,d934e563-2ed3-4942-b904-b9646305e50a
PNY GeForce RTX 3090 24GB XLR8 EPIC-X Graphics Card 2.7 Slot,,,,PNG309024TFB,,,ea182b74-db67-41bc-b182-4a392bb79074
EVGA GeForce RTX 3090 XC3 Ultra 24GB GDDR6X Graphics Card W/EVGA X1 Gaming Mouse,,,,EV24GP575KRA,,,54dc6a80-fbd5-419b-9a86-de61f7f43baa
PNY GeForce RTX 3080 10GB EPIC-X XLR8 Gaming Graphics Card,,,,PNV301TFXMPB,,,3023bf5d-5c9d-40e5-8305-203e1b44eb86
EVGA GeForce RTX 3090 FTW3 24GB GDDR6X Graphics Card W/Z15 Keyboard,,,,EV24GP5987KC,,,1e31f473-f78d-4892-991d-45708c4d7f4e
PNY GeForce RTX 3060 Ti 8GB UPRISING Gaming Graphics Card ,,,,PNVCG8DFMPB,PNGR3060T8,,45676ec4-bbdf-4087-9d04-70404c43e8dc
ZOTAC GAMING GeForce RTX 2060 6GB GDDR6 Graphics Card,,,,ZTT20600F10M,,,3d3e6f09-61f6-4dbf-8c4e-78e51e4d6963
PNY GeForce RTX 3070 8GB Graphics Card ,,,,PNG30708DFMB,PNGR30708GC,,75dda970-2750-4d38-ab2e-a6cf4487d744
Bosch NVIDIA Quadro 4000 Graphics Card 2GB,,,,BHMHWAWGCQ40,,,1d924685-5cea-4d32-a609-ebc481e317b7
Bosch NVIDIA Quadro 2000 Graphics Card 1GB,,,,BHMHWAWGCQ2,,,5af79940-56c2-4f88-887c-6e18797546cb
Bosch NVIDIA Workstation Quadro FX 1800 PCIe Graphic Card 768 MB,,,,BHMHWAWGCFX1,,,b4377eca-a836-4499-9231-dd32210112c4
AMD Radeon PRO W6800 Graphics Card,,,,,AMRPW6800,,84b08873-dc68-425e-b89d-3004ad3acb19
AMD Radeon PRO W6600 Graphics Card,,,,,AMRPW6600,,e7a04beb-1175-473b-a96e-548d0695c86d
AMD Radeon Pro WX 2100 Graphics Card,,,,,AMWX2100X16,,180ff559-2346-4499-a54f-df305d8c4109
PNY Quadro RTX 4000 Graphics Card,,,,,PNQRTX4000PB,,be2432cc-f1e0-4e01-a566-2f7aa571608a
PNY RTX A6000 Graphics Card,,,,,PNNRA6000,,4aed5e45-cd34-43cc-a4d0-51880291a2ec
PNY T600 Graphics Card,,,,,PNNT600,,f433daa5-d1c7-4a3c-9983-14ce4da0b700
HP Quadro RTX 5000 Graphics Card,,,,,HE5JH81AT,,7e6bc043-571b-4a99-ad32-23e8c40f5f7a
HP 3ME25AT Quadro P620 Graphics Card,,,,,HE3ME25AT,,536a8074-43af-4fa7-8e3b-744f043f4342
HP AMD Radeon R7 430 Graphics Card,,,,,HE5JW82AT,,4272ac11-98ea-4fdc-a6f2-2a3a9acc0175
HP Quadro P400 Graphics Card,,,,,HE1ME43AT,,5224f870-1bc9-4699-9db1-64e398ee7bee
HP Radeon Pro WX 3100 Graphics Card (Smart Buy),,,,,HE2TF08AT,,0025ac02-ed95-4c01-8111-e3b5ebb48385
HP Radeon Pro WX 3200 Graphics Card,,,,,HE6YT68AT,,1446dfc9-38f2-4587-b9dc-9e49f58a88b7
HP Quadro RTX 4000 Graphics Card,,,,,HE5JV89AT,,f27df7ac-a729-4e6e-b790-6a60acf85221
Apple Radeon Pro W6800X Mpx Module,,,,,APMJ073AMA,,a4eb9105-c7d6-4282-971a-b359a98b3515
PNY Quadro RTX 6000 Graphics Card,,,,,PNQRTX6000PB,,cfa53a80-16af-404c-8456-f9f17a07e6ef
HP Quadro RTX 8000 Graphics Card,,,,,HERTX8000,,fb383a6d-fe34-43cd-bba4-c3c06ee90eb3
PNY RTX A6000 Graphics Card and Quadro Sync II Kit,,,,,PNRTXA6000SY,,3fbcbd8a-a26c-41d1-9a9b-2b4e884c751e
Gigabyte GeForce GT 710 Low-Profile Graphics Card,,,,,GIGGT7102,,cb08b0a3-d870-4078-a21d-22e23d949868
ZOTAC GeForce GT 710 ZONE Graphics Card,,,,,ZOZT7130420L,,99f4569e-ccaf-4fae-8db3-a81249d8e968
ZOTAC GeForce GT 710 Graphics Card,,,,,ZOZT7130220L,,c21bb271-9458-4b77-a925-9ad1c0c5ebd6
ZOTAC GeForce GT 730 Zone Graphics Card,,,,,ZOGT730ZONGC,,5d5ca9e3-8f5a-4b1e-8c7a-593541c88ba0
Lenovo ThinkStation NVIDIA Quadro P400 Graphics Card with HP Bracket,,,,,LE4X60N86657,,fa326df6-3f3b-4499-b4b5-1f46419ffd1a
Lenovo ThinkStation NVIDIA Quadro P400 Graphics Card with LP Bracket,,,,,LE4X60N86656,,2e86ab4b-f17c-4160-8c58-fc4082c57059
ZOTAC GeForce GT 1030 Graphics Card,,,,,ZOGT1030GC,,1f726d71-8f43-48b0-b9e7-ded929e25306
VisionTek Radeon HD 5570 4-Port HDMI/VHDCI Graphics Card,,,,,VIH54PVH4H,,673a0761-70d8-4764-af05-e0393dbd7d29
Gigabyte GeForce GTX 1650 D6 WINDFORCE OC R2 Graphics Card,,,,,GI1656WF2O42,,1dd3af4a-cd65-4693-b6e7-44b722fe4d89
VisionTek Radeon HD 5570 Graphics Card,,,,,VIRH55701GGC,,4606db6b-24d9-4035-83dd-58e5fb2e8779
HP Quadro M1000M Graphics Card,,,,,HET8W13AT,,751941fd-f067-4047-98eb-b19db489343b
Matrox G550 PCIe x1 32-Bit Graphics Card,,,,,MAG55MDDE32,,1ce01a8d-5333-43e3-a840-3f6ed2889575
Gigabyte Radeon RX 580 GAMING R2 Graphics Card,,,,,GIRRX5808GR2,,9bf8ee6d-b072-431b-9df9-2aac900fdc38
HP Radeon RX 550X Low Profile Graphics Card,,,,,HEBM147UT,,4e9240f7-6111-41e8-b4f6-34526ae1049a
PNY T600 Graphics Card (GPU Only),,,,,PNNQT600,,7a5c7380-b092-43f4-90ee-53e0d14ff4a1
Matrox M9120 512MB PCI Express x16 ATX Graphics Card,,,,,MAM9120F,,d82a3686-3e58-4985-9a35-8a6a5d3421f6
AMD Radeon Pro WX 3200 Graphics Card,,,,,AMRPROWX3200,,2effd823-8452-4687-a9a5-4cd3ba0f9089
Lenovo Quadro P620 Graphics Card,,,,,LE4X60R60468,,5cd83c1e-a2cb-460a-85d6-3ab3c0324122
ASUS Phoenix GeForce GTX 1650 SUPER OC Graphics Card,,,,,ASGTX1650,,57f09ed9-7f60-493b-b597-e6ffad2f94e4
Matrox M9120 512MB PCI Express x1 Low-Profile Graphics Card,,,,,MAM9120LA,,b2bd4559-a059-431c-8cfb-b362d9d3cd94
HP Radeon Pro WX 3100 Graphics Card,,,,,HE2TF08AA,,c2f31065-5023-4789-9ca1-652569a2c481
HP Quadro P1000 Graphics Card (Smart Buy),,,,,HE1ME01AT,,ffca0b13-309a-4c53-b35c-0342d02c6b3a
ZOTAC GAMING GeForce GTX 1650 SUPER Twin Fan Graphics Card,,,,,ZOZTT16510F1,,01ce42c7-eb3f-4691-bdd7-a391779e882c
AMD Radeon Pro WX 4100 Graphics Card,,,,,AMWX4100,,65d70f60-a189-4c2d-8931-7c20d602a513
HP Quadro P2200 Graphics Card,,,,,HE6YT67AT,,c7aa1bf4-2497-4107-8dd1-c930625c9c97
Matrox M9138 Low-Profile PCIe x16 Graphic Display Card,,,,,MAM91381024,,6652c4d3-cda9-4c9e-b4ca-48d26be6e556
Lenovo ThinkStation NVIDIA Quadro P1000 Graphics Card with LP Bracket,,,,,LE4X60N86660,,740bfe27-3025-425e-a5c6-4b7586aba8c8
Lenovo ThinkStation NVIDIA Quadro P1000 Graphics Card with HP Bracket,,,,,LE4X60N86661,,ddde6deb-5a51-42a5-b176-d17c71549afd
Gigabyte Radeon RX 5700 XT GAMING OC R2) Graphics Card,,,,,GIR57XTGO8G2,,cb621baa-82d7-4636-b3b3-3df3bcdb616f
ASUS Republic of Gamers Strix Radeon RX 5600 XT TOP Gaming Graphics Card,,,,,ASRSR5600XTP,,a0e8ce0a-9436-48de-92e3-b2a4db8393b9
ASUS GeForce RTX 3060 Phoenix Graphics Card,,,,,ASPHRTX3060,,34737862-d41d-44a8-9886-21b93b6ccff7
AMD Radeon Pro WX 5100 Graphics Card,,,,,AMWX5100,,6e9fa8c3-0c42-49e9-b25f-77703b31f7bc
PNY Nvidia Quadro T1000 Graphic Card,,,,,PNNQT1000,,2f43221c-8dff-4968-ba4e-43a55cab9ea9
AMD Radeon Pro W5500 Graphics Card,,,,,AMWW5500,,35db0bf4-a895-4cbf-adff-4599b10f964a
Gigabyte GeForce RTX 3060 Vision OC 12G Graphics Card,,,,,GIGFN3060V,,1c6a3bc0-9a93-4fd0-ac63-060b3f8a6285
ZOTAC GAMING GeForce RTX 3060 Twin Edge OC Graphics Card,,,,,ZOA30600H,B08W8DGK3X,881ec1e0-8d91-4726-b10a-f4c4d4391785
ZOTAC GAMING GeForce RTX 3060 Ti Twin Edge Graphics Card,,,,,ZOZTA30610E1,,07456699-3c1f-4765-b047-d2cba97d9583
Matrox M9140 Low-Profile PCIe x16 Graphic Display Card,,,,,MAM91400512,,9009a937-5536-4f14-84ab-f7f3853df0d6
HP Radeon Pro W5500 Graphics Card (Smart Buy),,,,,HE9GC16AT,,c4bc93de-33e4-43d6-8fc6-6aceb23d29cd
Panasonic AMD Dedicated Graphics xPAK,,,,,PAFZVGT551W,,e5fe76f6-1ffe-4a74-b71d-e9f2f6886ed3
Matrox M9148 Low-Profile PCIe x16 Graphic Display Card,,,,,MAM91481024,,a7c04c1e-2e04-49fe-8536-33fbd58136d0
Apple AMD Radeon Pro W5500X MPX Module,,,,,APMXM52AMA,,6b450eec-e0ad-46d8-b1cd-a5c9c2092c87
ZOTAC GAMING GeForce RTX 3070 Twin Edge Graphics Card,,,,,ZOGR3070TEGC,,bf86ad4a-a6bc-4aed-ab57-0c88983bdef3
ZOTAC GAMING GeForce RTX 3060 Ti Twin Edge OC Graphics Card,,,,,ZOZTA30610H1,,e6da6e61-81da-408e-bc87-9560d297147d
Matrox C420 Graphics Card,,,,,MAC4204GB,,49cfd831-f5b7-4ee5-a6bd-c86ab1606b19
ZOTAC GAMING GeForce RTX 3070 Twin Edge OC Graphics Card,,,,,ZOZTA30700H,B097YY2NL2,2749900c-9188-49e1-aed5-fb77a29cb86e
AMD Radeon Pro WX 7100 Graphics Card,,,,,AMWX7100,,f64b7e26-ffc2-40b9-87f0-c5c4fe899bb7
HP Quadro P1000 Graphics Card,,,,,HE1ME01AA,,29603a5f-92ac-4f05-bd92-c3d406178c30
AMD FirePro S400 Synchronization Module,,,,,AMFS400Q,,ee740787-96c8-4ab1-9e7e-2d7bc9c4b6a7
PNY GeForce RTX 3070 Ti XLR8 Gaming REVEL EPIC-X Triple Fan Edition Graphics Card,,,,,PNR3070T8RE,B0971ZJBQY,86b315fd-d129-4e90-b543-38701d3f75af
HP Z0B14AA Radeon Pro WX 7100 Graphics Card,,,,,HEZ0B14AA,,20091f5f-3789-4a24-8648-2ccdc9d2d0fe
Apple AMD Radeon Pro W5700X MPX Module,,,,,APMW662AMA,,20a85452-5ef0-49a2-b71f-ec62807a2bc5
Gigabyte Radeon RX 6700 XT AORUS ELITE Graphics Card,,,,,GIAR67XTE12,,4a8c5fed-0979-4f3c-ae40-8654b30556c2
ASUS ROG Strix Radeon RX 6800 Graphics Card,,,,,ASRSRX68O16G,B08NWHKGS9,8917219f-0370-4b27-b94b-6c95579a0125
AMD Radeon Pro W5700 Graphics Card,,,,,AMW5700,,f31c9aa8-fa4a-435d-8c78-f84db4da7cd7
AMD FirePro S7000 Server Graphics Card,,,,,AMFS7000,,e648b585-578a-4541-99b8-68e194fb65f0
ASUS ROG Strix LC Radeon RX 6800 XT OC Gaming Graphics Card,,,,,ASRLR68XO16G,,b7dcdb27-558f-409c-83b5-d5337164cc70
Smart-AVI Xpander PCI Quad Display Card,,,,,SMXP4RDS,,638d40c4-0fe9-4e4a-b7c9-d767f58bc118
AMD ATI FireGL V7350 Graphics Card,,,,,AMFV7350,,07e82650-a7c6-462a-9172-f661363a4475
Smart-AVI PresenterPro-HD Digital Signage Card,,,,,SMAPPRPXHD,,d14a504e-ad6f-4c3c-8572-d6f764ea573b
Smart-AVI Xpander Xpress Quad PCI Express Display Card,,,,,SMXP4XRD,,7d8547d0-f054-498f-a397-0c869ac5e4bd
Sapphire Radeon Sky 900 Server Graphics Card,,,,,SA100505852,,081ab128-8b5e-4ade-8e6f-c3f5cbe70b3c
Matrox M9188 PCIe x16 Multi-Display Octal Graphics Card,,,,,MA9188E2048F,,e49ef279-0bca-4f43-9fa4-810d1d0b7f47
DATAPATH ImageDP4+ Graphics Card,,,,,DAIDP4PHDMI,,11efeab3-dda9-45c4-ad33-3c4679a99887
DATAPATH Image2K 4-Channel HDMI PCIe Graphics Card,,,,,DAIMAGE2K,,95996f72-c34d-4dd8-bc57-454d78949bcf
AMD Radeon Pro WX 9100 Graphics Card,,,,,AMRPWX91016,,f424c8b8-556c-4705-97f4-b5867f6b79c8
ZOTAC GeForce RTX 3090 GAMING Trinity OC Gaming Graphics Card,,,,,ZOGGR3090TO,B09F3W8DM8,e3ce059e-9e14-4f59-869d-ad65ce3b171b
PNY RTX A5000 Graphics Card,,,,,PNNRA5000,,a0a9281e-ed6e-4372-8904-b697afb8ab8c
Apple AMD Radeon Pro Vega II MPX Module,,,,,APMW672AMA,,630cdd18-ec06-4442-aae4-ae34d0d225d5
AMD FirePro S10000 Server Graphics Card,,,,,AMFS10000,,f2893977-d0ed-4d8c-b56a-801936d1736f
AMD FirePro S10000 Passive Server Graphics Card,,,,,AMFS10000MD,,4e296278-8fb0-4d10-a095-8f0e343755dc
PNY NVIDIA Quadro K5200 Graphics Card with Sync Card,,,,,PNNQ5200S8GB,,e18ddb5e-edc0-4608-9b80-8cc2704ce892
PNY nVIDIA Quadro K5000 Sync Display Card,,,,,PNK5000,,9b7f0ab2-5602-4dfa-b850-14eda884d15b
DATAPATH Image4K Graphics Card,,,,,DAIMAGE4K,,54cc02cd-17b3-4ea9-b26a-4e66e6accf4d
HP Quadro RTX 6000 Graphics Card,,,,,HE5JH80AT,,f87110b5-9a66-4703-babd-b1bd9cb17177
PNY Quadro K6000 Graphics Card,,,,,PNQK6000,,b6451a2b-41d8-4a36-8d25-f57ff416927e
PNY nVIDIA Quadro 6000 PCIE x16 6 GB GDDR5 Graphics Display Card,,,,,PNVCQ6000PB,,781bf5a7-811c-42d5-bb24-ef4dfeddb865
PNY NVIDIA Quadro K4000 SDI,,,,,PNVCQK4000SP,,14b09fef-6932-495f-ba1d-5e341666c13c
PNY Dual NVIDIA Quadro K5200 Ultra-High Res Video Wall Kit,,,,,PNNDQ52KQ16G,,e0f090d6-9c9a-4cc1-b85d-04582152998a
PNY NVIDIA Quadro K5200 Graphics Card with SDI Output Board,,,,,PNNQ52008GB,,813365f8-a70f-4639-86bd-d70e1954aa82
PNY nVIDIA Quadro K5000 SDI Bundled Board Kit,,,,,PNQK5000BK,,83ca0ecb-efc5-4dbb-9e61-8d675f4cf051
HP Quadro GP100 Graphics Card (Smart Buy),,,,,HE1ZE81AT,,e73325cf-8cb8-411a-8156-0c71ee15ad8d
PNY NVIDIA Quadro K6000 with NVIDIA Quadro Sync Graphics Card,,,,,PNNK6000SYNC,,e38e80d0-8c71-4e78-ba4c-5cfb950e1d10
PNY RTX A6000 Graphics Card (GPU Only),,,,,PNRTXA6000SB,,3be3dd91-18b6-4fd9-befe-3a57ea385dd8
PNY NVIDIA Quadro K4200 with SDI Input and Output Boards,,,,,PNNQ4200IO4G,,3e7c2eca-19cb-43b5-bb86-7fff1836d58a
PNY NVIDIA Quadro K4000 SDI I/O,,,,,PNVCQK4000S,,432e9df9-bdaa-4bff-bef7-75437e4a34f6
PNY Quadro RTX 8000 Graphics Card,,,,,PNQRTX8000PB,,3b45d4e7-9987-44f1-99dd-c68558c8493c
PNY Quadro GP100 Graphics Card,,,,,PNVCQGP100PB,,2254f25d-81e3-43da-afa0-640575338f0c
PNY NVIDIA Quadro K5200 with SDI Input and Output Boards,,,,,PNNQ5200IO8G,,d176f29e-28ca-408e-b4e3-a35ec681b4ee
PNY nVIDIA Quadro 5000 SDI I/O Professional Graphics Board,,,,,PNVCQ5000SDI,,23bdc7e3-6173-4715-8e86-705371a8bdd5
PNY NVIDIA Quadro K5000 SDI I/O,,,,,PNVCQK5000S,,560e804c-f973-4c70-bb1f-e784dda4e0cc
PNY VCQK6000SDI-PB NVIDIA Quadro K6000 SDI Graphics Card,,,,,PNNK6000PB,,e09e7557-6dd3-46e9-bc28-a25ea8d6da6c
PNY Quadro GV100 Graphics Card,,,,,PNVCQGV100PB,,c32b8ef4-be1b-4416-8434-c760d5685be0
HP 3ME26AT Quadro GV100 Graphics Card,,,,,HE3ME26AT,,16e75d09-0615-436f-ac61-b69d01e0c9dd
PNY Dual NVIDIA Quadro K6000 Ultra-High Res Video Wall Kit,,,,,PNNDQ6KQS24G,,d4b8084b-f154-473b-b12e-10af2102a294
PNY NVIDIA Quadro K6000 Graphics Card with SDI I/O Board,,,,,PNNK6000IO,,e80a7ff7-0c7c-4c9b-b4f3-667e8e90552e
Microsoft Xbox Series X 1TB ,,,,,,B09HS5F8C9,b705bf0a-dc7b-455a-a2e5-58bc3fd6ed81
Xbox Series X ,191429.0,6428324,11108371,XBRRT00001,MIXBSX1BK,B08TVX3DVN,fa1711e7-d840-4f12-b066-b2b2113e3a92
Xbox Series S ,191577.0,6430277,B224746K,XBRRS00001,MIXBSS512WH,B087VM5XC6,f6920bd1-e968-40d5-b3e1-0c3f9a18b747
Microsoft Xbox One X 1TB Console with Wireless Controller: Xbox One X Enhanced HDR Native 4K Ultra HD (Renewed) (2017 Model) ,,,,,,B07WDGB9P5,96ac36bd-7986-4708-86c0-eb6562155c3f
Xbox Wireless Controller – Electric Volt for Xbox Series X|S Xbox One and Windows 10 Devices ,,,,,,B08ZNQN1FP,8cbf6b1f-1a9a-459b-880c-1cb84b549a16
Vertical Cooling Stand Compatible with Xbox Series X YUANHOT Charging Station Dock with 1400mAh Rechargeable Battery Pack and Dual Controller Charger Ports (NOT Compatible with Xbox One X/S) ,,,,,,B08VN2LB3B,7d9c5cb1-3d7d-451d-a8b6-fd52ec098ce1
Xbox Wireless Controller – 20th Anniversary Special Edition for Xbox Series X|S Xbox One and Windows ,,,,,,B09GHQVX3N,32e10a67-64f2-4865-b1f9-0b2bb7599a23
Rechargeable Battery Packs for Xbox One/Xbox Series X|S 4 X 1200mAh Xbox One Controller Battery Packs Rechargeable Batteries with Charging Station for Xbox One/One S/One X/One Elite ,,,,,,B08CVB3Y8B,a193fd6c-9efd-4230-967c-c6dddc105153
Far Cry 6 Xbox Series X S Xbox One Standard Edition ,,,,,,B08CKL9K4Z,4f972b5d-8ef6-4d8c-92e4-96e40336a6d2
Playstation DualSense Wireless Controller ,,,,,,B08FC6C75Y,83f85860-da54-4932-8d19-98468b5749d0
PS5 Controller Charger Station PS5 Charging Station with Fast Charging AC Adapter 5V/3A Playstation 5 Dual Controller Charging Stand OIVO Docking Station Replacement for DualSense Charging Station ,,,,,,B08LZGPPBH,a9de39b5-12e5-4bb1-a032-73315aabe3e3
ZOTAC Gaming GeForce RTX 3070 Ti AMP Holo 8GB GDDR6X Graphics Card,,,,,,B096TZHXYN,8ea422f7-af0b-460f-a91b-408b8f68a8bd
ZOTAC GAMING GeForce RTX 3070 AMP Holo 8GB GDDR6 256,,,,,,B08W44ZLRP,6b8b973d-4591-45b2-8e8c-9cad625dc117
ZOTAC Gaming GeForce RTX 3080 Trinity OC 10GB GDDR6X 320,,,,,,B099ZCG8T5,be15fb8a-5499-4b58-a000-4cc2ce36bcee
AX Bundle RTX 3080 Ventus 10GB GDRR6X 320,,,,,,B09DMX8M32,6255c2e3-3d5e-48a2-94de-1014be9657aa
Microsoft Xbox Series X 1TB ,,,,,,B09H1XQC58,53d2678a-39c5-4d09-94b4-743c77572a59
PS5 Playstation 5 Disc Version Console 16GB GDDR6 RAM,,6426149,11108140,SO3005718,SOPS5CS,B09HNRLV1M,3a521b04-18f6-4148-9458-18b8ec447e10
