ASIN,price,rating,number_of_reviews,stock
B09JWTVHND,1099.0,no ratings,no reviews,out of stock
B09JS7FTR8,1099.0,,no reviews,out of stock
B09HWV3XG4,1099.0,1.0 out of 5 stars,2,Only 10 left in stock - order soon.
B09JT3WNP1,1199.0,,no reviews,Only 4 left in stock - order soon.
B09HS3Z36D,1299.0,no ratings,no reviews,Only 4 left in stock - order soon.
B09JWTVHND,1099.0,no ratings,no reviews,out of stock
B074WPGYRF,719.0,4.6 out of 5 stars,"5,333",out of stock
B098Y7HQ9T,49.99,4.2 out of 5 stars,24,out of stock
B08K3S6WJM,219.99,4.8 out of 5 stars,"48,749",out of stock
B08CVB3Y8B,28.99,4.5 out of 5 stars,"5,108",out of stock
B09HS3Z36D,1299.0,no ratings,no reviews,Only 4 left in stock - order soon.
B096J1P623,69.88,,no reviews,out of stock
B08VN2LB3B,42.99,4.4 out of 5 stars,828,out of stock
B08TVX3DVN,848.99,4.4 out of 5 stars,52,Only 1 left in stock - order soon.
B08LRV49W8,119.99,4.2 out of 5 stars,"1,419",out of stock
B09HWV3XG4,1099.0,1.0 out of 5 stars,2,Only 10 left in stock - order soon.
B08N6LXHHQ,19.99,4.6 out of 5 stars,"1,900",out of stock
B07R6PCJYX,299.99,4.4 out of 5 stars,"3,032",out of stock
B0911WLYVN,Not available,4.4 out of 5 stars,54,out of stock
B087VM5XC6,373.0,4.7 out of 5 stars,"3,998",out of stock
B096WVGQMJ,59.99,,no reviews,out of stock
B09JB5YSXL,459.0,no ratings,no reviews,out of stock
B082S2LYV1,986.0,4.6 out of 5 stars,29,out of stock
B08H99878P,99.95,no ratings,no reviews,out of stock
B09FBGDHSC,79.99,,no reviews,out of stock
B07BB3PYD8,29.98,4.5 out of 5 stars,"25,787",out of stock
B096NGLW78,49.88,4.4 out of 5 stars,284,out of stock
B071CV8CG2,494.0,4.8 out of 5 stars,"13,676",out of stock
B095GYN38L,39.99,4.3 out of 5 stars,"1,181",out of stock
B094WN6SY2,74.0,4.8 out of 5 stars,"34,128",out of stock
B09FXRJ44J,39.99,5.0 out of 5 stars,3,out of stock
B08FC6C75Y,69.0,4.8 out of 5 stars,"34,128",out of stock
B094WL86N5,69.0,4.8 out of 5 stars,"34,128",out of stock
B077QT6K94,Not available,4.8 out of 5 stars,"2,754",out of stock
B09B8DQ26F,399.0,4.7 out of 5 stars,"2,046",out of stock
B092D4ZBT1,58.99,4.7 out of 5 stars,21,out of stock
B09D1Z3TND,69.99,2.6 out of 5 stars,7,out of stock
B08R2278KB,99.99,4.8 out of 5 stars,7,out of stock
B094F4RX8H,58.99,4.7 out of 5 stars,37,Only 5 left in stock - order soon.
B08FC6QLKN,97.01,4.7 out of 5 stars,"9,746",out of stock
B09B8FFRZR,59.99,,no reviews,out of stock
B08PCX9MN4,9.99,,no reviews,out of stock
B09D3NTWVJ,15.99,5.0 out of 5 stars,4,out of stock
B09FVLSNZ2,939.0,2.0 out of 5 stars,2,Only 10 left in stock - order soon.
B09K4N34VV,1049.99,,no reviews,Only 5 left in stock - order soon.
B08W8DGK3X,794.0,4.4 out of 5 stars,327,out of stock
B0985X2YR1,799.0,5.0 out of 5 stars,2,Only 4 left in stock - order soon.
B0971BG25M,894.11,4.6 out of 5 stars,23,Only 7 left in stock - order soon.
B0985Z47C8,919.0,4.5 out of 5 stars,16,Only 4 left in stock - order soon.
B09FVLSNZ2,939.0,2.0 out of 5 stars,2,Only 10 left in stock - order soon.
B0985VND1G,798.0,4.6 out of 5 stars,6,Only 1 left in stock - order soon.
B09719T6FT,859.74,4.6 out of 5 stars,15,Only 1 left in stock - order soon.
B08WM28PVH,Not available,4.5 out of 5 stars,368,out of stock
B09JYC957H,899.99,,no reviews,Only 8 left in stock - order soon.
B09GHZGD5X,1049.99,4.6 out of 5 stars,5,Only 8 left in stock - order soon.
B08ZZW34T3,869.0,4.2 out of 5 stars,36,Only 19 left in stock - order soon.
B08WPRMVWB,Not available,4.1 out of 5 stars,93,out of stock
B08WHJPBFX,Not available,4.5 out of 5 stars,209,out of stock
B09JYTBGGY,899.99,,no reviews,Only 6 left in stock - order soon.
B08WT47L8B,Not available,4.3 out of 5 stars,34,out of stock
B08WTFG5BX,Not available,4.1 out of 5 stars,11,out of stock
B08WGTL4CW,Not available,4.6 out of 5 stars,119,out of stock
B092L2KTHD,Not available,4.3 out of 5 stars,50,out of stock
B09GHZGD5X,1049.99,4.6 out of 5 stars,5,Only 8 left in stock - order soon.
B097DN8RR1,1099.99,4.0 out of 5 stars,4,Only 1 left in stock - order soon.
B09H3XGRBZ,1229.0,no ratings,no reviews,Only 1 left in stock - order soon.
B09JXXY4GS,1249.99,,no reviews,Only 5 left in stock - order soon.
B09B2W2ZQ3,1255.0,5.0 out of 5 stars,1,Only 1 left in stock - order soon.
B099NZHTQL,1249.0,5.0 out of 5 stars,1,Only 1 left in stock - order soon.
B097MYTZMW,1095.0,4.5 out of 5 stars,2,out of stock
B097S5ZY7K,1129.99,4.2 out of 5 stars,15,Only 9 left in stock - order soon.
B092C7VF2C,Not available,4.5 out of 5 stars,9,out of stock
B097YY2NL2,966.22,4.8 out of 5 stars,7,Only 1 left in stock - order soon.
B096WM6JFS,Not available,4.7 out of 5 stars,61,out of stock
B097G7RBSZ,Not available,5.0 out of 5 stars,3,out of stock
B09JY9NWQY,1249.99,,no reviews,Only 5 left in stock - order soon.
B0985S4F6J,1299.99,5.0 out of 5 stars,2,Only 8 left in stock - order soon.
B09CS2YXTY,1239.99,,no reviews,Only 4 left in stock - order soon.
B096YPLGHG,Not available,4.5 out of 5 stars,13,out of stock
B096TZHXYN,Not available,4.4 out of 5 stars,69,out of stock
B09CS2YXTY,1239.99,,no reviews,Only 4 left in stock - order soon.
B096HJC18P,1389.0,4.3 out of 5 stars,30,Only 1 left in stock - order soon.
B092C6MHMX,1559.99,4.4 out of 5 stars,12,Only 1 left in stock - order soon.
B097GMHNCT,Not available,4.0 out of 5 stars,4,out of stock
B09CML48LD,1295.0,,no reviews,Only 4 left in stock - order soon.
B09H3QSGYX,1649.99,1.0 out of 5 stars,1,Only 2 left in stock - order soon.
B09H3S67ST,1649.99,,no reviews,Only 2 left in stock - order soon.
B09GSD7N36,1949.99,,no reviews,Only 4 left in stock - order soon.
B09HJS8XQW,2529.99,,no reviews,Only 6 left in stock - order soon.
B0995S7548,1795.0,3.7 out of 5 stars,9,Only 1 left in stock - order soon.
B08V1ZWGVR,1999.99,3.9 out of 5 stars,24,out of stock
B09CLX9JB9,1987.99,3.5 out of 5 stars,3,Only 2 left in stock - order soon.
B09GSD7N36,1949.99,,no reviews,Only 4 left in stock - order soon.
B098TZ3RMZ,Not available,5.0 out of 5 stars,1,out of stock
B09DMX8M32,1679.99,no ratings,no reviews,out of stock
B0987CCX66,Not available,3.6 out of 5 stars,9,out of stock
B099ZCG8T5,Not available,4.7 out of 5 stars,15,out of stock
B09F3W9RZK,1949.99,,no reviews,Only 6 left in stock - order soon.
B0979GYMHP,Not available,4.1 out of 5 stars,22,out of stock
B08QW8BKDV,Not available,4.5 out of 5 stars,67,out of stock
B08JCRHZGW,2425.99,4.3 out of 5 stars,21,Only 2 left in stock - order soon.
B096L3GLYS,Not available,3.9 out of 5 stars,29,out of stock
B09HJGLC3G,2529.99,1.7 out of 5 stars,3,Only 6 left in stock - order soon.
B09HJS8XQW,2529.99,,no reviews,Only 6 left in stock - order soon.
B09F3W9RZK,1949.99,,no reviews,Only 6 left in stock - order soon.
B096L83WV8,Not available,4.0 out of 5 stars,23,out of stock
B09622N253,Not available,4.6 out of 5 stars,201,out of stock
B09JGSPR2P,2509.99,,no reviews,Only 1 left in stock - order soon.
B09HZ61PJW,2699.99,no ratings,no reviews,out of stock
B09HJGLC3G,2529.99,1.7 out of 5 stars,3,Only 6 left in stock - order soon.
B08RZFK143,3849.99,2.8 out of 5 stars,3,Only 2 left in stock - order soon.
B08HR6ZBYJ,3899.95,4.5 out of 5 stars,62,out of stock
B08J5F3G18,Not available,4.5 out of 5 stars,406,out of stock
B08R5J94WP,3199.9,3.4 out of 5 stars,3,Only 1 left in stock - order soon.
B08HJGNJ81,Not available,4.4 out of 5 stars,91,out of stock
B08J6GMWCQ,Not available,4.7 out of 5 stars,188,out of stock
B097YZFT5K,Not available,3.7 out of 5 stars,6,out of stock
B096L3GLYS,Not available,3.9 out of 5 stars,29,out of stock
B08HJRF2CN,Not available,3.9 out of 5 stars,18,out of stock
B09B3G88TT,1699.95,4.5 out of 5 stars,14,out of stock
B08R133PYZ,Not available,4.5 out of 5 stars,23,out of stock
B08R5D3374,Not available,4.7 out of 5 stars,4,out of stock
B08HRBW6VB,Not available,4.3 out of 5 stars,67,out of stock
B083GS45CR,Not available,3.9 out of 5 stars,11,out of stock
B096J1VD14,2399.99,1.0 out of 5 stars,5,Only 1 left in stock - order soon.
B08ZL6XD9H,Not available,4.1 out of 5 stars,23,out of stock
B08V1ZWGVR,1999.99,3.9 out of 5 stars,24,out of stock
B09FNTK7F8,3189.99,,no reviews,Only 5 left in stock - order soon.
B09D17W92Y,1599.99,1.0 out of 5 stars,1,Only 3 left in stock - order soon.
B08T6JZDNY,2049.99,3.3 out of 5 stars,3,Only 1 left in stock - order soon.
B093NBMV17,1949.99,3.2 out of 5 stars,7,Only 5 left in stock - order soon.
B093N3Q96N,1949.99,3.4 out of 5 stars,2,Only 4 left in stock - order soon.
B09K4M43S9,1949.99,,no reviews,Only 5 left in stock - order soon.
B08SVZNFWR,1699.99,4.1 out of 5 stars,61,out of stock
B09258PCFS,1799.99,3.9 out of 5 stars,23,out of stock
B096M7NPNP,1899.99,4.0 out of 5 stars,1,out of stock
B08Q2R71CS,1749.99,4.2 out of 5 stars,70,out of stock
B094DYSQQL,1849.0,4.2 out of 5 stars,13,out of stock
B08R81J62G,Not available,4.8 out of 5 stars,14,out of stock
B08R6M3JPS,1998.0,3.4 out of 5 stars,6,Only 1 left in stock - order soon.
B083HZ3M1X,2009.0,no ratings,no reviews,Only 7 left in stock - order soon.
B09HJS8XQW,2529.99,,no reviews,Only 6 left in stock - order soon.
B093NBMV17,1949.99,3.2 out of 5 stars,7,Only 5 left in stock - order soon.
B08W2GPR62,2089.0,3.7 out of 5 stars,11,out of stock
B097FYBRXH,2259.99,3.9 out of 5 stars,5,out of stock
B09257F463,2299.99,3.3 out of 5 stars,3,Only 14 left in stock - order soon.
B096J1VD14,2399.99,1.0 out of 5 stars,5,Only 1 left in stock - order soon.
B091CRNMDJ,2799.0,no ratings,no reviews,Only 1 left in stock - order soon.
B08QQFW9YS,Not available,4.0 out of 5 stars,33,out of stock
B08Y934HZQ,849.99,4.4 out of 5 stars,189,out of stock
B08TJ2BHCQ,1499.99,4.1 out of 5 stars,42,out of stock
B08T6JZDNY,2049.99,3.3 out of 5 stars,3,Only 1 left in stock - order soon.
B092RLYW5R,849.99,5.0 out of 5 stars,1,Only 1 left in stock - order soon.
B08T6JZDNY,2049.99,3.3 out of 5 stars,3,Only 1 left in stock - order soon.
B093N3Q96N,1949.99,3.4 out of 5 stars,2,Only 4 left in stock - order soon.
B08T9H18TJ,1419.99,4.3 out of 5 stars,76,out of stock
B08PFX6PZ6,1319.99,4.4 out of 5 stars,20,out of stock
B08P3ZN62G,1899.0,4.1 out of 5 stars,13,Only 1 left in stock - order soon.
B08TJ2BHCQ,1499.99,4.1 out of 5 stars,42,out of stock
B08P2C8XXH,Not available,4.3 out of 5 stars,40,out of stock
B08NX14LV1,Not available,4.7 out of 5 stars,69,out of stock
B08RJ6YBH5,Not available,4.3 out of 5 stars,37,out of stock
B08Y934HZQ,849.99,4.4 out of 5 stars,189,out of stock
B093NBMV17,1949.99,3.2 out of 5 stars,7,Only 5 left in stock - order soon.
B08SVZNFWR,1699.99,4.1 out of 5 stars,61,out of stock
B08YN79ZW2,Not available,4.5 out of 5 stars,26,out of stock
B09258PCFS,1799.99,3.9 out of 5 stars,23,out of stock
B094MM9X6S,989.99,4.3 out of 5 stars,35,out of stock
B09H5RTCWD,219.99,,no reviews,Only 18 left in stock - order soon.
B094DYSQQL,1849.0,4.2 out of 5 stars,13,out of stock
B091ZKN2RV,899.99,4.7 out of 5 stars,98,out of stock
B092BQK2BF,979.99,4.1 out of 5 stars,10,out of stock
B08YWZHJDZ,1195.0,4.6 out of 5 stars,32,Only 1 left in stock - order soon.
B096J1VD14,2399.99,1.0 out of 5 stars,5,Only 1 left in stock - order soon.
B0953673BB,209.99,3.5 out of 5 stars,4,out of stock
