Name,price,rating,number of reviews,stock,url
Xbox Series X ,Not available,4.9 out of 5 stars,"10,111",out of stock,https://www.amazon.com/Xbox-X/dp/B08H75RTZ8/ref=sr_1_1?dchild=1&keywords=Xbox+Series+X&qid=1633393841&sr=8-1
Xbox Series X ,849.99,4.1 out of 5 stars,49,out of stock,https://www.amazon.com/Xbox-X/dp/B08TVX3DVN/ref=sr_1_2?dchild=1&keywords=Xbox+Series+X&qid=1633393841&sr=8-2
"Microsoft Xbox Series X 1TB SSD Video Game Console + 1 Xbox Wireless Gaming Controller, Black - 16GB GDDR6 RAM, 8X Cores Zen 2 CPU, 802.11AC WiFi, 8K HDR, 4K UHD Blu-Ray - 64GB USB Flash Drive ",1199.0,4.0 out of 5 stars,27,Only 20 left in stock - order soon.,https://www.amazon.com/Microsoft-Console-Wireless-Gaming-Controller/dp/B09G6L6BQ5/ref=sr_1_3?dchild=1&keywords=Xbox+Series+X&qid=1633393841&sr=8-3
Microsoft RRT Xbox Series X 1TB SSD - Carbon Black Bundle with Extra Controller Robot White ,Not available,4.0 out of 5 stars,43,out of stock,https://www.amazon.com/Microsoft-RRT-Xbox-1TB-SSD-X/dp/B08YP53Z4P/ref=sr_1_4?dchild=1&keywords=Xbox+Series+X&qid=1633393841&sr=8-4
Microsoft RRT-00001 Xbox Series X 1TB SSD - Carbon Black Bundle with Extra QAS-00001 Controller Robot White ,1149.0,4.4 out of 5 stars,50,Only 1 left in stock - order soon.,https://www.amazon.com/Microsoft-RRT-00001-Xbox-1TB-SSD/dp/B08XBKBM8X/ref=sr_1_5?dchild=1&keywords=Xbox+Series+X&qid=1633393841&sr=8-5
Xbox Series X Bundle with Night Ops Camo Controller & Tyler 2 in 1 Screen Cleaner 1TB SSD RRT-00001 WL3-00150 New Xbox X Console ,Not available,no ratings,no reviews,out of stock,https://www.amazon.com/Controller-Tyler-Cleaner-RRT-00001-WL3-00150/dp/B09GL4QRCC/ref=sr_1_6?dchild=1&keywords=Xbox+Series+X&qid=1633393841&sr=8-6
Halo Infinite Steelbook Edition - Xbox Series X & Xbox One ,59.99,,no reviews,out of stock,https://www.amazon.com/Halo-Infinite-Steelbook-Xbox-One-X/dp/B09FC3BN36/ref=sr_1_7?dchild=1&keywords=Xbox+Series+X&qid=1633393841&sr=8-7
Xbox Series S ,Not available,4.7 out of 5 stars,"6,994",out of stock,https://www.amazon.com/Xbox-S/dp/B08G9J44ZN/ref=sr_1_8?dchild=1&keywords=Xbox+Series+X&qid=1633393841&sr=8-8
Xbox Series X Console Tower Bundle with MIGHTYSKINS Custom Skin Voucher for Console & Controller 1TB SSD RRT-00001 ,1029.0,no ratings,no reviews,Only 4 left in stock - order soon.,https://www.amazon.com/gp/slredirect/picassoRedirect.html/ref=pa_sp_mtf_aps_sr_pg1_1?ie=UTF8&adId=A10075522Z41QV84ZEL0S&url=%2FConsole-MIGHTYSKINS-Voucher-Controller-RRT-00001%2Fdp%2FB09G95NNV1%2Fref%3Dsr_1_9_sspa%3Fdchild%3D1%26keywords%3DXbox%2BSeries%2BX%26qid%3D1633393841%26sr%3D8-9-spons%26psc%3D1&qualifier=1633393841&id=7143751592909667&widgetName=sp_mtf
S.T.A.L.K.E.R. 2: Heart of Chernobyl - Xbox Series X ,59.99,,no reviews,out of stock,https://www.amazon.com/S-T-L-K-R-Heart-Chernobyl-Xbox/dp/B09F1D1WXJ/ref=sr_1_10?dchild=1&keywords=Xbox+Series+X&qid=1633393841&sr=8-10
NBA 2K22 - Xbox Series X ,69.0,4.4 out of 5 stars,13,out of stock,https://www.amazon.com/NBA-2K22-Xbox-X/dp/B098Y7HQ9T/ref=sr_1_11?dchild=1&keywords=Xbox+Series+X&qid=1633393841&sr=8-11
Madden NFL 22 - Xbox Series X ,43.98,3.5 out of 5 stars,46,Only 2 left in stock - order soon.,https://www.amazon.com/Madden-NFL-22-Xbox-X/dp/B096NB311H/ref=sr_1_12?dchild=1&keywords=Xbox+Series+X&qid=1633393841&sr=8-12
Xbox Series S 512GB White Digital Console With Shock Blue Wireless Controller ,465.98,4.6 out of 5 stars,121,Only 3 left in stock - order soon.,https://www.amazon.com/Xbox-Digital-Console-Wireless-Controller-X/dp/B08ZVBTKW7/ref=sr_1_13?dchild=1&keywords=Xbox+Series+X&qid=1633393841&sr=8-13
"Microsoft Xbox Series X 1TB - Backward Compatible with Thousands of Games, The Fast, Ultra High Speed HDMI Cable, Fine-Tuned Performance, True 4K Gaming - U Deal HDMI ",1199.0,no ratings,no reviews,Only 6 left in stock - order soon.,https://www.amazon.com/gp/slredirect/picassoRedirect.html/ref=pa_sp_mtf_aps_sr_pg1_1?ie=UTF8&adId=A06307421RHJ6SRHC6RZ8&url=%2FXbox-1TB-Compatible-Fine-Tuned-Performance%2Fdp%2FB09GRGDSLJ%2Fref%3Dsr_1_14_sspa%3Fdchild%3D1%26keywords%3DXbox%2BSeries%2BX%26qid%3D1633393841%26sr%3D8-14-spons%26psc%3D1&qualifier=1633393841&id=7143751592909667&widgetName=sp_mtf
Venom Multi-Colour LED Light-up Console Stand (Xbox Series X) (Xbox Series X) ,28.5,3.7 out of 5 stars,24,out of stock,https://www.amazon.com/Venom-Multi-Colour-Light-up-Console-Stand-Xbox/dp/B08Z5BSJRT/ref=sr_1_15?dchild=1&keywords=Xbox+Series+X&qid=1633393841&sr=8-15
Xbox Series S - 512GB SSD Console with Wireless Controller - EU Version with US Power Cable ,388.0,4.8 out of 5 stars,"3,885",out of stock,https://www.amazon.com/Xbox-Console-Wireless-Controller-Version-S/dp/B087VM5XC6/ref=sr_1_16?dchild=1&keywords=Xbox+Series+X&qid=1633393841&sr=8-16
Xbox Series X|S Customized Wireless Controller for Microsoft Xbox Series X|S - Soft Touch Neon Orange - Compatible with Xbox One - Added Grip for Long Gaming Sessions ,94.99,4.6 out of 5 stars,"2,762",Only 11 left in stock - order soon.,https://www.amazon.com/Xbox-Customized-Wireless-Controller-Microsoft/dp/B091FX3HQB/ref=sr_1_17?dchild=1&keywords=Xbox+Series+X&qid=1633393841&sr=8-17
"Xbox Series S 512GB SSD All-Digital Console (Disc-Free Gaming), 1440p Gaming Resolution, AMD FreeSync, 4K Streaming Media Playback, WiFi, Bundle Xbox Wireless Headset w/4K HDMI ",649.0,no ratings,no reviews,out of stock,https://www.amazon.com/All-Digital-Disc-Free-Resolution-FreeSync-Streaming/dp/B09GVQ4VSV/ref=sr_1_18?dchild=1&keywords=Xbox+Series+X&qid=1633393841&sr=8-18
Lost Judgment - Xbox Series X ,59.99,,no reviews,out of stock,https://www.amazon.com/gp/slredirect/picassoRedirect.html/ref=pa_sp_btf_aps_sr_pg1_1?ie=UTF8&adId=A103926419TWD99KVOWQK&url=%2FLost-Judgment-Xbox-X%2Fdp%2FB094F213X8%2Fref%3Dsr_1_19_sspa%3Fdchild%3D1%26keywords%3DXbox%2BSeries%2BX%26qid%3D1633393841%26sr%3D8-19-spons%26psc%3D1&qualifier=1633393841&id=7143751592909667&widgetName=sp_btf
Xbox Series S Console Bundle With MightySkins Custom Console And Controller Voucher 512GB SSD ,429.99,no ratings,no reviews,Only 14 left in stock - order soon.,https://www.amazon.com/gp/slredirect/picassoRedirect.html/ref=pa_sp_btf_aps_sr_pg1_1?ie=UTF8&adId=A08207713V82I26DPUP7Y&url=%2FXbox-Console-MightySkins-Controller-Voucher-S%2Fdp%2FB09D8SQQSB%2Fref%3Dsr_1_20_sspa%3Fdchild%3D1%26keywords%3DXbox%2BSeries%2BX%26qid%3D1633393841%26sr%3D8-20-spons%26psc%3D1&qualifier=1633393841&id=7143751592909667&widgetName=sp_btf
Marvel’s Guardians of the Galaxy - Xbox Series X ,59.99,,no reviews,out of stock,https://www.amazon.com/gp/slredirect/picassoRedirect.html/ref=pa_sp_btf_aps_sr_pg1_1?ie=UTF8&adId=A033954119GVOJYETNFJJ&url=%2FMarvels-Guardians-Galaxy-Xbox-X%2Fdp%2FB096WVGQMJ%2Fref%3Dsr_1_21_sspa%3Fdchild%3D1%26keywords%3DXbox%2BSeries%2BX%26qid%3D1633393841%26sr%3D8-21-spons%26psc%3D1&qualifier=1633393841&id=7143751592909667&widgetName=sp_btf
PlayStation 5 Console (Renewed) ,Not available,3.5 out of 5 stars,58,out of stock,https://www.amazon.com/PlayStation-5-Console-Renewed/dp/B08ZFN8YHH/ref=sr_1_1?dchild=1&keywords=Playstation+5&qid=1633393842&sr=8-1
PlayStation 5 Digital Edition ,Not available,4.9 out of 5 stars,"6,563",out of stock,https://www.amazon.com/PlayStation-5-Digital/dp/B08FC6MR62/ref=sr_1_2?dchild=1&keywords=Playstation+5&qid=1633393842&sr=8-2
Sony PlayStation 5 Standard Edition - Blu-ray | Disk edition ,979.0,3.5 out of 5 stars,15,out of stock,https://www.amazon.com/Sony-PlayStation-5-Standard-Blu-ray-Disk/dp/B094TY4NHB/ref=sr_1_3?dchild=1&keywords=Playstation+5&qid=1633393842&sr=8-3
Powever 2021 Playstation Console PS5 Disk Version Including Controller and Powever Controller Case ,959.0,4.0 out of 5 stars,41,out of stock,https://www.amazon.com/Powever-Playstation-Console-Including-Controller-5/dp/B091DQ319H/ref=sr_1_4?dchild=1&keywords=Playstation+5&qid=1633393842&sr=8-4
"2021 Playstation and VR Bundle - PS Disk Console and Wireless Controller, PSVR Headset, Camera, Adapter, Move Motion Controllers, Iron Man and EVE Valkyrie, Seyted HDMI 2.1 Cable ",1759.98,3.4 out of 5 stars,9,Only 1 left in stock - order soon.,https://www.amazon.com/2021-Playstation-Bundle-Controller-Controllers/dp/B0956N3XKC/ref=sr_1_5?dchild=1&keywords=Playstation+5&qid=1633393842&sr=8-5
Horizon Forbidden West Special Edition - PlayStation 5 ,79.99,,no reviews,out of stock,https://www.amazon.com/Horizon-Forbidden-West-Special-PlayStation-5/dp/B09FBGDHSC/ref=sr_1_6?dchild=1&keywords=Playstation+5&qid=1633393842&sr=8-6
Horizon Forbidden West Launch Edition - PlayStation 5 ,69.99,,no reviews,out of stock,https://www.amazon.com/Horizon-Forbidden-West-Launch-PlayStation-5/dp/B09FBL24D5/ref=sr_1_7?dchild=1&keywords=Playstation+5&qid=1633393842&sr=8-7
Astria Ascending - PlayStation 5 ,39.99,,no reviews,out of stock,https://www.amazon.com/Astria-Ascending-PlayStation-5/dp/B0983ZBYP5/ref=sr_1_8?dchild=1&keywords=Playstation+5&qid=1633393842&sr=8-8
"Carrying Case for PS5 - Can hold Playstation 5 host ，Controller, Games, Accessories Shidewu ",33.99,4.2 out of 5 stars,33,out of stock,https://www.amazon.com/gp/slredirect/picassoRedirect.html/ref=pa_sp_mtf_aps_sr_pg1_1?ie=UTF8&adId=A02256001BM0VM7ORUUC0&url=%2FCarrying-Case-PS5-Playstation-%25EF%25BC%258CController-Accessories%2Fdp%2FB08T1D98Q6%2Fref%3Dsr_1_9_sspa%3Fdchild%3D1%26keywords%3DPlaystation%2B5%26qid%3D1633393842%26sr%3D8-9-spons%26psc%3D1%26smid%3DA2KBYB2NUQZQ0E&qualifier=1633393842&id=6299186889526003&widgetName=sp_mtf
Playstation VR Bundle Five Game Pack ,Not available,4.6 out of 5 stars,643,out of stock,https://www.amazon.com/Playstation-Bundle-Five-Game-Pack-4/dp/B07YLD3SHM/ref=sr_1_10?dchild=1&keywords=Playstation+5&qid=1633393842&sr=8-10
Play-Station 5 Disk Series Console with PS5 Madden-NFL22 & Tyler 2 in1 Screen Cleaner New Play Station 5 PS5 Console ,1067.0,no ratings,no reviews,Only 16 left in stock - order soon.,https://www.amazon.com/Play-Station-Console-Madden-NFL22-Cleaner-Station/dp/B09H3P1SLG/ref=sr_1_11?dchild=1&keywords=Playstation+5&qid=1633393842&sr=8-11
"PS5 Replacement Faceplate Cover, Housing Shell Case for Sony Playstation 5 Ultra HD/Digital Edition Console (Ultra HD, Red) ",29.99,4.6 out of 5 stars,111,out of stock,https://www.amazon.com/Replacement-Faceplate-Housing-Playstation-Digital/dp/B08V9BN1GT/ref=sr_1_12?dchild=1&keywords=Playstation+5&qid=1633393842&sr=8-12
Gran Turismo 7 Launch Edition - PlayStation 5 - PlayStation 5 ,69.99,,no reviews,out of stock,https://www.amazon.com/Gran-Turismo-Launch-PlayStation-5/dp/B09GSP5GS7/ref=sr_1_13?dchild=1&keywords=Playstation+5&qid=1633393842&sr=8-13
Play Station 5 Digital Series Console with Extra Cosmic RED Dual-Sense Controller & Tyler 2 in1 Screen Cleaner Package New PS5 Digital Console ,1029.0,no ratings,no reviews,out of stock,https://www.amazon.com/gp/slredirect/picassoRedirect.html/ref=pa_sp_mtf_aps_sr_pg1_1?ie=UTF8&adId=A070351412ELT1LA66DMJ&url=%2FStation-Digital-Console-Dual-Sense-Controller%2Fdp%2FB09HL4JD4K%2Fref%3Dsr_1_14_sspa%3Fdchild%3D1%26keywords%3DPlaystation%2B5%26qid%3D1633393842%26sr%3D8-14-spons%26psc%3D1&qualifier=1633393842&id=6299186889526003&widgetName=sp_mtf
Outcast 2 - PlayStation 5 - PlayStation 5 ,69.99,,no reviews,out of stock,https://www.amazon.com/Outcast-2-PlayStation-5/dp/B09H1XB2SG/ref=sr_1_15?dchild=1&keywords=Playstation+5&qid=1633393842&sr=8-15
SteelSeries Arctis 7P Wireless - Lossless 2.4 GHz Wireless Gaming Headset - for PlayStation 5 and PlayStation 4 - White - PlayStation 5 ,145.0,4.5 out of 5 stars,"18,999",out of stock,https://www.amazon.com/SteelSeries-Arctis-7P-Wireless-Lossless-PlayStation/dp/B08H4YMC22/ref=sr_1_16?dchild=1&keywords=Playstation+5&qid=1633393842&sr=8-16
Marvel's Spider-Man: Miles Morales Ultimate Launch Edition – PlayStation 5 ,69.99,4.8 out of 5 stars,"6,755",out of stock,https://www.amazon.com/Marvels-Spider-Man-Morales-Ultimate-Launch-PlayStation/dp/B08FC66ZV4/ref=sr_1_17?dchild=1&keywords=Playstation+5&qid=1633393842&sr=8-17
Ghost of Tsushima Director's Cut - PlayStation 5 ,69.99,4.9 out of 5 stars,198,out of stock,https://www.amazon.com/Ghost-Tsushima-Directors-Cut-PlayStation-5/dp/B098G34GBT/ref=sr_1_18?dchild=1&keywords=Playstation+5&qid=1633393842&sr=8-18
Play Station 5 Digital Console with MIGHTYSKINS Custom Console & Controller Skin Voucher New PS5 Digital Video Game Console Package ,997.0,no ratings,no reviews,out of stock,https://www.amazon.com/gp/slredirect/picassoRedirect.html/ref=pa_sp_btf_aps_sr_pg1_1?ie=UTF8&adId=A07036703FFYG0KFFGY3X&url=%2FStation-Digital-Console-MIGHTYSKINS-Controller%2Fdp%2FB09HL6F5F6%2Fref%3Dsr_1_19_sspa%3Fdchild%3D1%26keywords%3DPlaystation%2B5%26qid%3D1633393842%26sr%3D8-19-spons%26psc%3D1&qualifier=1633393842&id=6299186889526003&widgetName=sp_btf
"XPG GAMMIX S70 Blade 2TB PCIe Gen4 M.2 2280 Internal SSD Up to 7,400 MB/s (AGAMMIXS70B-2T-CS) ",329.99,4.5 out of 5 stars,415,out of stock,https://www.amazon.com/gp/slredirect/picassoRedirect.html/ref=pa_sp_btf_aps_sr_pg1_1?ie=UTF8&adId=A0278197253W7R6D1D5HR&url=%2FXPG-GAMMIX-Blade-Internal-AGAMMIXS70B-2T-CS%2Fdp%2FB093DNV47J%2Fref%3Dsr_1_20_sspa%3Fdchild%3D1%26keywords%3DPlaystation%2B5%26qid%3D1633393842%26sr%3D8-20-spons%26psc%3D1&qualifier=1633393842&id=6299186889526003&widgetName=sp_btf
Play Station 5 Digital Series Console with Extra Midnight Black Dual-Sense Controller & Tyler 2 in 1 Screen Cleaner Package New PS5 Digital Console ,1049.0,no ratings,no reviews,out of stock,https://www.amazon.com/gp/slredirect/picassoRedirect.html/ref=pa_sp_btf_aps_sr_pg1_1?ie=UTF8&adId=A009158722TQE3JJXXS2V&url=%2FStation-Digital-Midnight-Dual-Sense-Controller%2Fdp%2FB09HL3KTXS%2Fref%3Dsr_1_21_sspa%3Fdchild%3D1%26keywords%3DPlaystation%2B5%26qid%3D1633393842%26sr%3D8-21-spons%26psc%3D1%26smid%3DA5W45QDYAHWB2&qualifier=1633393842&id=6299186889526003&widgetName=sp_btf
MSI Gaming GeForce RTX 3060 Ti LHR Version Graphics Card 8GB GDDR6 PCIe 4.0 Dual-Fan Ampere Architecture Torx Fan 4.0 Zero Frozr 1 x HDMI 3x DisplayPort 1.4a w/ Mytrix_HDMI 2.1 Cable(4k@120Hz/8K@60Hz) ,899.99,5.0 out of 5 stars,1,Only 13 left in stock - order soon.,https://www.amazon.com/gp/slredirect/picassoRedirect.html/ref=pa_sp_atf_aps_sr_pg1_1?ie=UTF8&adId=A09382251XJX5VXDW3X7Y&url=%2FGraphics-Dual-Fan-Architecture-DisplayPort-Mytrix_HDMI%2Fdp%2FB09GHZGD5X%2Fref%3Dsr_1_1_sspa%3Fdchild%3D1%26keywords%3D3060%2BGraphics%2BCard%26qid%3D1633393844%26sr%3D8-1-spons%26psc%3D1&qualifier=1633393844&id=484432045613685&widgetName=sp_atf
MSI Gaming GeForce RTX 3060 Ti LHR Version Graphics Card 8GB GDDR6 PCIe 4.0 Dual-Fan Ampere Architecture Torx Fan 4.0 Zero Frozr 1 x HDMI 3X DisplayPort 1.4a w/ Mytrix_HDMI Cable ,899.99,,no reviews,Only 13 left in stock - order soon.,https://www.amazon.com/gp/slredirect/picassoRedirect.html/ref=pa_sp_atf_aps_sr_pg1_1?ie=UTF8&adId=A0938069PIBGUJ2TGPAS&url=%2FGraphics-Dual-Fan-Architecture-DisplayPort-Mytrix_HDMI%2Fdp%2FB09GJ5GXV7%2Fref%3Dsr_1_2_sspa%3Fdchild%3D1%26keywords%3D3060%2BGraphics%2BCard%26qid%3D1633393844%26sr%3D8-2-spons%26psc%3D1&qualifier=1633393844&id=484432045613685&widgetName=sp_atf
MSI Gaming GeForce RTX 3060 12GB 15 Gbps GDRR6 192-Bit HDMI/DP PCIe 4 Twin-Frozr Torx Fan Ampere RGB OC Graphics Card (RTX 3060 Gaming X 12G) ,Not available,4.4 out of 5 stars,160,out of stock,https://www.amazon.com/MSI-GeForce-RTX-3060-12G/dp/B08WPJ5P4R/ref=sr_1_3?dchild=1&keywords=3060+Graphics+Card&qid=1633393844&sr=8-3
"ASUS TUF Gaming NVIDIA GeForce RTX 3060 OC Edition Graphics Card (PCIe 4.0, 12GB GDDR6, HDMI 2.1, DisplayPort 1.4a, Dual Ball Fan Bearings, Military-Grade Certification, GPU Tweak II) ",Not available,4.5 out of 5 stars,202,out of stock,https://www.amazon.com/ASUS-Graphics-DisplayPort-Military-Grade-Certification/dp/B08WHJPBFX/ref=sr_1_4?dchild=1&keywords=3060+Graphics+Card&qid=1633393844&sr=8-4
MSI Gaming GeForce RTX 3060 12GB 15 Gbps GDRR6 192-Bit HDMI/DP PCIe 4 Torx Twin Fan Ampere OC Graphics Card (RTX 3060 Ventus 2X 12G OC) ,Not available,4.2 out of 5 stars,85,out of stock,https://www.amazon.com/MSI-GeForce-RTX-3060-12G/dp/B08WPRMVWB/ref=sr_1_5?dchild=1&keywords=3060+Graphics+Card&qid=1633393844&sr=8-5
"ASUS ROG Strix NVIDIA GeForce RTX 3060 OC Edition Gaming Graphics Card (PCIe 4.0, 12GB GDDR6, HDMI 2.1, DisplayPort 1.4a, Axial-tech Fan Design, 2.7-Slot, Super Alloy Power II, GPU Tweak II) ",Not available,4.6 out of 5 stars,115,out of stock,https://www.amazon.com/ASUS-Graphics-DisplayPort-Axial-tech-2-7-Slot/dp/B08WGTL4CW/ref=sr_1_6?dchild=1&keywords=3060+Graphics+Card&qid=1633393844&sr=8-6
MSI NVIDIA GeForce RTX 3060 Gaming X LED 12GB GDDR6 VRAM Graphics Card Dual TORX 4.0 Fans 3584 CUDA Cores RGB Mystic Light PCIe 4.0 1xHDMI 3X DisplayPort 1.4a Mazepoly Accessories ,869.0,,no reviews,Only 7 left in stock - order soon.,https://www.amazon.com/MSI-Graphics-DisplayPort-Mazepoly-Accessories/dp/B09GZHNKBP/ref=sr_1_7?dchild=1&keywords=3060+Graphics+Card&qid=1633393844&sr=8-7
"ZOTAC Gaming GeForce RTX 3060 Twin Edge OC 12GB GDDR6 192-bit 15 Gbps PCIE 4.0 Gaming Graphics Card, IceStorm 2.0 Cooling, Active Fan Control, Freeze Fan Stop ZT-A30600H-10M ",798.0,4.4 out of 5 stars,272,Only 12 left in stock - order soon.,https://www.amazon.com/ZOTAC-GeForce-Graphics-IceStorm-ZT-A30600H-10M/dp/B08W8DGK3X/ref=sr_1_8?dchild=1&keywords=3060+Graphics+Card&qid=1633393844&sr=8-8
"ASUS TUF Gaming NVIDIA GeForce RTX 3060 V2 OC Edition Graphics Card (PCIe 4.0, 12GB GDDR6, HDMI 2.1, DisplayPort 1.4a, Dual Ball Fan Bearings, Military-Grade Certification, GPU Tweak II) ",849.99,4.6 out of 5 stars,6,Only 1 left in stock - order soon.,https://www.amazon.com/ASUS-Graphics-DisplayPort-Military-Grade-Certification/dp/B0985VND1G/ref=sr_1_9?dchild=1&keywords=3060+Graphics+Card&qid=1633393844&sr=8-9
MSI Gaming GeForce RTX 3060 12GB 15 Gbps GDRR6 192-Bit HDMI/DP PCIe 4 Tri-Frozr Torx Fan Ampere RGB OC Graphics Card (RTX 3060 Gaming X Trio 12G) ,Not available,4.2 out of 5 stars,29,out of stock,https://www.amazon.com/MSI-GeForce-192-Bit-Tri-Frozr-Graphics/dp/B08WT47L8B/ref=sr_1_10?dchild=1&keywords=3060+Graphics+Card&qid=1633393844&sr=8-10
"GIGABYTE Eagle GeForce RTX 3060 Ti Rev2.0 Graphics Card 8GB GDDR6 PCI Express 4.0 x16, LHR, WINDFORCE 2X Cooling RGB Fusion 2.0, 2X HDMI 2X DisplayPort w/ Mytrix_ HDMI 2.1 Cable(4k@120Hz/8K@60Hz) ",899.99,,no reviews,Only 6 left in stock - order soon.,https://www.amazon.com/gp/slredirect/picassoRedirect.html/ref=pa_sp_mtf_aps_sr_pg1_1?ie=UTF8&adId=A07142601AXRMG89BIE4T&url=%2FGIGABYTE-GeForce-Graphics-WINDFORCE-DisplayPort%2Fdp%2FB09DR6D4MK%2Fref%3Dsr_1_11_sspa%3Fdchild%3D1%26keywords%3D3060%2BGraphics%2BCard%26qid%3D1633393844%26sr%3D8-11-spons%26psc%3D1&qualifier=1633393844&id=484432045613685&widgetName=sp_mtf
MSI Gaming GeForce RTX 3060 Ti LHR Version Graphics Card 8GB GDDR6 PCIe 4.0 Dual-Fan Ampere Architecture Torx Fan 4.0 Zero Frozr 1 x HDMI 3x DisplayPort 1.4a w/ Mytrix_HDMI 2.1 Cable(4k@120Hz/8K@60Hz) ,899.99,5.0 out of 5 stars,1,Only 13 left in stock - order soon.,https://www.amazon.com/Graphics-Dual-Fan-Architecture-DisplayPort-Mytrix_HDMI/dp/B09GHZGD5X/ref=sr_1_12?dchild=1&keywords=3060+Graphics+Card&qid=1633393844&sr=8-12
"ASUS Dual NVIDIA GeForce RTX 3060 OC Edition Gaming Graphics Card (PCIe 4.0, 12GB GDDR6 Memory, HDMI 2.1, DisplayPort 1.4a, 2-Slot Design, Axial-tech Fan Design, 0dB Technology, and More ",Not available,4.6 out of 5 stars,30,out of stock,https://www.amazon.com/ASUS-Graphics-DisplayPort-Axial-tech-Technology/dp/B08XNLLPY7/ref=sr_1_13?dchild=1&keywords=3060+Graphics+Card&qid=1633393844&sr=8-13
"ZOTAC Gaming GeForce RTX 3060 Twin Edge 12GB GDDR6 192-bit 15 Gbps PCIE 4.0 Gaming Graphics Card, IceStorm 2.0 Cooling, Active Fan Control, Freeze Fan Stop, ZT-A30600E-10M ",818.0,4.2 out of 5 stars,33,out of stock,https://www.amazon.com/ZOTAC-GeForce-Graphics-IceStorm-ZT-A30600E-10M/dp/B08ZZW34T3/ref=sr_1_14?dchild=1&keywords=3060+Graphics+Card&qid=1633393844&sr=8-14
"GIGABYTE Eagle GeForce RTX 3060 Ti Rev2.0 Graphics Card 8GB GDDR6 PCI Express 4.0 x16, LHR, WINDFORCE 2X Cooling RGB Fusion 2.0, 2X HDMI 2X DisplayPort w/ Mytrix_ HDMI Cable ",899.99,1.0 out of 5 stars,1,Only 5 left in stock - order soon.,https://www.amazon.com/GIGABYTE-GeForce-Graphics-WINDFORCE-DisplayPort/dp/B09DRPQ76K/ref=sr_1_15?dchild=1&keywords=3060+Graphics+Card&qid=1633393844&sr=8-15
"GIGABYTE Eagle GeForce RTX 3060 Ti Rev2.0 Graphics Card 8GB GDDR6 PCI Express 4.0 x16, LHR, WINDFORCE 2X Cooling RGB Fusion 2.0, 2X HDMI 2X DisplayPort w/ Mytrix_ HDMI Cable ",899.99,1.0 out of 5 stars,1,Only 5 left in stock - order soon.,https://www.amazon.com/gp/slredirect/picassoRedirect.html/ref=pa_sp_mtf_aps_sr_pg1_1?ie=UTF8&adId=A07143601OQAQTZ0HOQFM&url=%2FGIGABYTE-GeForce-Graphics-WINDFORCE-DisplayPort%2Fdp%2FB09DRPQ76K%2Fref%3Dsr_1_16_sspa%3Fdchild%3D1%26keywords%3D3060%2BGraphics%2BCard%26qid%3D1633393844%26sr%3D8-16-spons%26psc%3D1%26smid%3DA1Z8HN9APE8NTZ&qualifier=1633393844&id=484432045613685&widgetName=sp_mtf
MSI Gaming GeForce RTX 3060 12GB 15 Gbps GDRR6 192-Bit HDMI/DP PCIe 4 Torx Triple Fan Ampere OC Graphics Card (RTX 3060 Ventus 3X 12G OC) ,Not available,3.9 out of 5 stars,9,out of stock,https://www.amazon.com/MSI-RTX-3060-OC-12G/dp/B08WTFG5BX/ref=sr_1_17?dchild=1&keywords=3060+Graphics+Card&qid=1633393844&sr=8-17
"GIGABYTE GeForce RTX 3060 Gaming OC 12G Graphics Card, 3X WINDFORCE Fans, 12GB 192-bit GDDR6, GV-N3060GAMING OC-12GD Video Card ",970.0,4.2 out of 5 stars,40,Only 8 left in stock - order soon.,https://www.amazon.com/GIGABYTE-GeForce-Graphics-WINDFORCE-GV-N3060GAMING/dp/B08X4V8N5Q/ref=sr_1_18?dchild=1&keywords=3060+Graphics+Card&qid=1633393844&sr=8-18
MSI NVIDIA GeForce RTX 3060 Ti Gaming X LHR 8GB GDDR6 VRAM Graphics Card X RGB Dual TORX 4.0 Fans 4864 CUDA Cores PCIe 4.0 x 16 DirectX 12 3 x DisplayPort 1 x HDMI Mazepoly Accessory ,929.0,,no reviews,out of stock,https://www.amazon.com/MSI-Graphics-DisplayPort-Mazepoly-Accessory/dp/B09FVLSNZ2/ref=sr_1_19?dchild=1&keywords=3060+Graphics+Card&qid=1633393844&sr=8-19
"ASUS Phoenix NVIDIA GeForce RTX 3060 Gaming Graphics Card (PCIe 4.0, 12GB GDDR6 Memory, HDMI 2.1, DisplayPort 1.4a, Axial-tech Fan Design, Protective Backplate, Dual Ball Fan Bearings) ",Not available,5.0 out of 5 stars,10,out of stock,https://www.amazon.com/ASUS-DisplayPort-Axial-tech-Protective-Backplate/dp/B096L2R3GP/ref=sr_1_20?dchild=1&keywords=3060+Graphics+Card&qid=1633393844&sr=8-20
"GIGABYTE Eagle GeForce RTX 3070 Graphics Card Rev2.0 8GB GDDR6 PCI Express 4.0 x16, LHR, WINDFORCE 3X Cooling, RGB Fusion 2.0 3D Active Fan, 2X HDMI 2.1 2X DisplayPort 1.4a w/ Mytrix_ HDMI Cable ",1249.99,,no reviews,Only 6 left in stock - order soon.,https://www.amazon.com/gp/slredirect/picassoRedirect.html/ref=pa_sp_btf_aps_sr_pg1_1?ie=UTF8&adId=A09480181YJMK5LQYK87&url=%2FGIGABYTE-GeForce-Graphics-WINDFORCE-DisplayPort%2Fdp%2FB09CS1BJW9%2Fref%3Dsr_1_21_sspa%3Fdchild%3D1%26keywords%3D3060%2BGraphics%2BCard%26qid%3D1633393844%26sr%3D8-21-spons%26psc%3D1&qualifier=1633393844&id=484432045613685&widgetName=sp_btf
"GIGABYTE Eagle GeForce RTX 3070 Graphics Card Rev2.0 8GB GDDR6 PCIe 4.0 x16, LHR, WINDFORCE 3X Cooling RGB Fusion 2.0, 2X HDMI 2.1 2X DisplayPort 1.4a w/ Mytrix HDMI 2.1 Cable(4k@120Hz/8K@60Hz) ",1249.99,,no reviews,Only 4 left in stock - order soon.,https://www.amazon.com/gp/slredirect/picassoRedirect.html/ref=pa_sp_btf_aps_sr_pg1_1?ie=UTF8&adId=A09478622Z8RGUQCGYNTT&url=%2FGIGABYTE-GeForce-Graphics-WINDFORCE-DisplayPort%2Fdp%2FB09CS2YXTY%2Fref%3Dsr_1_22_sspa%3Fdchild%3D1%26keywords%3D3060%2BGraphics%2BCard%26qid%3D1633393844%26sr%3D8-22-spons%26psc%3D1&qualifier=1633393844&id=484432045613685&widgetName=sp_btf
"GIGABYTE Eagle GeForce RTX 3070 Graphics Card Rev2.0 8GB GDDR6 PCIe 4.0 x16, LHR, WINDFORCE 3X Cooling RGB Fusion 2.0, 2X HDMI 2.1 2X DisplayPort 1.4a w/ Mytrix HDMI 2.1 Cable(4k@120Hz/8K@60Hz) ",1249.99,,no reviews,Only 4 left in stock - order soon.,https://www.amazon.com/gp/slredirect/picassoRedirect.html/ref=pa_sp_atf_aps_sr_pg1_1?ie=UTF8&adId=A09735253033BXVTP1XB&url=%2FGIGABYTE-GeForce-Graphics-WINDFORCE-DisplayPort%2Fdp%2FB09CS2YXTY%2Fref%3Dsr_1_1_sspa%3Fdchild%3D1%26keywords%3D3070%2BGraphics%2BCard%26qid%3D1633393845%26sr%3D8-1-spons%26psc%3D1&qualifier=1633393845&id=6653941944924609&widgetName=sp_atf
"GIGABYTE GeForce RTX 3070 Gaming OC REV2.0 Graphics Card, 8G 256-bit GDDR6, PCIe 4.0 x16, 3X WINDFORCE Fans, Lite Hash Rate Version, RGB Fusion 2.0, 2X HDMI 2X DisplayPort w/ Mytrix_HDMI Cable ",1299.99,,no reviews,Only 2 left in stock - order soon.,https://www.amazon.com/gp/slredirect/picassoRedirect.html/ref=pa_sp_atf_aps_sr_pg1_1?ie=UTF8&adId=A08745942P5NPE0W9TM82&url=%2FGIGABYTE-Graphics-WINDFORCE-DisplayPort-Mytrix_HDMI%2Fdp%2FB09G998SNG%2Fref%3Dsr_1_2_sspa%3Fdchild%3D1%26keywords%3D3070%2BGraphics%2BCard%26qid%3D1633393845%26sr%3D8-2-spons%26psc%3D1&qualifier=1633393845&id=6653941944924609&widgetName=sp_atf
2021 Newst GeForce RTX 3070 Founders Edition Graphics Card 8GB GDDR6 PCI Express 4.0 Graphics Card - Dark Platinum and Black+ AllyFlex HDMI ,1599.97,4.6 out of 5 stars,11,Only 2 left in stock - order soon.,https://www.amazon.com/GeForce-3070-Founders-Graphics-Express/dp/B092C6MHMX/ref=sr_1_3?dchild=1&keywords=3070+Graphics+Card&qid=1633393845&sr=8-3
"ASUS TUF Gaming NVIDIA GeForce RTX 3070 OC Edition Graphics Card- PCIe 4.0, 8GB GDDR6, HDMI 2.1 , DisplayPort 1.4a, Dual Ball Fan Bearings ",Not available,4.7 out of 5 stars,283,out of stock,https://www.amazon.com/ASUS-GeForce-Graphics-DisplayPort-Bearings/dp/B08L8KC1J7/ref=sr_1_4?dchild=1&keywords=3070+Graphics+Card&qid=1633393845&sr=8-4
"GIGABYTE Eagle GeForce RTX 3070 Graphics Card Rev2.0 8GB GDDR6 PCIe 4.0 x16, LHR, WINDFORCE 3X Cooling RGB Fusion 2.0, 2X HDMI 2.1 2X DisplayPort 1.4a w/ Mytrix HDMI 2.1 Cable(4k@120Hz/8K@60Hz) ",1249.99,,no reviews,Only 4 left in stock - order soon.,https://www.amazon.com/GIGABYTE-GeForce-Graphics-WINDFORCE-DisplayPort/dp/B09CS2YXTY/ref=sr_1_5?dchild=1&keywords=3070+Graphics+Card&qid=1633393845&sr=8-5
MSI Gaming GeForce RTX 3070 LHR 8GB GDRR6 256-Bit HDMI/DP Nvlink Torx Fan 4 RGB Ampere Architecture OC Graphics Card (RTX 3070 Gaming Z Trio 8G LHR) ,1277.9,4.0 out of 5 stars,1,out of stock,https://www.amazon.com/MSI-GeForce-RTX-3070-Architecture/dp/B097MYTZMW/ref=sr_1_6?dchild=1&keywords=3070+Graphics+Card&qid=1633393845&sr=8-6
"GIGABYTE GeForce RTX 3070 OC REV2.0 Graphics Card 8G 256-bit GDDR6, PCIe 4.0 x16, 3X WINDFORCE Fans, LHR Version, RGB Fusion 2.0, 2X HDMI 2X DisplayPort w/ Mytrix_HDMI 2.1 Cable(4k@120Hz/8K@60Hz) ",1299.99,,no reviews,Only 5 left in stock - order soon.,https://www.amazon.com/GIGABYTE-Graphics-WINDFORCE-DisplayPort-Mytrix_HDMI/dp/B09G96CTJ2/ref=sr_1_7?dchild=1&keywords=3070+Graphics+Card&qid=1633393845&sr=8-7
ZOTAC GAMING GeForce RTX 3070 AMP Holo 8GB GDDR6 256-bit 14 Gbps PCIE 4.0 Gaming Graphics Card ,1649.99,3.5 out of 5 stars,7,Only 2 left in stock - order soon.,https://www.amazon.com/ZOTAC-GAMING-GeForce-256-bit-Graphics/dp/B08W44ZLRP/ref=sr_1_8?dchild=1&keywords=3070+Graphics+Card&qid=1633393845&sr=8-8
"Gigabyte GeForce RTX 3070 OC Graphics Card, 8GB 256-bit GDDR6, PCI Express 4.0, 3X WINDFORCE Fans, Protection Metal Back Plate, 2 x HDMI 2.1 2 x DisplayPort 1.4a w/ Mytrix HDMI Cable ",1609.99,3.9 out of 5 stars,16,Only 5 left in stock - order soon.,https://www.amazon.com/Gigabyte-Graphics-WINDFORCE-Protection-DisplayPort/dp/B08WJJNT2R/ref=sr_1_9?dchild=1&keywords=3070+Graphics+Card&qid=1633393845&sr=8-9
MSI Gaming GeForce RTX 3070 8GB GDDR6 PCI Express 4.0 x16 ATX Video Card RTX 3070 Gaming Z Trio LHR ,Not available,3.9 out of 5 stars,16,out of stock,https://www.amazon.com/MSI-GeForce-RTX-3070-Express/dp/B0956WYQ1B/ref=sr_1_10?dchild=1&keywords=3070+Graphics+Card&qid=1633393845&sr=8-10
"GIGABYTE Eagle GeForce RTX 3070 Graphics Card Rev2.0 8GB GDDR6 PCI Express 4.0 x16, LHR, WINDFORCE 3X Cooling, RGB Fusion 2.0 3D Active Fan, 2X HDMI 2.1 2X DisplayPort 1.4a w/ Mytrix_ HDMI Cable ",1249.99,,no reviews,Only 6 left in stock - order soon.,https://www.amazon.com/gp/slredirect/picassoRedirect.html/ref=pa_sp_mtf_aps_sr_pg1_1?ie=UTF8&adId=A09736811Y46GRDMP1I0S&url=%2FGIGABYTE-GeForce-Graphics-WINDFORCE-DisplayPort%2Fdp%2FB09CS1BJW9%2Fref%3Dsr_1_11_sspa%3Fdchild%3D1%26keywords%3D3070%2BGraphics%2BCard%26qid%3D1633393845%26sr%3D8-11-spons%26psc%3D1&qualifier=1633393845&id=6653941944924609&widgetName=sp_mtf
"ASUS TUF Gaming NVIDIA GeForce RTX 3070 Ti OC Edition Graphics Card (PCIe 4.0, 8GB GDDR6X, HDMI 2.1, DisplayPort 1.4a, Dual Ball Fan Bearings, Military-Grade Certification, GPU Tweak II) ",Not available,4.5 out of 5 stars,12,out of stock,https://www.amazon.com/ASUS-Graphics-DisplayPort-Military-Grade-Certification/dp/B096YPLGHG/ref=sr_1_12?dchild=1&keywords=3070+Graphics+Card&qid=1633393845&sr=8-12
MSI Gaming GeForce RTX 3070 Ti 8GB GDRR6X 256-Bit HDMI/DP Nvlink Torx Fan 3 Ampere Architecture OC Graphics Card (RTX 3070 Ti Gaming X Trio 8G) ,Not available,4.5 out of 5 stars,25,out of stock,https://www.amazon.com/MSI-Gaming-RTX-3070-Trio/dp/B096HJC18P/ref=sr_1_13?dchild=1&keywords=3070+Graphics+Card&qid=1633393845&sr=8-13
MSI Gaming GeForce RTX 3070 LHR 8GB GDRR6 256-Bit HDMI/DP Nvlink Triple Torx Fan 3 Ampere Architecture OC Graphics Card (RTX 3070 Ventus 3X 8G OC LHR) ,1199.0,,no reviews,Only 20 left in stock - order soon.,https://www.amazon.com/MSI-RTX-3070-LHR-Ventus/dp/B099NZHTQL/ref=sr_1_14?dchild=1&keywords=3070+Graphics+Card&qid=1633393845&sr=8-14
"GIGABYTE AORUS GeForce RTX 3070 Ti Master 8G Graphics Card, MAX-Covered Cooling, 8GB 256-bit GDDR6X, GV-N307TAORUS M-8GD Video Card ",Not available,4.0 out of 5 stars,4,out of stock,https://www.amazon.com/GIGABYTE-Graphics-MAX-Covered-GV-N307TAORUS-M-8GD/dp/B097GMHNCT/ref=sr_1_15?dchild=1&keywords=3070+Graphics+Card&qid=1633393845&sr=8-15
"GIGABYTE GeForce RTX 3070 OC REV2.0 Graphics Card 8G 256-bit GDDR6, PCIe 4.0 x16, 3X WINDFORCE Fans, LHR Version, RGB Fusion 2.0, 2X HDMI 2X DisplayPort w/ Mytrix_HDMI 2.1 Cable(4k@120Hz/8K@60Hz) ",1299.99,,no reviews,Only 5 left in stock - order soon.,https://www.amazon.com/gp/slredirect/picassoRedirect.html/ref=pa_sp_mtf_aps_sr_pg1_1?ie=UTF8&adId=A08744381UBVVOIXAN4QM&url=%2FGIGABYTE-Graphics-WINDFORCE-DisplayPort-Mytrix_HDMI%2Fdp%2FB09G96CTJ2%2Fref%3Dsr_1_16_sspa%3Fdchild%3D1%26keywords%3D3070%2BGraphics%2BCard%26qid%3D1633393845%26sr%3D8-16-spons%26psc%3D1&qualifier=1633393845&id=6653941944924609&widgetName=sp_mtf
"ZOTAC Gaming GeForce RTX 3070 Ti AMP Holo 8GB GDDR6X 256-bit 19 Gbps PCIE 4.0 Gaming Graphics Card, HoloBlack, IceStorm 2.0 Advanced Cooling, Spectra 2.0 RGB Lighting, ZT-A30710F-10P ",Not available,4.4 out of 5 stars,60,out of stock,https://www.amazon.com/ZOTAC-Graphics-HoloBlack-IceStorm-ZT-A30710F-10P/dp/B096TZHXYN/ref=sr_1_17?dchild=1&keywords=3070+Graphics+Card&qid=1633393845&sr=8-17
"GIGABYTE GeForce RTX 3070 Ti Gaming OC 8G Graphics Card, WINDFORCE 3X Cooling System, 8GB 256-bit GDDR6X, GV-N307TGAMING OC-8GD Video Card ",Not available,5.0 out of 5 stars,3,out of stock,https://www.amazon.com/GIGABYTE-Graphics-WINDFORCE-GV-N307TGAMING-OC-8GD/dp/B097G7RBSZ/ref=sr_1_18?dchild=1&keywords=3070+Graphics+Card&qid=1633393845&sr=8-18
"GIGABYTE Eagle GeForce RTX 3070 Graphics Card Rev2.0 8GB GDDR6 PCI Express 4.0 x16, LHR, WINDFORCE 3X Cooling, RGB Fusion 2.0 3D Active Fan, 2X HDMI 2.1 2X DisplayPort 1.4a w/ Mytrix_ HDMI Cable ",1249.99,,no reviews,Only 6 left in stock - order soon.,https://www.amazon.com/GIGABYTE-GeForce-Graphics-WINDFORCE-DisplayPort/dp/B09CS1BJW9/ref=sr_1_19?dchild=1&keywords=3070+Graphics+Card&qid=1633393845&sr=8-19
MSI Gaming X Trio GeForce RTX 3070 Ti OC Graphics Card 8GB GDRR6X 256-Bit PCIe 4.0 x16 Triple-Fan TRI FROZR 2 Ampere Architecture 1x HDMI 2.1 3X DisplayPort 1.4a w/ Mytrix_ HDMI Cable ,1649.99,1.0 out of 5 stars,1,Only 5 left in stock - order soon.,https://www.amazon.com/GeForce-Graphics-Triple-Fan-Architecture-DisplayPort/dp/B09D17W92Y/ref=sr_1_20?dchild=1&keywords=3070+Graphics+Card&qid=1633393845&sr=8-20
ASUS Dual GeForce RTX 3070 Non-LHR Graphics Card 8GB GDDR6 PCI Express 4.0 Ampere Streaming Multiprocessors 2X HDMI 2.1 3X DisplayPort 1.4a w/ Mytrix_HDMI Cable - OEM Package (Renewed) ,1614.99,,no reviews,Only 2 left in stock - order soon.,https://www.amazon.com/gp/slredirect/picassoRedirect.html/ref=pa_sp_btf_aps_sr_pg1_1?ie=UTF8&adId=A06439102F0U6WO7INTUS&url=%2FGraphics-Streaming-Multiprocessors-DisplayPort-Mytrix_HDMI%2Fdp%2FB09H3QSGYX%2Fref%3Dsr_1_21_sspa%3Fdchild%3D1%26keywords%3D3070%2BGraphics%2BCard%26qid%3D1633393845%26sr%3D8-21-spons%26psc%3D1&qualifier=1633393845&id=6653941944924609&widgetName=sp_btf
"EVGA GeForce RTX 3070 FTW3 Ultra Graphics Card, 8GB GDDR6, PCI Express 4.0, iCX3 Technology, ARGB LED, Metal Backplate, 1 x HDMI 2.1 3 x DisplayPort 1.4a w/ Mytrix HDMI 2.1 Cable(4k@120Hz/8K@60Hz) ",1649.99,2.0 out of 5 stars,8,Only 2 left in stock - order soon.,https://www.amazon.com/gp/slredirect/picassoRedirect.html/ref=pa_sp_btf_aps_sr_pg1_1?ie=UTF8&adId=A006569431D5I3MNEET4U&url=%2FGeForce-Graphics-Technology-Backplate-DisplayPort%2Fdp%2FB08ZQ3ZH5W%2Fref%3Dsr_1_22_sspa%3Fdchild%3D1%26keywords%3D3070%2BGraphics%2BCard%26qid%3D1633393845%26sr%3D8-22-spons%26psc%3D1&qualifier=1633393845&id=6653941944924609&widgetName=sp_btf
MSI Gaming GeForce RTX 3080 OC Ventus 3X LHR Graphics Card 10GB GDRR6X 320-Bit PCI Express 4.0 x16 Torx Fan 3 Ampere Architecture 1x HDMI 2.1 3X DisplayPort 1.4a w/ Mytrix_HDMI Cable ,1799.99,,no reviews,Only 2 left in stock - order soon.,https://www.amazon.com/gp/slredirect/picassoRedirect.html/ref=pa_sp_atf_aps_sr_pg1_1?ie=UTF8&adId=A041856926RAC45ZY6PRD&url=%2FGeForce-Graphics-Architecture-DisplayPort-Mytrix_HDMI%2Fdp%2FB09GSD99MW%2Fref%3Dsr_1_1_sspa%3Fdchild%3D1%26keywords%3D3080%2BGraphics%2BCard%26qid%3D1633393847%26sr%3D8-1-spons%26psc%3D1&qualifier=1633393847&id=1595198391419280&widgetName=sp_atf
ASUS TUF Gaming GeForce RTX 3080 Ti OC Graphics Card 12GB GDDR6X PCIe 4.0  Dual Ball Fan Bearings Axial-Tech Fan Design 2X HDMI 2.1 3X DisplayPort 1.4a w/ Mytrix HDMI 2.1 Cable(4k@120Hz/8K@60Hz) ,2549.99,1.0 out of 5 stars,1,Only 1 left in stock - order soon.,https://www.amazon.com/gp/slredirect/picassoRedirect.html/ref=pa_sp_atf_aps_sr_pg1_1?ie=UTF8&adId=A0368250TFAWJWFPKVV6&url=%2FGeForce-Graphics-Bearings-Axial-Tech-DisplayPort%2Fdp%2FB097NF8LZ7%2Fref%3Dsr_1_2_sspa%3Fdchild%3D1%26keywords%3D3080%2BGraphics%2BCard%26qid%3D1633393847%26sr%3D8-2-spons%26psc%3D1&qualifier=1633393847&id=1595198391419280&widgetName=sp_atf
MSI Gaming GeForce RTX 3080 LHR 10GB GDRR6X 320-Bit HDMI/DP Nvlink Torx Fan 4 RGB Ampere Architecture OC Graphics Card (RTX 3080 Gaming Z Trio 10G LHR) ,1849.0,4.1 out of 5 stars,6,Only 2 left in stock - order soon.,https://www.amazon.com/MSI-GeForce-RTX-3080-LHR/dp/B0995S7548/ref=sr_1_3?dchild=1&keywords=3080+Graphics+Card&qid=1633393847&sr=8-3
"EV GA GeForce RTX 3080 XC3 Black Gaming Video Card, 10G-P5-3881-KL, 10GB GDDR6X, iCX3 Cooling, ARGB LED, LHR ",1795.95,3.0 out of 5 stars,2,Only 1 left in stock - order soon.,https://www.amazon.com/GeForce-Gaming-10G-P5-3881-KL-GDDR6X-Cooling/dp/B09CLX9JB9/ref=sr_1_4?dchild=1&keywords=3080+Graphics+Card&qid=1633393847&sr=8-4
MSI Gaming GeForce RTX 3080 10GB GDRR6X 320-Bit HDMI/DP 1920 MHz Ampere Architecture OC Graphics Card (RTX 3080 Suprim X 10G) ,Not available,4.4 out of 5 stars,65,out of stock,https://www.amazon.com/MSI-RTX-3080-Architecture-10G/dp/B08QW8BKDV/ref=sr_1_5?dchild=1&keywords=3080+Graphics+Card&qid=1633393847&sr=8-5
MSI Gaming GeForce RTX 3080 10GB GDDR6X PCI Express 4.0 x16 ATX Video Card RTX 3080 Gaming Z Trio 10G ,Not available,3.5 out of 5 stars,14,out of stock,https://www.amazon.com/MSI-GeForce-RTX-3080-10G/dp/B0932CTHP6/ref=sr_1_6?dchild=1&keywords=3080+Graphics+Card&qid=1633393847&sr=8-6
MSI Gaming GeForce RTX 3080 LHR 10GB GDRR6X 320-Bit HDMI/DP Nvlink Torx Fan 3 Ampere Architecture OC Graphics Card (RTX 3080 Ventus 3X 10G OC LHR) ,Not available,3.4 out of 5 stars,3,out of stock,https://www.amazon.com/MSI-GeForce-RTX-3080-LHR/dp/B0987CCX66/ref=sr_1_7?dchild=1&keywords=3080+Graphics+Card&qid=1633393847&sr=8-7
"ZOTAC Gaming GeForce RTX 3080 Ti AMP Holo 12GB GDDR6X 384-bit 19 Gbps PCIE 4.0 Gaming Graphics Card, HoloBlack, IceStorm 2.0 Advanced Cooling, Spectra 2.0 RGB Lighting, ZT-A30810F-10P ",2089.0,4.0 out of 5 stars,18,Only 3 left in stock - order soon.,https://www.amazon.com/ZOTAC-Graphics-HoloBlack-IceStorm-ZT-A30810F-10P/dp/B08V1ZWGVR/ref=sr_1_8?dchild=1&keywords=3080+Graphics+Card&qid=1633393847&sr=8-8
New 2021 GeForce RTX 3080 Ti 12GB GDDR6X PCI Express 4.0 Graphics Card Titanium and Black ,1988.24,4.0 out of 5 stars,23,Only 1 left in stock - order soon.,https://www.amazon.com/GeForce-GDDR6X-Express-Graphics-Titanium/dp/B096L83WV8/ref=sr_1_9?dchild=1&keywords=3080+Graphics+Card&qid=1633393847&sr=8-9
"ASUS TUF Gaming NVIDIA GeForce RTX 3080 Ti OC Edition Graphics Card (PCIe 4.0, 12GB GDDR6X, HDMI 2.1, DisplayPort 1.4a, Dual Ball Fan Bearings, Military-Grade Certification, GPU Tweak II) ",Not available,3.9 out of 5 stars,21,out of stock,https://www.amazon.com/ASUS-Graphics-DisplayPort-Military-Grade-Certification/dp/B096L3GLYS/ref=sr_1_10?dchild=1&keywords=3080+Graphics+Card&qid=1633393847&sr=8-10
"MSI Gaming GeForce RTX 3080 Ti OC Gaming Trio X Graphics Card, 12GB GDRR6X 320-Bit PCIe 4.0, Torx Fan 4.0 Ampere Architecture, DisplayPort x3 (v1.4) HDMI x1 w/ Mytrix_HDMI 2.1 Cable(4k@120Hz/8K@60Hz) ",2299.99,,no reviews,Only 4 left in stock - order soon.,https://www.amazon.com/gp/slredirect/picassoRedirect.html/ref=pa_sp_mtf_aps_sr_pg1_1?ie=UTF8&adId=A07477961TKLYFWZ5QCZF&url=%2FGeForce-Graphics-Architecture-DisplayPort-Mytrix_HDMI%2Fdp%2FB09GPX5SQJ%2Fref%3Dsr_1_11_sspa%3Fdchild%3D1%26keywords%3D3080%2BGraphics%2BCard%26qid%3D1633393847%26sr%3D8-11-spons%26psc%3D1&qualifier=1633393847&id=1595198391419280&widgetName=sp_mtf
"ZOTAC Gaming GeForce RTX 3080 Trinity OC LHR 10GB GDDR6X 320-bit 19 Gbps PCIE 4.0 Gaming Graphics Card, IceStorm 2.0 Advanced Cooling, Spectra 2.0 RGB Lighting, ZT-A30800J-10PLHR ",Not available,4.7 out of 5 stars,9,out of stock,https://www.amazon.com/ZOTAC-Graphics-IceStorm-Advanced-ZT-A30800J-10PLHR/dp/B099ZCG8T5/ref=sr_1_12?dchild=1&keywords=3080+Graphics+Card&qid=1633393847&sr=8-12
"MSI Gaming GeForce RTX 3080 Ti OC Gaming Trio X Graphics Card, 12GB GDRR6X 320-Bit PCIe 4.0, Torx Fan 4.0 Ampere Architecture, DisplayPort x3 (v1.4) HDMI x1 w/ Mytrix_HDMI 2.1 Cable(4k@120Hz/8K@60Hz) ",Not available,1.0 out of 5 stars,1,out of stock,https://www.amazon.com/GeForce-Graphics-Architecture-DisplayPort-Mytrix_HDMI/dp/B09DJ4BZBN/ref=sr_1_13?dchild=1&keywords=3080+Graphics+Card&qid=1633393847&sr=8-13
"GIGABYTE GeForce RTX 3080 Gaming OC 10G (REV2.0) Graphics Card, 3X WINDFORCE Fans, LHR, 10GB 320-bit GDDR6X, GV-N3080GAMING OC-10GD REV2.0 Video Card ",Not available,5.0 out of 5 stars,1,out of stock,https://www.amazon.com/GIGABYTE-GeForce-Graphics-WINDFORCE-GV-N3080GAMING/dp/B098TZ3RMZ/ref=sr_1_14?dchild=1&keywords=3080+Graphics+Card&qid=1633393847&sr=8-14
"GIGABYTE AORUS GeForce RTX 3080 Ti Xtreme 10G Graphics Card, Max Covered Cooling, 12GB 384-bit GDDR6X, GV-N308TAORUS X-12GD Video Card ",2499.0,3.1 out of 5 stars,3,Only 1 left in stock - order soon.,https://www.amazon.com/Ladybugs-Colors-Anti-Skid-Bedroom-Kitchen/dp/B083HZFK45/ref=sr_1_15?dchild=1&keywords=3080+Graphics+Card&qid=1633393847&sr=8-15
ASUS ROG Strix Gaming GeForce RTX 3080 Ti OC Edition Graphics Card 12GB GDDR6X PCIe 4.0 Axial-tech Fan Design 2.9-Slot Super Alloy Power II 2X HDMI 2.1 3X DisplayPort 1.4a w/ Mytrix_HDMI Cable ,2749.99,,no reviews,Only 4 left in stock - order soon.,https://www.amazon.com/gp/slredirect/picassoRedirect.html/ref=pa_sp_mtf_aps_sr_pg1_1?ie=UTF8&adId=A09229182Z2L5AD7SGQ8A&url=%2FGraphics-Axial-tech-2-9-Slot-DisplayPort-Mytrix_HDMI%2Fdp%2FB09HJS8XQW%2Fref%3Dsr_1_16_sspa%3Fdchild%3D1%26keywords%3D3080%2BGraphics%2BCard%26qid%3D1633393847%26sr%3D8-16-spons%26psc%3D1&qualifier=1633393847&id=1595198391419280&widgetName=sp_mtf
"ASUS ROG Strix LC NVIDIA GeForce RTX 3080 Ti OC Edition Gaming Graphics Card (PCIe 4.0, 12GB GDDR6X, HDMI 2.1, DisplayPort 1.4a, Full-Coverage Cold Plate, 240mm Radiator, 600mm tubing, GPU Tweak II) ",Not available,3.0 out of 5 stars,2,out of stock,https://www.amazon.com/ASUS-Graphics-DisplayPort-Full-Coverage-Radiator/dp/B097NLSLLX/ref=sr_1_17?dchild=1&keywords=3080+Graphics+Card&qid=1633393847&sr=8-17
"GIGABYTE GeForce RTX 3080 Ti Vision OC 12G Graphics Card, 3X WINDFORCE Fans, 12GB 384-bit GDDR6X, GV-N308TVISION OC-12GD Video Card ",Not available,2.6 out of 5 stars,3,out of stock,https://www.amazon.com/Flowers-Ladybirds-Anti-Skid-Bedroom-Kitchen/dp/B083HZF4GV/ref=sr_1_18?dchild=1&keywords=3080+Graphics+Card&qid=1633393847&sr=8-18
MSI Gaming GeForce RTX 3080 Ti 12GB GDRR6X 320-Bit HDMI/DP Nvlink Torx Fan 3 Ampere Architecture OC Graphics Card (RTX 3080 Ti Gaming X Trio 12G) ,Not available,3.8 out of 5 stars,60,out of stock,https://www.amazon.com/MSI-Gaming-RTX-3080-Trio/dp/B095VZ6F73/ref=sr_1_19?dchild=1&keywords=3080+Graphics+Card&qid=1633393847&sr=8-19
"GIGABYTE GeForce RTX 3080 Ti Gaming OC 12G Graphics Card, 3X WINDFORCE Fans, 12GB 384-Bit GDDR6X, GV-N308TGAMING OC-12GD Video Card ",Not available,5.0 out of 5 stars,5,out of stock,https://www.amazon.com/Floral-Carpet-Anti-Skid-Bedroom-Kitchen/dp/B083HZGMWZ/ref=sr_1_20?dchild=1&keywords=3080+Graphics+Card&qid=1633393847&sr=8-20
MSI Gaming GeForce RTX 3080 OC Ventus 3X LHR Graphics Card 10GB GDRR6X 320-Bit PCIe4.0 Torx Fan 3 Ampere Architecture 1 x HDMI 2.1 3 x DisplayPort 1.4a w/ Mytrix_HDMI 2.1 Cable(4k@120Hz/8K@60Hz) ,1799.99,,no reviews,Only 5 left in stock - order soon.,https://www.amazon.com/gp/slredirect/picassoRedirect.html/ref=pa_sp_btf_aps_sr_pg1_1?ie=UTF8&adId=A04186693OOFBC20GVU8Q&url=%2FGeForce-Graphics-Architecture-DisplayPort-Mytrix_HDMI%2Fdp%2FB09GSD7N36%2Fref%3Dsr_1_21_sspa%3Fdchild%3D1%26keywords%3D3080%2BGraphics%2BCard%26qid%3D1633393847%26sr%3D8-21-spons%26psc%3D1&qualifier=1633393847&id=1595198391419280&widgetName=sp_btf
ASUS ROG Strix Gaming GeForce RTX 3080 Ti OC Graphics Card 12GB GDDR6X PCIe 4.0 Axial-tech Fan Design Super Alloy Power II 2X HDMI 2.1 3X DisplayPort 1.4a w/ Mytrix_HDMI 2.1 Cable(4k@120Hz/8K@60Hz) ,2749.99,,no reviews,Only 6 left in stock - order soon.,https://www.amazon.com/gp/slredirect/picassoRedirect.html/ref=pa_sp_btf_aps_sr_pg1_1?ie=UTF8&adId=A09230741PA7S86O0R2NB&url=%2FGeForce-Graphics-Axial-tech-DisplayPort-Mytrix_HDMI%2Fdp%2FB09HJGLC3G%2Fref%3Dsr_1_22_sspa%3Fdchild%3D1%26keywords%3D3080%2BGraphics%2BCard%26qid%3D1633393847%26sr%3D8-22-spons%26psc%3D1&qualifier=1633393847&id=1595198391419280&widgetName=sp_btf
MSI Ventus 3X GeForce RTX 3090 OC Graphics Card 24GB GDRR6X PCIe 4.0 x 16 Nvlink Torx Fan 3.0 Ray Tracing Ampere Architecture DLSS AI Acceleration 3X DisplayPort 1x HDMI 2.1 8K w/ Mytrix_HDMI Cable ,3699.99,3.0 out of 5 stars,2,Only 5 left in stock - order soon.,https://www.amazon.com/gp/slredirect/picassoRedirect.html/ref=pa_sp_atf_aps_sr_pg1_1?ie=UTF8&adId=A09155583T12ILIHM6KLP&url=%2FGraphics-Architecture-Acceleration-DisplayPort-Mytrix_HDMI%2Fdp%2FB09CHC18N9%2Fref%3Dsr_1_1_sspa%3Fdchild%3D1%26keywords%3D3090%2BGraphics%2BCard%26qid%3D1633393848%26sr%3D8-1-spons%26psc%3D1&qualifier=1633393848&id=5026503413331015&widgetName=sp_atf
MSI GeForce RTX 3090 Trio DirectX 12 Graphics Card 24GB 384-Bit GDDR6X PCIe 4.0 HDCP Ready Tri-Frozr 2 Ampere Architecture DisplayPort x 3 (v1.4a) / HDMI 2.1 x 1 w/ Mytrix HDMI Cable ,3499.99,3.4 out of 5 stars,5,Only 1 left in stock - order soon.,https://www.amazon.com/gp/slredirect/picassoRedirect.html/ref=pa_sp_atf_aps_sr_pg1_1?ie=UTF8&adId=A09062462J3N50T8KRA5F&url=%2FGeForce-Graphics-Tri-Frozr-Architecture-DisplayPort%2Fdp%2FB097YZFT5K%2Fref%3Dsr_1_2_sspa%3Fdchild%3D1%26keywords%3D3090%2BGraphics%2BCard%26qid%3D1633393848%26sr%3D8-2-spons%26psc%3D1&qualifier=1633393848&id=5026503413331015&widgetName=sp_atf
"Hougfcyt 3090 Gaming Graphics Card- PCIe 4.0, 24GB GDDR6X, DisplayPort 1.4a, HDMI 2.1, 2.9-Slot, Axial-Tech Fan Design ",1666.0,1.0 out of 5 stars,1,out of stock,https://www.amazon.com/Hougfcyt-Graphics-DisplayPort-2-9-Slot-Axial-Tech/dp/B09FSWZ3HR/ref=sr_1_3?dchild=1&keywords=3090+Graphics+Card&qid=1633393848&sr=8-3
"GIGABYTE AORUS GeForce RTX 3090 Xtreme WATERFORCE WB 24G Graphics Card, WATERFORCE Water Block Cooling System, 24GB 384-bit GDDR6X, GV-N3090AORUSX WB-24GD Video Card ",3499.99,3.4 out of 5 stars,3,Only 1 left in stock - order soon.,https://www.amazon.com/GIGABYTE-GeForce-WATERFORCE-Graphics-GV-N3090AORUSX/dp/B08R5J94WP/ref=sr_1_4?dchild=1&keywords=3090+Graphics+Card&qid=1633393848&sr=8-4
MSI Ventus 3X GeForce RTX 3090 OC Graphics Card 24GB GDRR6X PCIe 4.0 x 16 Nvlink Torx Fan 3.0 Ray Tracing Ampere Architecture DLSS AI Acceleration 3X DisplayPort 1x HDMI 2.1 8K w/ Mytrix_HDMI Cable ,3699.99,3.0 out of 5 stars,2,Only 5 left in stock - order soon.,https://www.amazon.com/Graphics-Architecture-Acceleration-DisplayPort-Mytrix_HDMI/dp/B09CHC18N9/ref=sr_1_5?dchild=1&keywords=3090+Graphics+Card&qid=1633393848&sr=8-5
NVIDIA GeForce RTX 3090 Founders Edition Graphics Card ,2899.99,4.5 out of 5 stars,60,Only 3 left in stock - order soon.,https://www.amazon.com/NVIDIA-RTX-3090-Founders-Graphics/dp/B08HR6ZBYJ/ref=sr_1_6?dchild=1&keywords=3090+Graphics+Card&qid=1633393848&sr=8-6
MSI Ventus 3X GeForce RTX 3090 OC Graphics Card 24GB GDRR6X PCIe 4.0 x 16 Ray Tracing Ampere Architecture DLSS AI Acceleration 3X DisplayPort 1x HDMI 2.1 8K w/ Mytrix_HDMI 2.1 Cable(4k@120Hz/8K@60Hz) ,Not available,no ratings,no reviews,out of stock,https://www.amazon.com/Graphics-Architecture-Acceleration-DisplayPort-Mytrix_HDMI/dp/B09CHF6R2Y/ref=sr_1_7?dchild=1&keywords=3090+Graphics+Card&qid=1633393848&sr=8-7
"ASUS ROG STRIX NVIDIA GeForce RTX 3090 Gaming Graphics Card- PCIe 4.0, 24GB GDDR6X, HDMI 2.1, DisplayPort 1.4a, Axial-Tech Fan Design, 2.9-Slot ",Not available,4.7 out of 5 stars,183,out of stock,https://www.amazon.com/ASUS-Graphics-DisplayPort-Axial-Tech-2-9-Slot/dp/B08J6GMWCQ/ref=sr_1_8?dchild=1&keywords=3090+Graphics+Card&qid=1633393848&sr=8-8
MSI Gaming GeForce RTX 3090 24GB GDRR6X 384-Bit HDMI/DP Nvlink Tri-Frozr 2 Ampere Architecture OC Graphics Card (RTX 3090 GAMING X TRIO 24G) ,Not available,4.3 out of 5 stars,67,out of stock,https://www.amazon.com/MSI-GeForce-Tri-Frozr-Architecture-Graphics/dp/B08HRBW6VB/ref=sr_1_9?dchild=1&keywords=3090+Graphics+Card&qid=1633393848&sr=8-9
MSI GeForce RTX 3090 Trio DirectX 12 Graphics Card 24GB 384-Bit GDDR6X PCIe 4.0 HDCP Ready Tri-Frozr 2 Ampere Architecture DisplayPort x 3 (v1.4a) / HDMI 2.1 x 1 w/ Mytrix HDMI Cable ,3499.99,3.4 out of 5 stars,5,Only 1 left in stock - order soon.,https://www.amazon.com/GeForce-Graphics-Tri-Frozr-Architecture-DisplayPort/dp/B097YZFT5K/ref=sr_1_10?dchild=1&keywords=3090+Graphics+Card&qid=1633393848&sr=8-10
"GIGABYTE Eagle GeForce RTX 3070 Graphics Card Rev2.0 8GB GDDR6 PCIe 4.0 x16, LHR, WINDFORCE 3X Cooling RGB Fusion 2.0, 2X HDMI 2.1 2X DisplayPort 1.4a w/ Mytrix HDMI 2.1 Cable(4k@120Hz/8K@60Hz) ",1249.99,,no reviews,Only 4 left in stock - order soon.,https://www.amazon.com/gp/slredirect/picassoRedirect.html/ref=pa_sp_mtf_aps_sr_pg1_1?ie=UTF8&adId=A09478622Z8RGUQCGYNTT&url=%2FGIGABYTE-GeForce-Graphics-WINDFORCE-DisplayPort%2Fdp%2FB09CS2YXTY%2Fref%3Dsr_1_11_sspa%3Fdchild%3D1%26keywords%3D3090%2BGraphics%2BCard%26qid%3D1633393848%26sr%3D8-11-spons%26psc%3D1&qualifier=1633393848&id=5026503413331015&widgetName=sp_mtf
"ASUS TUF Gaming NVIDIA GeForce RTX 3090 OC Edition Graphics Card- PCIe 4.0, 24GB GDDR6X, HDMI 2.1, DisplayPort 1.4a, Dual Ball Fan Bearings ",Not available,4.4 out of 5 stars,87,out of stock,https://www.amazon.com/ASUS-GeForce-Graphics-DisplayPort-Bearings/dp/B08HJGNJ81/ref=sr_1_12?dchild=1&keywords=3090+Graphics+Card&qid=1633393848&sr=8-12
MSI Gaming GeForce RTX 3090 24GB GDRR6X 384-Bit HDMI/DP Nvlink Torx Fan 3 Ampere Architecture OC Graphics Card (RTX 3090 VENTUS 3X 24G OC) ,Not available,4.4 out of 5 stars,155,out of stock,https://www.amazon.com/MSI-GeForce-RTX-3090-VENTUS/dp/B08HR9D2JS/ref=sr_1_13?dchild=1&keywords=3090+Graphics+Card&qid=1633393848&sr=8-13
"ASUS ROG Strix NVIDIA GeForce RTX 3090 White OC Edition Gaming Graphics Card (PCIe 4.0, 24GB GDDR6X, HDMI 2.1, DisplayPort 1.4a, White Color Scheme, Axial-tech Fan Design, 2.9-Slot, Super Alloy Power ",Not available,4.5 out of 5 stars,22,out of stock,https://www.amazon.com/ASUS-Graphics-DisplayPort-Axial-tech-2-9-Slot/dp/B08R133PYZ/ref=sr_1_14?dchild=1&keywords=3090+Graphics+Card&qid=1633393848&sr=8-14
"GIGABYTE AORUS GeForce RTX 3090 Xtreme WATERFORCE 24G Graphics Card, WATERFORCE All-in-One Cooling System, 24GB 384-bit GDDR6X, GV-N3090AORUSX W-24GD Video Card ",Not available,4.7 out of 5 stars,4,out of stock,https://www.amazon.com/GIGABYTE-GeForce-WATERFORCE-Graphics-GV-N3090AORUSX/dp/B08R5D3374/ref=sr_1_15?dchild=1&keywords=3090+Graphics+Card&qid=1633393848&sr=8-15
"GIGABYTE Eagle GeForce RTX 3070 Graphics Card Rev2.0 8GB GDDR6 PCI Express 4.0 x16, LHR, WINDFORCE 3X Cooling, RGB Fusion 2.0 3D Active Fan, 2X HDMI 2.1 2X DisplayPort 1.4a w/ Mytrix_ HDMI Cable ",1249.99,,no reviews,Only 6 left in stock - order soon.,https://www.amazon.com/gp/slredirect/picassoRedirect.html/ref=pa_sp_mtf_aps_sr_pg1_1?ie=UTF8&adId=A09480181YJMK5LQYK87&url=%2FGIGABYTE-GeForce-Graphics-WINDFORCE-DisplayPort%2Fdp%2FB09CS1BJW9%2Fref%3Dsr_1_16_sspa%3Fdchild%3D1%26keywords%3D3090%2BGraphics%2BCard%26qid%3D1633393848%26sr%3D8-16-spons%26psc%3D1&qualifier=1633393848&id=5026503413331015&widgetName=sp_mtf
"GIGABYTE GeForce RTX 3090 Vision OC 24G Graphics Card, 3X WINDFORCE Fans, 24GB 384-bit GDDR6X, GV-N3090VISION OC-24GD Video Card ",Not available,4.2 out of 5 stars,10,out of stock,https://www.amazon.com/Cartoon-Octopus-Anti-Skid-Bedroom-Kitchen/dp/B083GS45CR/ref=sr_1_17?dchild=1&keywords=3090+Graphics+Card&qid=1633393848&sr=8-17
"Gigabyte GeForce RTX 3090 GAMING OC 24G Graphics Card, 3x WINDFORCE Fans, 24GB 384-Bit GDDR6X, GV-N3090GAMING OC-24GD Video Card ",Not available,3.9 out of 5 stars,18,out of stock,https://www.amazon.com/Gigabyte-Graphics-WINDFORCE-GV-N3090GAMING-OC-24GD/dp/B08HJRF2CN/ref=sr_1_18?dchild=1&keywords=3090+Graphics+Card&qid=1633393848&sr=8-18
"ZOTAC Gaming GeForce RTX 3090 Trinity OC 24GB GDDR6X 384-bit 19.5 Gbps PCIE 4.0 Gaming Graphics Card, IceStorm 2.0 Advanced Cooling, Spectra 2.0 RGB Lighting, ZT-A30900J-10P ",Not available,4.3 out of 5 stars,20,out of stock,https://www.amazon.com/ZOTAC-Graphics-IceStorm-Advanced-ZT-A30900J-10P/dp/B08ZL6XD9H/ref=sr_1_19?dchild=1&keywords=3090+Graphics+Card&qid=1633393848&sr=8-19
"Kdoufper ROG Strix GeForce RTX 3090 Gaming Graphics Card- PCIe 4.0, HDMI 2.1, 24GB GDDR6X, Axial-Tech Fan Design, 2.9-Slot, DisplayPort 1.4a ",1669.0,1.0 out of 5 stars,1,out of stock,https://www.amazon.com/Kdoufper-Graphics-Axial-Tech-2-9-Slot-DisplayPort/dp/B09GFX9BDZ/ref=sr_1_20?dchild=1&keywords=3090+Graphics+Card&qid=1633393848&sr=8-20
"GIGABYTE GeForce RTX 3070 OC REV2.0 Graphics Card 8G 256-bit GDDR6, PCIe 4.0 x16, 3X WINDFORCE Fans, LHR Version, RGB Fusion 2.0, 2X HDMI 2X DisplayPort w/ Mytrix_HDMI 2.1 Cable(4k@120Hz/8K@60Hz) ",1299.99,,no reviews,Only 5 left in stock - order soon.,https://www.amazon.com/gp/slredirect/picassoRedirect.html/ref=pa_sp_btf_aps_sr_pg1_1?ie=UTF8&adId=A0503548LGJX0VS6HBQP&url=%2FGIGABYTE-Graphics-WINDFORCE-DisplayPort-Mytrix_HDMI%2Fdp%2FB09G96CTJ2%2Fref%3Dsr_1_21_sspa%3Fdchild%3D1%26keywords%3D3090%2BGraphics%2BCard%26qid%3D1633393848%26sr%3D8-21-spons%26psc%3D1&qualifier=1633393848&id=5026503413331015&widgetName=sp_btf
"GIGABYTE Eagle GeForce RTX 3060 Ti Rev2.0 Graphics Card 8GB GDDR6 PCI Express 4.0 x16, LHR, WINDFORCE 2X Cooling RGB Fusion 2.0, 2X HDMI 2X DisplayPort w/ Mytrix_ HDMI 2.1 Cable(4k@120Hz/8K@60Hz) ",899.99,,no reviews,Only 6 left in stock - order soon.,https://www.amazon.com/gp/slredirect/picassoRedirect.html/ref=pa_sp_btf_aps_sr_pg1_1?ie=UTF8&adId=A0409709263R8C4NO5RBX&url=%2FGIGABYTE-GeForce-Graphics-WINDFORCE-DisplayPort%2Fdp%2FB09DR6D4MK%2Fref%3Dsr_1_22_sspa%3Fdchild%3D1%26keywords%3D3090%2BGraphics%2BCard%26qid%3D1633393848%26sr%3D8-22-spons%26psc%3D1&qualifier=1633393848&id=5026503413331015&widgetName=sp_btf
ASRock Radeon RX 6900 XT Phantom Gaming D OC Graphics Card 16GB GDDR6 PCIe 4.0 AMD RDNA2 Triple Fan Polychrome SYNC 3X DisplayPort 1.4a DSC 1x HDMI 2.1VRR w/ Mytrix HDMI 2.1 Cable(4k@120Hz/8K@60Hz) ,2079.99,3.2 out of 5 stars,7,Only 1 left in stock - order soon.,https://www.amazon.com/gp/slredirect/picassoRedirect.html/ref=pa_sp_atf_aps_sr_pg1_1?ie=UTF8&adId=A01968767QFB4R224PK3&url=%2FASRock-Phantom-Graphics-Polychrome-DisplayPort%2Fdp%2FB093NBMV17%2Fref%3Dsr_1_1_sspa%3Fdchild%3D1%26keywords%3DRadeon%2BRX%2B6900%2BXT%26qid%3D1633393849%26sr%3D8-1-spons%26psc%3D1&qualifier=1633393849&id=8602805413703762&widgetName=sp_atf
"GIGABYTE Eagle GeForce RTX 3070 Graphics Card Rev2.0 8GB GDDR6 PCI Express 4.0 x16, LHR, WINDFORCE 3X Cooling, RGB Fusion 2.0 3D Active Fan, 2X HDMI 2.1 2X DisplayPort 1.4a w/ Mytrix_ HDMI Cable ",1249.99,,no reviews,Only 6 left in stock - order soon.,https://www.amazon.com/gp/slredirect/picassoRedirect.html/ref=pa_sp_atf_aps_sr_pg1_1?ie=UTF8&adId=A09480181YJMK5LQYK87&url=%2FGIGABYTE-GeForce-Graphics-WINDFORCE-DisplayPort%2Fdp%2FB09CS1BJW9%2Fref%3Dsr_1_2_sspa%3Fdchild%3D1%26keywords%3DRadeon%2BRX%2B6900%2BXT%26qid%3D1633393849%26sr%3D8-2-spons%26psc%3D1&qualifier=1633393849&id=8602805413703762&widgetName=sp_atf
MSI Gaming Radeon RX 6900 XT Boost Clock Up to 2340 MHz 256-bit 16GB GDDR6 DP/HDMI Triple Torx 4.0 Fans FreeSync DirectX 12 VR Ready RGB Graphics Card (RX 6900 XT Gaming X Trio 16G) ,2089.0,3.7 out of 5 stars,11,out of stock,https://www.amazon.com/MSI-Gaming-6900-Trio-16G/dp/B08W2GPR62/ref=sr_1_3?dchild=1&keywords=Radeon+RX+6900+XT&qid=1633393849&sr=8-3
AMD Radeon RX 6900 XT ,2119.99,3.3 out of 5 stars,6,out of stock,https://www.amazon.com/AMD-Radeon-RX-6900-XT/dp/B08R6M3JPS/ref=sr_1_4?dchild=1&keywords=Radeon+RX+6900+XT&qid=1633393849&sr=8-4
Sapphire Technology Nitro+ AMD Radeon RX 6900 XT Special Edition PCIe 4.0 Gaming Graphics Card with 16GB GDDR6 (11308-03-20G) ,1845.0,4.4 out of 5 stars,10,Only 3 left in stock - order soon.,https://www.amazon.com/Sapphire-Technology-Special-Graphics-11308-03-20G/dp/B094DYSQQL/ref=sr_1_5?dchild=1&keywords=Radeon+RX+6900+XT&qid=1633393849&sr=8-5
"ASUS TUF Gaming AMD Radeon RX 6900 XT OC Edition Graphics Card (PCIe 4.0, 16GB GDDR6, HDMI 2.1, DisplayPort 1.4a, Dual Ball Fan Bearings, All-Aluminum Shroud, Reinforced Frame, GPU Tweak II) ",Not available,4.8 out of 5 stars,14,out of stock,https://www.amazon.com/ASUS-Graphics-DisplayPort-All-Aluminum-Reinforced/dp/B08R81J62G/ref=sr_1_6?dchild=1&keywords=Radeon+RX+6900+XT&qid=1633393849&sr=8-6
Sapphire Technology 11308-01-20G Nitro+ AMD Radeon RX 6900 XT PCIe 4.0 Gaming Graphics Card with 16GB GDDR6 ,1829.99,3.9 out of 5 stars,32,Only 4 left in stock - order soon.,https://www.amazon.com/Sapphire-Technology-11308-01-20G-Radeon-Graphics/dp/B08QQFW9YS/ref=sr_1_7?dchild=1&keywords=Radeon+RX+6900+XT&qid=1633393849&sr=8-7
"GIGABYTE AORUS Radeon RX 6900 XT Master 16G Graphics Card, MAX-Covered Cooling, 16GB 256-bit GDDR6, GV-R69XTAORUS M-16GD Video Card ",2029.0,no ratings,no reviews,Only 8 left in stock - order soon.,https://www.amazon.com/GIGABYTE-Graphics-MAX-Covered-GV-R69XTAORUS-M-16GD/dp/B083HZ3M1X/ref=sr_1_8?dchild=1&keywords=Radeon+RX+6900+XT&qid=1633393849&sr=8-8
MSI Gaming Radeon RX 6900 XT Gaming Z Trio 16G 16GB GDDR6 256-Bit HDMI/DP Nvlink Torx Fan 4 AMD Graphics Card (RX 6900 XT Gaming Z Trio 16G) ,1899.99,,no reviews,Only 5 left in stock - order soon.,https://www.amazon.com/MSI-Radeon-RX-6900-16G/dp/B096M7NPNP/ref=sr_1_9?dchild=1&keywords=Radeon+RX+6900+XT&qid=1633393849&sr=8-9
"PowerColor Red Devil AMD Radeon RX 6900 XT Ultimate Gaming Graphics Card with 16GB GDDR6 Memory, Powered by AMD RDNA 2, HDMI 2.1 ",1799.99,3.7 out of 5 stars,15,out of stock,https://www.amazon.com/PowerColor-Radeon-Ultimate-Graphics-Powered/dp/B09258PCFS/ref=sr_1_10?dchild=1&keywords=Radeon+RX+6900+XT&qid=1633393849&sr=8-10
"GIGABYTE Eagle GeForce RTX 3070 Graphics Card Rev2.0 8GB GDDR6 PCIe 4.0 x16, LHR, WINDFORCE 3X Cooling RGB Fusion 2.0, 2X HDMI 2.1 2X DisplayPort 1.4a w/ Mytrix HDMI 2.1 Cable(4k@120Hz/8K@60Hz) ",1249.99,,no reviews,Only 4 left in stock - order soon.,https://www.amazon.com/gp/slredirect/picassoRedirect.html/ref=pa_sp_mtf_aps_sr_pg1_1?ie=UTF8&adId=A09478622Z8RGUQCGYNTT&url=%2FGIGABYTE-GeForce-Graphics-WINDFORCE-DisplayPort%2Fdp%2FB09CS2YXTY%2Fref%3Dsr_1_11_sspa%3Fdchild%3D1%26keywords%3DRadeon%2BRX%2B6900%2BXT%26qid%3D1633393849%26sr%3D8-11-spons%26psc%3D1&qualifier=1633393849&id=8602805413703762&widgetName=sp_mtf
ASRock Radeon RX 6900 XT Phantom Gaming D Overclocked Graphics Card 16GB GDDR6 PCIe 4.0 AMD RDNA2 Triple Fan Polychrome SYNC 3X DisplayPort 1.4a DSC 1x HDMI 2.1VRR w/ Mytrix HDMI Cable ,Not available,3.3 out of 5 stars,2,out of stock,https://www.amazon.com/Phantom-Overclocked-Graphics-Polychrome-DisplayPort/dp/B093N3Q96N/ref=sr_1_12?dchild=1&keywords=Radeon+RX+6900+XT&qid=1633393849&sr=8-12
"XFX Speedster MERC319 AMD Radeon RX 6900 XT Black Gaming Graphics Card with 16GB GDDR6, HDMI 2,1, 2xDP, USB-C, AMD RDNA 2 RX-69XTACBD9 ",1699.99,4.1 out of 5 stars,54,Only 19 left in stock - order soon.,https://www.amazon.com/XFX-Speedster-MERC319-Graphics-RX-69XTACBD9/dp/B08SVZNFWR/ref=sr_1_13?dchild=1&keywords=Radeon+RX+6900+XT&qid=1633393849&sr=8-13
"PowerColor Red Devil AMD Radeon RX 6900 XT Gaming Graphics Card with 16GB GDDR6 Memory, Powered by AMD RDNA 2, Raytracing, PCI Express 4.0, HDMI 2.1, AMD Infinity Cache ",1699.99,4.2 out of 5 stars,65,out of stock,https://www.amazon.com/PowerColor-Graphics-Powered-Raytracing-Infinity/dp/B08Q2R71CS/ref=sr_1_14?dchild=1&keywords=Radeon+RX+6900+XT&qid=1633393849&sr=8-14
"XFX Speedster MERC319 AMD Radeon RX 6900 XT Ultra Gaming Graphics Card with 16GB GDDR6, HDMI 2,1, 2xDP, USB-C, AMD RDNA 2 RX-69XTACUD9 ",Not available,4.2 out of 5 stars,11,out of stock,https://www.amazon.com/XFX-Speedster-MERC319-Graphics-RX-69XTACUD9/dp/B08Q9SCPGD/ref=sr_1_15?dchild=1&keywords=Radeon+RX+6900+XT&qid=1633393849&sr=8-15
"GIGABYTE GeForce RTX 3070 OC REV2.0 Graphics Card 8G 256-bit GDDR6, PCIe 4.0 x16, 3X WINDFORCE Fans, LHR Version, RGB Fusion 2.0, 2X HDMI 2X DisplayPort w/ Mytrix HDMI 2.1 Cable(4k@120Hz/8K@60Hz) ",1299.99,1.0 out of 5 stars,3,Only 6 left in stock - order soon.,https://www.amazon.com/gp/slredirect/picassoRedirect.html/ref=pa_sp_mtf_aps_sr_pg1_1?ie=UTF8&adId=A03907783RDRZK4P37775&url=%2FGIGABYTE-GeForce-Graphics-WINDFORCE-DisplayPort%2Fdp%2FB09B1DGRH4%2Fref%3Dsr_1_16_sspa%3Fdchild%3D1%26keywords%3DRadeon%2BRX%2B6900%2BXT%26qid%3D1633393849%26sr%3D8-16-spons%26psc%3D1&qualifier=1633393849&id=8602805413703762&widgetName=sp_mtf
"ASUS ROG Strix LC AMD Radeon RX 6900 XT TOP Edition Gaming Graphics Card (AMD RDNA 2, PCIe 4.0, 16GB GDDR6, HDMI 2.1, DisplayPort 1.4a, Full-coverage cold plate, 240mm radiator, 600mm tubing) ",2397.83,4.6 out of 5 stars,3,Only 3 left in stock - order soon.,https://www.amazon.com/ASUS-Graphics-DisplayPort-Full-coverage-radiator/dp/B0966YJGLT/ref=sr_1_17?dchild=1&keywords=Radeon+RX+6900+XT&qid=1633393849&sr=8-17
"PowerColor Liquid Devil AMD Radeon RX 6900 XT Ultimate Gaming Graphics Card with 16GB GDDR6 Memory, Powered by AMD RDNA 2, HDMI 2.1 ",2299.99,5.0 out of 5 stars,1,out of stock,https://www.amazon.com/PowerColor-Liquid-Ultimate-Graphics-Powered/dp/B09257F463/ref=sr_1_18?dchild=1&keywords=Radeon+RX+6900+XT&qid=1633393849&sr=8-18
ASRock Radeon RX 6900 XT Phantom Gaming D OC Graphics Card 16GB GDDR6 PCIe 4.0 AMD RDNA2 Triple Fan Polychrome SYNC 3X DisplayPort 1.4a DSC 1x HDMI 2.1VRR w/ Mytrix HDMI 2.1 Cable(4k@120Hz/8K@60Hz) ,2079.99,3.2 out of 5 stars,7,Only 1 left in stock - order soon.,https://www.amazon.com/ASRock-Phantom-Graphics-Polychrome-DisplayPort/dp/B093NBMV17/ref=sr_1_19?dchild=1&keywords=Radeon+RX+6900+XT&qid=1633393849&sr=8-19
XFX Speedster MERC319 AMD Radeon RX 6800 XT CORE Gaming Graphics Card with 16GB GDDR6 HDMI 3xDP RX-68XTALFD9 ,1499.99,4.2 out of 5 stars,38,out of stock,https://www.amazon.com/XFX-Speedster-MERC319-Graphics-RX-68XTALFD9/dp/B08TJ2BHCQ/ref=sr_1_20?dchild=1&keywords=Radeon+RX+6900+XT&qid=1633393849&sr=8-20
XFX Radeon Rx Vega 56 8GB 3xDP HDMI Graphic Cards RX-VEGMLBFX6 (Renewed) ,999.99,2.0 out of 5 stars,1,Only 1 left in stock - order soon.,https://www.amazon.com/gp/slredirect/picassoRedirect.html/ref=pa_sp_btf_aps_sr_pg1_1?ie=UTF8&adId=A02148299C4UUKF2JUX&url=%2FXFX-Radeon-Graphic-RX-VEGMLBFX6-Renewed%2Fdp%2FB094YXHS1W%2Fref%3Dsr_1_21_sspa%3Fdchild%3D1%26keywords%3DRadeon%2BRX%2B6900%2BXT%26qid%3D1633393849%26sr%3D8-21-spons%26psc%3D1&qualifier=1633393849&id=8602805413703762&widgetName=sp_btf
"Gigabyte GeForce RTX 3070 OC Edition Graphics Card 8GB 256-bit GDDR6 PCI Express 4.0, Protection Metal Back Plate 3X WINDFORCE Fans 2X HDMI 2.1 2X DisplayPort 1.4a w/ Mytrix_HDMI Cable ",1609.99,,no reviews,Only 6 left in stock - order soon.,https://www.amazon.com/gp/slredirect/picassoRedirect.html/ref=pa_sp_btf_aps_sr_pg1_1?ie=UTF8&adId=A071978539SLPVTL6FIKC&url=%2FGigabyte-Protection-WINDFORCE-DisplayPort-Mytrix_HDMI%2Fdp%2FB09DR8C9B8%2Fref%3Dsr_1_22_sspa%3Fdchild%3D1%26keywords%3DRadeon%2BRX%2B6900%2BXT%26qid%3D1633393849%26sr%3D8-22-spons%26psc%3D1%26smid%3DA1Z8HN9APE8NTZ&qualifier=1633393849&id=8602805413703762&widgetName=sp_btf
XFX Radeon Rx Vega 56 8GB 3xDP HDMI Graphic Cards RX-VEGMLBFX6 (Renewed) ,999.99,2.0 out of 5 stars,1,Only 1 left in stock - order soon.,https://www.amazon.com/gp/slredirect/picassoRedirect.html/ref=pa_sp_atf_aps_sr_pg1_1?ie=UTF8&adId=A02148299C4UUKF2JUX&url=%2FXFX-Radeon-Graphic-RX-VEGMLBFX6-Renewed%2Fdp%2FB094YXHS1W%2Fref%3Dsr_1_1_sspa%3Fdchild%3D1%26keywords%3Dradeon%2Brx%2B6800xt%26qid%3D1633393850%26sr%3D8-1-spons%26psc%3D1&qualifier=1633393850&id=5616857802422762&widgetName=sp_atf
XFX Speedster MERC319 Radeon RX 6800XT Black 16GB GDDR6 HDMI DisplayPort USB-C PCIe 4.0 Gaming Graphics Card RX-68XTACBD9 ,1499.99,4.7 out of 5 stars,70,out of stock,https://www.amazon.com/XFX-Speedster-DisplayPort-Graphics-RX-68XTACBD9/dp/B08NX14LV1/ref=sr_1_2?dchild=1&keywords=radeon+rx+6800xt&qid=1633393850&sr=8-2
XFX Speedster MERC319 AMD Radeon RX 6800 XT CORE Gaming Graphics Card with 16GB GDDR6 HDMI 3xDP RX-68XTALFD9 ,1499.99,4.2 out of 5 stars,38,out of stock,https://www.amazon.com/XFX-Speedster-MERC319-Graphics-RX-68XTALFD9/dp/B08TJ2BHCQ/ref=sr_1_3?dchild=1&keywords=radeon+rx+6800xt&qid=1633393850&sr=8-3
"PowerColor Red Devil AMD Radeon RX 6800 XT Gaming Graphics Card with 16GB GDDR6 Memory, Powered by AMD RDNA 2, Raytracing, PCI Express 4.0, HDMI 2.1, AMD Infinity Cache ",1489.99,4.3 out of 5 stars,60,out of stock,https://www.amazon.com/PowerColor-Graphics-Powered-Raytracing-Infinity/dp/B08T9H18TJ/ref=sr_1_4?dchild=1&keywords=radeon+rx+6800xt&qid=1633393850&sr=8-4
"GIGABYTE AMD Radeon RX 6800 XT Gaming OC 16G Graphics Card, 16GB of GDDR6 Memory, Powered by AMD RDNA 2, HDMI 2.1, WINDFORCE 3X Cooling System, GV-R68XTGAMING OC-16GD ",Not available,4.4 out of 5 stars,19,out of stock,https://www.amazon.com/GIGABYTE-Graphics-Powered-WINDFORCE-GV-R68XTGAMING/dp/B08PFX6PZ6/ref=sr_1_5?dchild=1&keywords=radeon+rx+6800xt&qid=1633393850&sr=8-5
"ASUS TUF Gaming AMD Radeon RX 6800 XT OC Edition Graphics Card (PCIe 4.0, 16GB GDDR6, HDMI 2.1, DisplayPort 1.4a, Dual Ball Fan Bearings, All-Aluminum Shroud, Reinforced Frame, GPU Tweak II) ",1649.95,4.0 out of 5 stars,12,Only 10 left in stock - order soon.,https://www.amazon.com/ASUS-Graphics-DisplayPort-All-Aluminum-Reinforced/dp/B08P3ZN62G/ref=sr_1_6?dchild=1&keywords=radeon+rx+6800xt&qid=1633393850&sr=8-6
"AORUS Radeon RX 6800 XT Master 16G Graphics Card, MAX-Covered Cooling, 16GB 256-bit GDDR6, GV-R68XTAORUS M-16GD Video Card ",Not available,5.0 out of 5 stars,4,out of stock,https://www.amazon.com/Beautiful-African-Anti-Skid-Bedroom-Kitchen/dp/B083GT6Q25/ref=sr_1_7?dchild=1&keywords=radeon+rx+6800xt&qid=1633393850&sr=8-7
MSI Gaming Radeon RX 6800 XT 16GB GDRR6 256-Bit HDMI/DP 2285 MHz RDNA 2 Architecture OC Graphics Card (RX 6800 XT Gaming X Trio 16G) ,Not available,4.3 out of 5 stars,37,out of stock,https://www.amazon.com/MSI-Radeon-6800-Architecture-16G/dp/B08RJ6YBH5/ref=sr_1_8?dchild=1&keywords=radeon+rx+6800xt&qid=1633393850&sr=8-8
"ASUS ROG Strix LC AMD Radeon RX 6800 XT OC Edition Gaming Graphics Card ( PCIe 4.0, 16GB GDDR6, HDMI 2.1, DisplayPort 1.4a, Full-Coverage Cold Plate, 240mm Radiator, 600mm tubing, GPU Tweak II) ",1899.99,4.7 out of 5 stars,5,Only 3 left in stock - order soon.,https://www.amazon.com/ASUS-Graphics-DisplayPort-Full-Coverage-Radiator/dp/B08NWHKGS9/ref=sr_1_9?dchild=1&keywords=radeon+rx+6800xt&qid=1633393850&sr=8-9
"GIGABYTE GeForce RTX 3070 OC REV2.0 Graphics Card 8G 256-bit GDDR6, PCIe 4.0 x16, 3X WINDFORCE Fans, LHR Version, RGB Fusion 2.0, 2X HDMI 2X DisplayPort w/ Mytrix HDMI 2.1 Cable(4k@120Hz/8K@60Hz) ",1299.99,1.0 out of 5 stars,3,Only 6 left in stock - order soon.,https://www.amazon.com/gp/slredirect/picassoRedirect.html/ref=pa_sp_mtf_aps_sr_pg1_1?ie=UTF8&adId=A03907783RDRZK4P37775&url=%2FGIGABYTE-GeForce-Graphics-WINDFORCE-DisplayPort%2Fdp%2FB09B1DGRH4%2Fref%3Dsr_1_10_sspa%3Fdchild%3D1%26keywords%3Dradeon%2Brx%2B6800xt%26qid%3D1633393850%26sr%3D8-10-spons%26psc%3D1&qualifier=1633393850&id=5616857802422762&widgetName=sp_mtf
XFX Speedster QICK319 AMD Radeon RX 6800 Black Gaming Graphics Card with 16GB GDDR6 HDMI 3xDP RX-68XLALBD9 ,Not available,5.0 out of 5 stars,10,out of stock,https://www.amazon.com/XFX-Speedster-QICK319-Graphics-RX-68XLALBD9/dp/B08THKRCSR/ref=sr_1_11?dchild=1&keywords=radeon+rx+6800xt&qid=1633393850&sr=8-11
Sapphire 11304-03-20G Pulse AMD Radeon RX 6800 XT PCIe 4.0 Gaming Graphics Card with 16GB GDDR6 ,1799.99,5.0 out of 5 stars,5,Only 2 left in stock - order soon.,https://www.amazon.com/Sapphire-11304-03-20G-Radeon-Gaming-Graphics/dp/B08NXYNLMR/ref=sr_1_12?dchild=1&keywords=radeon+rx+6800xt&qid=1633393850&sr=8-12
"PowerColor Red Dragon AMD Radeon RX 6800 Gaming Graphics Card with 16GB GDDR6 Memory, Powered by AMD RDNA 2, Raytracing, PCI Express 4.0, HDMI 2.1, AMD Infinity Cache ",Not available,4.2 out of 5 stars,38,out of stock,https://www.amazon.com/PowerColor-Graphics-Powered-Raytracing-Infinity/dp/B08P2C8XXH/ref=sr_1_13?dchild=1&keywords=radeon+rx+6800xt&qid=1633393850&sr=8-13
Sapphire 11305-02-20G Pulse AMD Radeon RX 6800 PCIe 4.0 Gaming Graphics Card with 16GB GDDR6 ,Not available,4.6 out of 5 stars,13,out of stock,https://www.amazon.com/Sapphire-11305-02-20G-Radeon-Gaming-Graphics/dp/B08NXYBVDB/ref=sr_1_14?dchild=1&keywords=radeon+rx+6800xt&qid=1633393850&sr=8-14
ASRock Radeon RX 6900 XT Phantom Gaming D OC Graphics Card 16GB GDDR6 PCIe 4.0 AMD RDNA2 Triple Fan Polychrome SYNC 3X DisplayPort 1.4a DSC 1x HDMI 2.1VRR w/ Mytrix HDMI 2.1 Cable(4k@120Hz/8K@60Hz) ,2079.99,3.2 out of 5 stars,7,Only 1 left in stock - order soon.,https://www.amazon.com/gp/slredirect/picassoRedirect.html/ref=pa_sp_mtf_aps_sr_pg1_1?ie=UTF8&adId=A069995726V30QZ7F3H8D&url=%2FASRock-Phantom-Graphics-Polychrome-DisplayPort%2Fdp%2FB093NBMV17%2Fref%3Dsr_1_15_sspa%3Fdchild%3D1%26keywords%3Dradeon%2Brx%2B6800xt%26qid%3D1633393850%26sr%3D8-15-spons%26psc%3D1&qualifier=1633393850&id=5616857802422762&widgetName=sp_mtf
"ASUS TUF Gaming AMD Radeon RX 6800 OC Edition Graphics Card (PCIe 4.0, 16GB GDDR6, HDMI 2.1, DisplayPort 1.4a, Dual Ball Fan Bearings, All-Aluminum Shroud, Reinforced Frame, GPU Tweak II) ",Not available,4.2 out of 5 stars,19,out of stock,https://www.amazon.com/ASUS-Graphics-DisplayPort-All-Aluminum-Reinforced/dp/B08P3YT3MY/ref=sr_1_16?dchild=1&keywords=radeon+rx+6800xt&qid=1633393850&sr=8-16
"PowerColor Red Devil AMD Radeon RX 6600 XT Gaming Graphics Card with 8GB GDDR6 Memory, Powered by AMD RDNA 2, HDMI 2.1 ",Not available,5.0 out of 5 stars,2,out of stock,https://www.amazon.com/PowerColor-Radeon-Gaming-Graphics-Powered/dp/B09BWR9J1M/ref=sr_1_17?dchild=1&keywords=radeon+rx+6800xt&qid=1633393850&sr=8-17
"Sapphire Technology Nitro+ AMD Radeon RX 6700 XT Gaming Graphics Card with 12GB GDDR6, AMD RDNA 2 (11306-01-20G) ",Not available,4.4 out of 5 stars,25,out of stock,https://www.amazon.com/Sapphire-Technology-Radeon-Graphics-11306-01-20G/dp/B08YN79ZW2/ref=sr_1_18?dchild=1&keywords=radeon+rx+6800xt&qid=1633393850&sr=8-18
"PowerColor Red Devil AMD Radeon RX 6700 XT Gaming Graphics Card with 12GB GDDR6 Memory, Powered by AMD RDNA 2, Raytracing, PCI Express 4.0, HDMI 2.1, AMD Infinity Cache ",849.99,4.4 out of 5 stars,158,out of stock,https://www.amazon.com/PowerColor-Graphics-Powered-Raytracing-Infinity/dp/B08Y934HZQ/ref=sr_1_19?dchild=1&keywords=radeon+rx+6800xt&qid=1633393850&sr=8-19
"Gigabyte GeForce RTX 3070 OC Edition Graphics Card 8GB 256-bit GDDR6 PCI Express 4.0, Protection Metal Back Plate 3X WINDFORCE Fans 2X HDMI 2.1 2X DisplayPort 1.4a w/ Mytrix_HDMI Cable ",1609.99,,no reviews,Only 6 left in stock - order soon.,https://www.amazon.com/gp/slredirect/picassoRedirect.html/ref=pa_sp_btf_aps_sr_pg1_1?ie=UTF8&adId=A071978539SLPVTL6FIKC&url=%2FGigabyte-Protection-WINDFORCE-DisplayPort-Mytrix_HDMI%2Fdp%2FB09DR8C9B8%2Fref%3Dsr_1_20_sspa%3Fdchild%3D1%26keywords%3Dradeon%2Brx%2B6800xt%26qid%3D1633393850%26sr%3D8-20-spons%26psc%3D1%26smid%3DA1Z8HN9APE8NTZ&qualifier=1633393850&id=5616857802422762&widgetName=sp_btf
"Gigabyte GeForce RTX 3070 OC Graphics Card, 8GB 256-bit GDDR6, PCI Express 4.0, 3X WINDFORCE Fans, Protection Metal Back Plate, 2 x HDMI 2.1 2 x DisplayPort 1.4a w/ Mytrix HDMI Cable ",1609.99,3.9 out of 5 stars,16,Only 5 left in stock - order soon.,https://www.amazon.com/gp/slredirect/picassoRedirect.html/ref=pa_sp_btf_aps_sr_pg1_1?ie=UTF8&adId=A04565091BN5LYDYJEFH3&url=%2FGigabyte-Graphics-WINDFORCE-Protection-DisplayPort%2Fdp%2FB08WJJNT2R%2Fref%3Dsr_1_21_sspa%3Fdchild%3D1%26keywords%3Dradeon%2Brx%2B6800xt%26qid%3D1633393850%26sr%3D8-21-spons%26psc%3D1&qualifier=1633393850&id=5616857802422762&widgetName=sp_btf
ASUS TUF Gaming GeForce RTX 3080 Ti OC Graphics Card 12GB GDDR6X PCIe 4.0  Dual Ball Fan Bearings Axial-Tech Fan Design 2X HDMI 2.1 3X DisplayPort 1.4a w/ Mytrix HDMI 2.1 Cable(4k@120Hz/8K@60Hz) ,2549.99,1.0 out of 5 stars,1,Only 1 left in stock - order soon.,https://www.amazon.com/gp/slredirect/picassoRedirect.html/ref=pa_sp_btf_aps_sr_pg1_1?ie=UTF8&adId=A0395402I2XMM1XI597P&url=%2FGeForce-Graphics-Bearings-Axial-Tech-DisplayPort%2Fdp%2FB097NF8LZ7%2Fref%3Dsr_1_22_sspa%3Fdchild%3D1%26keywords%3Dradeon%2Brx%2B6800xt%26qid%3D1633393850%26sr%3D8-22-spons%26psc%3D1&qualifier=1633393850&id=5616857802422762&widgetName=sp_btf
